order_id,order_date,region,category,sub_category,product_name,customer_id,customer_segment,quantity,unit_price,discount_pct,sales,profit,customer_age,channel
ORD-100000,11-06-2023,North,Apparel,Accessories,Apparel Accessories,5184,At Risk,1,38.84,0.023,37.95,10.93,46,Retail
ORD-100001,12-02-2024,North,Apparel,Footwear,Apparel Footwear,3660,VIP,4,65.45,0.0577,246.7,89.29,56,Retail
ORD-100002,07-12-2024,North,Apparel,Jackets,Apparel Jackets,2167,VIP,6,113.34,0.0654,635.59,261.99,41,Online
ORD-100003,18-07-2023,Central,Furniture,Chair,Furniture Chair,1779,New,4,115.14,0.0254,448.85,156.23,25,Online
ORD-100004,23-08-2024,West,Apparel,Jackets,Apparel Jackets,2729,Regular,7,156.5,0.0671,1021.97,347.02,45,Wholesale
ORD-100005,05-07-2023,South,Apparel,Accessories,Apparel Accessories,1838,Regular,1,42.91,0.0588,40.38,13.42,49,Retail
ORD-100006,31-12-2022,North,Office Supplies,Stationery,Office Supplies Stationery,3620,New,3,62.92,0.077,174.23,43.13,67,Online
ORD-100007,31-10-2023,East,Office Supplies,Paper,Office Supplies Paper,4985,VIP,7,101.28,0.0862,647.82,228.92,56,Retail
ORD-100008,25-08-2023,West,Electronics,Accessories,Electronics Accessories,5177,New,4,109.23,0.0578,411.66,82.76,38,Online
ORD-100009,26-12-2024,South,Apparel,Jackets,Apparel Jackets,2595,VIP,4,213.84,0.0647,799.99,162.51,43,Wholesale
ORD-100010,31-08-2022,North,Furniture,Storage,Furniture Storage,4475,Regular,6,55.35,0.0212,325.06,107.45,28,Retail
ORD-100011,12-04-2022,North,Office Supplies,Binders,Office Supplies Binders,1249,Regular,6,118.8,0.0633,667.71,147.53,36,Wholesale
ORD-100012,21-02-2023,Central,Office Supplies,Ink,Office Supplies Ink,1136,Regular,3,211.71,0.0206,622.04,185.22,43,Wholesale
ORD-100013,23-07-2023,North,Office Supplies,Binders,Office Supplies Binders,2989,New,7,124.13,0.0276,844.92,180.53,36,Retail
ORD-100014,17-03-2024,South,Electronics,Phone,Electronics Phone,4956,New,2,165.4,0.0756,305.78,57.79,28,Retail
ORD-100015,22-09-2024,East,Furniture,Desk,Furniture Desk,2902,VIP,7,210.58,0.0757,1362.47,299.07,48,Online
ORD-100016,05-04-2025,South,Furniture,Lighting,Furniture Lighting,5491,At Risk,1,198.16,0.0375,190.74,64.62,41,Retail
ORD-100017,15-06-2024,Central,Electronics,Phone,Electronics Phone,6620,New,1,68.19,0.1313,59.24,19.18,57,Wholesale
ORD-100018,08-01-2023,North,Electronics,Tablet,Electronics Tablet,6830,VIP,3,120.15,0.0352,347.75,119.15,70,Online
ORD-100019,13-04-2024,South,Office Supplies,Stationery,Office Supplies Stationery,2198,Regular,3,180.82,0.0955,490.65,197.54,25,Retail
ORD-100020,10-08-2023,Central,Furniture,Chair,Furniture Chair,6733,VIP,3,77.29,0.0335,224.1,46.03,57,Online
ORD-100021,05-03-2025,West,Furniture,Chair,Furniture Chair,6598,Regular,2,180.87,0.0152,356.24,135.04,33,Wholesale
ORD-100022,29-09-2023,East,Electronics,Tablet,Electronics Tablet,6206,Regular,7,140.62,0.029,955.77,371.03,34,Retail
ORD-100023,11-10-2022,East,Electronics,Tablet,Electronics Tablet,5899,VIP,6,41.06,0.0208,241.23,61.39,68,Online
ORD-100024,18-07-2022,Central,Apparel,Accessories,Apparel Accessories,1921,New,5,43.1,0.0477,205.22,66.06,47,Wholesale
ORD-100025,17-01-2023,Central,Furniture,Lighting,Furniture Lighting,6250,Regular,6,190.23,0.0333,1103.37,349.87,69,Retail
ORD-100026,25-03-2023,South,Electronics,Laptop,Electronics Laptop,1610,Regular,7,186.69,0.1187,1151.73,456.82,33,Wholesale
ORD-100027,24-07-2024,South,Apparel,Accessories,Apparel Accessories,5673,Regular,5,46.91,0.0324,226.94,61.82,55,Retail
ORD-100028,17-06-2022,South,Furniture,Chair,Furniture Chair,3501,Regular,2,66.51,0.0177,130.66,45.02,33,Online
ORD-100029,04-01-2025,West,Apparel,Accessories,Apparel Accessories,2970,Regular,6,127.09,0.108,680.2,225.76,24,Online
ORD-100030,31-08-2022,North,Office Supplies,Paper,Office Supplies Paper,6164,VIP,4,46.42,0.068,173.05,70.02,57,Online
ORD-100031,19-08-2024,Central,Apparel,Shirts,Apparel Shirts,5695,Regular,4,179.02,0.0431,685.19,224.66,29,Online
ORD-100032,18-11-2023,North,Office Supplies,Paper,Office Supplies Paper,4135,Regular,5,172.78,0.1386,744.18,155.34,61,Online
ORD-100033,29-02-2024,West,Electronics,Tablet,Electronics Tablet,5645,Regular,7,154.25,0.0966,975.46,260.84,48,Online
ORD-100034,27-06-2022,South,Electronics,Accessories,Electronics Accessories,3627,At Risk,4,96.66,0.1442,330.9,97.63,28,Retail
ORD-100035,11-05-2024,West,Apparel,Shirts,Apparel Shirts,1710,At Risk,3,190.11,0.0323,551.9,100.97,25,Retail
ORD-100036,21-12-2022,West,Apparel,Jackets,Apparel Jackets,3653,Regular,3,80.39,0.0791,222.09,84.58,23,Online
ORD-100037,09-03-2024,West,Apparel,Shirts,Apparel Shirts,1542,VIP,5,199.41,0.0848,912.49,207.65,21,Wholesale
ORD-100038,13-02-2022,South,Office Supplies,Stationery,Office Supplies Stationery,1309,New,2,141.19,0.0532,267.35,99.52,70,Wholesale
ORD-100039,17-04-2024,North,Apparel,Footwear,Apparel Footwear,1240,VIP,4,60.36,0.1392,207.82,74.05,23,Online
ORD-100040,01-05-2024,North,Furniture,Chair,Furniture Chair,4669,At Risk,6,30.9,0.028,180.21,39.93,39,Online
ORD-100041,22-03-2025,West,Electronics,Tablet,Electronics Tablet,5704,Regular,4,147.28,0.0498,559.78,178.42,48,Wholesale
ORD-100042,02-02-2025,South,Office Supplies,Ink,Office Supplies Ink,4050,New,4,100.81,0.1359,348.46,88.21,52,Retail
ORD-100043,01-02-2024,West,Office Supplies,Ink,Office Supplies Ink,3452,Regular,2,63.53,0.0088,125.94,37,28,Online
ORD-100044,10-11-2023,North,Office Supplies,Ink,Office Supplies Ink,4887,VIP,4,150.49,0.0629,564.11,186.29,47,Retail
ORD-100045,03-06-2024,Central,Office Supplies,Stationery,Office Supplies Stationery,6526,At Risk,1,120.73,0.047,115.06,34.36,23,Online
ORD-100046,07-10-2024,North,Electronics,Accessories,Electronics Accessories,2683,New,1,86.83,0.0913,78.9,29.87,57,Wholesale
ORD-100047,04-07-2022,East,Furniture,Storage,Furniture Storage,1718,Regular,5,92.98,0.0356,448.33,154.69,28,Wholesale
ORD-100048,09-02-2024,West,Furniture,Lighting,Furniture Lighting,2254,New,5,125.02,0.0674,582.94,182.71,31,Wholesale
ORD-100049,19-06-2022,Central,Apparel,Accessories,Apparel Accessories,3355,Regular,6,36.01,0.0412,207.16,46.28,33,Wholesale
ORD-100050,07-10-2022,Central,Electronics,Phone,Electronics Phone,3941,New,2,137.29,0.0085,272.25,90.67,49,Retail
ORD-100051,04-07-2024,East,Office Supplies,Stationery,Office Supplies Stationery,3199,New,6,127.91,0.0738,710.85,273.31,39,Retail
ORD-100052,06-12-2023,East,Apparel,Jackets,Apparel Jackets,3043,At Risk,3,119.76,0.0431,343.8,113.94,40,Online
ORD-100053,18-08-2022,North,Furniture,Desk,Furniture Desk,6564,New,5,109.64,0.0685,510.65,178.08,47,Retail
ORD-100054,15-01-2024,West,Apparel,Footwear,Apparel Footwear,5568,Regular,7,200.67,0.0395,1349.27,385.38,54,Retail
ORD-100055,09-03-2025,Central,Office Supplies,Ink,Office Supplies Ink,2729,At Risk,2,166.75,0.0159,328.21,136.71,64,Retail
ORD-100056,09-05-2023,South,Apparel,Shirts,Apparel Shirts,1508,VIP,5,131.09,0.0297,635.96,171.36,69,Online
ORD-100057,21-03-2024,South,Electronics,Accessories,Electronics Accessories,5642,VIP,5,193.09,0.0192,946.96,311.79,32,Wholesale
ORD-100058,10-09-2023,East,Electronics,Accessories,Electronics Accessories,1177,VIP,4,100.27,0.0647,375.12,98.85,60,Wholesale
ORD-100059,10-12-2023,Central,Furniture,Storage,Furniture Storage,2648,Regular,1,197.31,0.0207,193.22,72.22,48,Wholesale
ORD-100060,05-05-2023,West,Furniture,Lighting,Furniture Lighting,4449,New,1,219.52,0.0199,215.14,64.38,38,Online
ORD-100061,22-03-2022,North,Furniture,Chair,Furniture Chair,1106,New,4,110.66,0.0736,410.07,147.82,46,Retail
ORD-100062,12-12-2024,Central,Furniture,Desk,Furniture Desk,2952,New,4,201.81,0.0324,781.07,196.71,64,Online
ORD-100063,06-07-2022,South,Furniture,Chair,Furniture Chair,2699,At Risk,1,132.3,0.0593,124.45,52.11,51,Wholesale
ORD-100064,19-12-2024,South,Apparel,Accessories,Apparel Accessories,2111,VIP,4,132.43,0.1324,459.59,130.48,28,Online
ORD-100065,04-05-2022,Central,Apparel,Accessories,Apparel Accessories,2476,New,1,33.11,0.0208,32.42,6.7,53,Retail
ORD-100066,17-04-2024,West,Electronics,Accessories,Electronics Accessories,2812,New,7,98.83,0.0704,643.13,115.95,26,Retail
ORD-100067,04-02-2023,South,Furniture,Chair,Furniture Chair,5683,Regular,4,188.24,0.1193,663.14,228.11,38,Online
ORD-100068,21-01-2025,West,Furniture,Chair,Furniture Chair,3764,New,4,162.31,0.0659,606.47,110.51,68,Online
ORD-100069,13-05-2022,Central,Electronics,Laptop,Electronics Laptop,2449,Regular,4,133.84,0.0263,521.27,171.28,44,Online
ORD-100070,23-10-2024,Central,Apparel,Footwear,Apparel Footwear,6512,New,2,110.89,0.085,202.94,65.79,36,Online
ORD-100071,17-01-2023,East,Furniture,Storage,Furniture Storage,1179,New,7,89.3,0.0943,566.17,202.27,63,Online
ORD-100072,14-12-2023,North,Apparel,Shirts,Apparel Shirts,1862,New,6,158.62,0.1104,846.67,155.77,49,Wholesale
ORD-100073,02-06-2022,East,Office Supplies,Ink,Office Supplies Ink,6282,At Risk,1,127.24,0.0337,122.95,30.83,38,Retail
ORD-100074,22-01-2022,Central,Apparel,Shirts,Apparel Shirts,2387,Regular,2,194.78,0.0865,355.88,121.93,48,Wholesale
ORD-100075,29-06-2024,West,Office Supplies,Ink,Office Supplies Ink,3515,At Risk,2,122.92,0.0486,233.89,47.38,60,Wholesale
ORD-100076,30-03-2024,West,Furniture,Chair,Furniture Chair,6769,New,3,55.69,0.1091,148.85,43.58,65,Wholesale
ORD-100077,31-03-2023,West,Apparel,Accessories,Apparel Accessories,5450,Regular,1,166.23,0.1048,148.81,57.7,64,Wholesale
ORD-100078,03-09-2022,East,Electronics,Laptop,Electronics Laptop,1138,VIP,4,215.84,0.0631,808.86,207.55,38,Retail
ORD-100079,06-05-2023,East,Office Supplies,Ink,Office Supplies Ink,6612,Regular,5,113.53,0.0892,517.02,113.27,36,Wholesale
ORD-100080,19-02-2025,North,Furniture,Chair,Furniture Chair,1593,New,2,170.7,0.0492,324.59,99.09,23,Retail
ORD-100081,24-02-2022,East,Furniture,Chair,Furniture Chair,6755,Regular,1,150.5,0.0098,149.03,54.18,36,Wholesale
ORD-100082,27-03-2025,West,Apparel,Shirts,Apparel Shirts,6717,At Risk,3,34.36,0.0808,94.75,36.29,58,Retail
ORD-100083,18-07-2022,East,Office Supplies,Binders,Office Supplies Binders,1961,New,4,190.39,0.0315,737.55,204.42,26,Wholesale
ORD-100084,06-09-2022,North,Apparel,Shirts,Apparel Shirts,1723,At Risk,3,199.22,0.0316,578.75,161.62,24,Retail
ORD-100085,02-05-2024,North,Electronics,Accessories,Electronics Accessories,6247,At Risk,5,87.86,0.1375,378.91,153.69,24,Wholesale
ORD-100086,14-09-2023,North,Apparel,Jackets,Apparel Jackets,4178,Regular,4,127.31,0.0515,483.02,142.82,63,Wholesale
ORD-100087,28-10-2023,North,Electronics,Tablet,Electronics Tablet,2519,New,2,26.01,0.0746,48.14,14.04,70,Retail
ORD-100088,13-08-2022,East,Office Supplies,Binders,Office Supplies Binders,5909,At Risk,1,168.32,0.0103,166.58,31.99,68,Retail
ORD-100089,18-01-2024,North,Apparel,Accessories,Apparel Accessories,5761,VIP,5,62.39,0.0671,291.01,121.76,35,Online
ORD-100090,04-07-2023,Central,Electronics,Tablet,Electronics Tablet,1913,New,4,146.46,0.0928,531.49,154.48,36,Retail
ORD-100091,22-07-2023,West,Office Supplies,Paper,Office Supplies Paper,3056,At Risk,4,55.45,0.0749,205.18,80.88,59,Wholesale
ORD-100092,30-09-2023,South,Apparel,Jackets,Apparel Jackets,2814,VIP,2,209.51,0.1349,362.47,127.86,51,Retail
ORD-100093,19-05-2023,West,Apparel,Jackets,Apparel Jackets,3054,Regular,3,101.63,0.0772,281.36,94.91,58,Retail
ORD-100094,27-01-2023,South,Electronics,Accessories,Electronics Accessories,5668,New,2,192.13,0.0261,374.22,79.81,35,Online
ORD-100095,28-12-2024,South,Office Supplies,Stationery,Office Supplies Stationery,4252,New,7,160.28,0.0465,1069.82,274.86,57,Wholesale
ORD-100096,02-04-2024,East,Furniture,Desk,Furniture Desk,3400,New,4,195.02,0.0805,717.26,184.57,64,Retail
ORD-100097,29-01-2024,West,Furniture,Desk,Furniture Desk,2465,Regular,6,202.53,0.0717,1128.03,410.06,32,Wholesale
ORD-100098,02-07-2023,North,Furniture,Storage,Furniture Storage,4868,New,5,77.86,0.0675,363,136.43,35,Wholesale
ORD-100099,10-01-2022,East,Electronics,Tablet,Electronics Tablet,5785,Regular,4,187.83,0.0818,689.84,289.5,35,Online
ORD-100100,23-05-2023,Central,Electronics,Laptop,Electronics Laptop,6597,Regular,7,216.16,0.061,1420.87,557.5,32,Retail
ORD-100101,26-09-2024,East,Electronics,Phone,Electronics Phone,3540,New,2,130.44,0.0571,245.99,103.28,22,Retail
ORD-100102,23-05-2024,North,Electronics,Phone,Electronics Phone,2909,At Risk,3,112.24,0.0727,312.23,115.21,55,Wholesale
ORD-100103,15-05-2023,Central,Apparel,Footwear,Apparel Footwear,5492,Regular,2,180.28,0.0231,352.24,71.53,37,Online
ORD-100104,23-03-2022,South,Office Supplies,Ink,Office Supplies Ink,1003,New,2,107.26,0.0562,202.47,44.61,22,Online
ORD-100105,14-09-2024,North,Apparel,Jackets,Apparel Jackets,5915,Regular,4,38.55,0.0529,146.04,43.96,48,Wholesale
ORD-100106,18-03-2023,West,Furniture,Desk,Furniture Desk,2250,New,5,170.3,0.0968,769.09,290.37,24,Retail
ORD-100107,14-06-2022,West,Apparel,Footwear,Apparel Footwear,3692,VIP,2,98.58,0.1318,171.18,39.88,45,Retail
ORD-100108,31-05-2024,Central,Furniture,Desk,Furniture Desk,4305,Regular,6,185.71,0.1428,955.14,283.38,52,Online
ORD-100109,28-06-2024,South,Furniture,Desk,Furniture Desk,4367,VIP,3,97.07,0.1094,259.34,88.8,64,Online
ORD-100110,12-09-2022,South,Electronics,Laptop,Electronics Laptop,4877,At Risk,6,54.39,0.0403,313.2,60.85,38,Online
ORD-100111,23-08-2022,East,Office Supplies,Ink,Office Supplies Ink,2284,VIP,1,39.83,0.0172,39.14,15.13,30,Online
ORD-100112,08-03-2022,South,Furniture,Chair,Furniture Chair,2588,Regular,3,142.1,0.0547,403,82.93,23,Online
ORD-100113,27-05-2022,East,Office Supplies,Ink,Office Supplies Ink,5525,At Risk,7,183.96,0.0987,1160.63,299.15,44,Wholesale
ORD-100114,25-08-2024,North,Office Supplies,Stationery,Office Supplies Stationery,6871,New,6,119.73,0.0809,660.26,169.73,32,Online
ORD-100115,05-11-2024,Central,Electronics,Accessories,Electronics Accessories,3152,Regular,5,101.73,0.1129,451.24,123.62,60,Online
ORD-100116,13-11-2023,South,Furniture,Lighting,Furniture Lighting,4952,Regular,3,130.88,0.0389,377.35,82.96,46,Wholesale
ORD-100117,15-09-2022,Central,Furniture,Lighting,Furniture Lighting,5533,Regular,6,71.48,0.0259,417.76,80.47,54,Wholesale
ORD-100118,13-01-2025,Central,Furniture,Chair,Furniture Chair,1027,Regular,7,27.71,0.1312,168.53,64.8,33,Retail
ORD-100119,07-01-2022,South,Furniture,Desk,Furniture Desk,2984,VIP,7,195.75,0.135,1185.25,433.78,28,Retail
ORD-100120,04-03-2025,South,Office Supplies,Paper,Office Supplies Paper,6133,At Risk,6,57.52,0.064,323.05,95.5,33,Retail
ORD-100121,30-12-2023,West,Apparel,Accessories,Apparel Accessories,3219,Regular,7,103.52,0.0298,703.01,177.8,58,Wholesale
ORD-100122,17-09-2023,North,Electronics,Accessories,Electronics Accessories,5140,Regular,4,52.68,0.0705,195.85,56.96,70,Retail
ORD-100123,17-06-2022,Central,Electronics,Tablet,Electronics Tablet,3064,New,4,39.36,0.0849,144.07,28.72,50,Retail
ORD-100124,01-02-2024,Central,Apparel,Footwear,Apparel Footwear,3586,Regular,1,27.18,0.0206,26.62,9.3,48,Online
ORD-100125,24-02-2022,East,Apparel,Jackets,Apparel Jackets,6024,At Risk,6,43.5,0.0778,240.69,96.22,65,Retail
ORD-100126,19-06-2023,West,Furniture,Lighting,Furniture Lighting,6812,New,2,82.13,0.0682,153.06,59.41,27,Wholesale
ORD-100127,17-03-2025,East,Apparel,Shirts,Apparel Shirts,6660,VIP,3,45.39,0.0703,126.6,52.32,43,Wholesale
ORD-100128,02-07-2023,West,Furniture,Desk,Furniture Desk,3169,Regular,2,98.3,0.1012,176.71,71.28,63,Retail
ORD-100129,09-07-2022,North,Electronics,Tablet,Electronics Tablet,6854,New,2,63.74,0.085,116.65,22.37,39,Online
ORD-100130,23-08-2022,Central,Electronics,Laptop,Electronics Laptop,6474,Regular,3,127.44,0.068,356.3,138.03,52,Wholesale
ORD-100131,19-04-2022,North,Furniture,Chair,Furniture Chair,3627,New,3,209.14,0.0651,586.55,150.73,30,Retail
ORD-100132,06-06-2023,North,Office Supplies,Paper,Office Supplies Paper,5331,New,6,53.77,0.067,301.02,91.72,22,Retail
ORD-100133,08-04-2025,Central,Furniture,Desk,Furniture Desk,3867,Regular,4,104.35,0.0491,396.89,76.28,51,Wholesale
ORD-100134,12-12-2024,North,Furniture,Desk,Furniture Desk,1361,Regular,6,184.44,0.0361,1066.69,411.2,60,Retail
ORD-100135,06-03-2024,South,Furniture,Desk,Furniture Desk,6763,VIP,7,94.18,0.0769,608.57,176.69,48,Online
ORD-100136,07-06-2022,East,Office Supplies,Ink,Office Supplies Ink,4760,New,3,169.45,0.0284,493.89,107.2,35,Online
ORD-100137,28-09-2023,South,Furniture,Desk,Furniture Desk,5563,At Risk,6,161.63,0.0545,916.9,225.21,33,Online
ORD-100138,23-10-2023,South,Electronics,Phone,Electronics Phone,1419,VIP,2,116.22,0.0589,218.76,82.46,35,Online
ORD-100139,31-07-2022,South,Furniture,Chair,Furniture Chair,3352,Regular,3,68.19,0.0561,193.1,55.09,56,Online
ORD-100140,11-10-2022,Central,Furniture,Lighting,Furniture Lighting,6580,VIP,1,119.59,0.0747,110.66,43.55,63,Wholesale
ORD-100141,08-07-2023,East,Apparel,Jackets,Apparel Jackets,1094,New,5,115.44,0.0772,532.65,202.83,71,Online
ORD-100142,09-08-2024,West,Electronics,Laptop,Electronics Laptop,6968,VIP,6,194.58,0.0469,1112.73,362.21,53,Wholesale
ORD-100143,31-10-2023,East,Furniture,Lighting,Furniture Lighting,2018,New,2,59.04,0.0403,113.32,38.93,55,Online
ORD-100144,01-09-2024,West,Electronics,Laptop,Electronics Laptop,6479,New,7,48.01,0.046,320.61,131.93,49,Online
ORD-100145,04-06-2023,North,Furniture,Lighting,Furniture Lighting,5654,New,6,174.37,0.089,953.07,302.2,39,Wholesale
ORD-100146,07-09-2022,Central,Electronics,Laptop,Electronics Laptop,5859,Regular,6,37.81,0.1205,199.53,45.28,49,Retail
ORD-100147,31-10-2024,East,Furniture,Storage,Furniture Storage,5142,Regular,6,216.6,0.0724,1205.54,428.15,25,Wholesale
ORD-100148,16-07-2023,Central,Electronics,Tablet,Electronics Tablet,2112,New,2,112.77,0.0848,206.41,50.33,51,Online
ORD-100149,12-06-2022,North,Furniture,Desk,Furniture Desk,3412,At Risk,4,64.94,0.0154,255.77,85.28,43,Wholesale
ORD-100150,05-01-2025,North,Electronics,Tablet,Electronics Tablet,6090,At Risk,2,65.53,0.1067,117.08,42.43,51,Online
ORD-100151,31-01-2025,North,Apparel,Shirts,Apparel Shirts,3647,VIP,7,195.34,0.0449,1305.98,325.3,42,Online
ORD-100152,27-08-2023,Central,Electronics,Tablet,Electronics Tablet,4495,Regular,4,99.02,0.0242,386.51,132.46,33,Retail
ORD-100153,12-08-2024,West,Electronics,Tablet,Electronics Tablet,5331,At Risk,1,203.57,0.1571,171.6,71.52,32,Online
ORD-100154,16-11-2024,East,Furniture,Storage,Furniture Storage,5726,New,4,96.56,0.0123,381.49,99.51,33,Retail
ORD-100155,22-09-2024,South,Office Supplies,Stationery,Office Supplies Stationery,2320,New,4,162.38,0.0514,616.14,238.83,59,Online
ORD-100156,08-02-2025,Central,Furniture,Desk,Furniture Desk,5498,New,3,71.52,0.0175,210.79,64.82,41,Wholesale
ORD-100157,04-10-2022,West,Electronics,Accessories,Electronics Accessories,6751,New,3,162,0.0608,456.44,131.4,24,Retail
ORD-100158,01-12-2024,South,Electronics,Laptop,Electronics Laptop,3097,VIP,1,135.72,0.0537,128.44,33.36,63,Online
ORD-100159,19-04-2022,South,Electronics,Laptop,Electronics Laptop,1427,New,3,217.96,0.1327,567.1,207.48,22,Retail
ORD-100160,06-02-2024,East,Apparel,Jackets,Apparel Jackets,5276,Regular,7,109.48,0.1011,688.84,167.09,42,Online
ORD-100161,07-10-2024,West,Electronics,Accessories,Electronics Accessories,5116,Regular,7,191.28,0.0474,1275.51,440.48,54,Wholesale
ORD-100162,14-11-2023,North,Furniture,Lighting,Furniture Lighting,4325,New,3,144.37,0.1477,369.14,126.22,49,Wholesale
ORD-100163,21-06-2023,West,Electronics,Accessories,Electronics Accessories,1520,Regular,4,64.47,0.0352,248.8,73,48,Retail
ORD-100164,18-01-2025,North,Office Supplies,Binders,Office Supplies Binders,4171,Regular,7,140.4,0.1159,868.84,348.58,38,Retail
ORD-100165,28-02-2025,East,Furniture,Lighting,Furniture Lighting,2085,Regular,5,63.38,0.0121,313.06,111.46,57,Online
ORD-100166,05-07-2022,South,Office Supplies,Stationery,Office Supplies Stationery,2004,At Risk,7,145.33,0.0868,929.02,218.66,33,Wholesale
ORD-100167,26-06-2024,Central,Office Supplies,Paper,Office Supplies Paper,6992,VIP,3,64.79,0.067,181.35,75.89,21,Wholesale
ORD-100168,06-02-2024,North,Office Supplies,Ink,Office Supplies Ink,6597,At Risk,3,60.77,0.0708,169.4,70.56,43,Wholesale
ORD-100169,16-08-2024,Central,Apparel,Accessories,Apparel Accessories,2925,New,1,129.46,0.0776,119.41,42.96,62,Retail
ORD-100170,02-06-2022,East,Furniture,Storage,Furniture Storage,6103,New,4,109.26,0.0122,431.7,110.48,26,Online
ORD-100171,27-11-2022,South,Office Supplies,Stationery,Office Supplies Stationery,1329,New,1,136.35,0.0476,129.86,37.23,55,Retail
ORD-100172,21-08-2024,South,Electronics,Tablet,Electronics Tablet,1066,At Risk,1,55.72,0.0812,51.2,17.33,28,Wholesale
ORD-100173,17-02-2025,North,Office Supplies,Stationery,Office Supplies Stationery,2801,Regular,4,115.45,0.0986,416.28,146.01,39,Online
ORD-100174,12-02-2024,South,Furniture,Storage,Furniture Storage,5659,Regular,5,182.1,0.1013,818.22,195.5,30,Online
ORD-100175,30-06-2023,Central,Electronics,Phone,Electronics Phone,2060,Regular,1,184.88,0.0335,178.69,71.83,47,Wholesale
ORD-100176,04-07-2024,East,Electronics,Accessories,Electronics Accessories,6435,At Risk,2,214.14,0.1798,351.28,115.06,45,Retail
ORD-100177,04-07-2022,West,Office Supplies,Binders,Office Supplies Binders,1450,VIP,5,165.96,0.0095,821.92,339.18,27,Wholesale
ORD-100178,29-07-2022,North,Furniture,Lighting,Furniture Lighting,3783,New,6,208.51,0.0757,1156.37,444.52,61,Online
ORD-100179,17-01-2025,East,Office Supplies,Ink,Office Supplies Ink,5157,New,1,217.46,0.0599,204.44,40.29,42,Retail
ORD-100180,09-12-2022,West,Apparel,Shirts,Apparel Shirts,6074,Regular,1,124.01,0.0425,118.74,24.68,39,Wholesale
ORD-100181,19-06-2022,West,Furniture,Desk,Furniture Desk,5125,New,2,29.47,0.0786,54.31,16.58,34,Online
ORD-100182,08-01-2024,East,Electronics,Phone,Electronics Phone,4908,Regular,3,41.73,0.0591,117.8,44.11,21,Retail
ORD-100183,14-12-2023,Central,Office Supplies,Paper,Office Supplies Paper,4090,New,5,88.97,0.029,431.94,80.06,70,Retail
ORD-100184,08-12-2022,South,Apparel,Footwear,Apparel Footwear,4794,VIP,4,205.83,0.1679,685.08,147.44,61,Retail
ORD-100185,20-01-2022,North,Apparel,Shirts,Apparel Shirts,6055,Regular,1,84.78,0.0169,83.35,16.04,58,Wholesale
ORD-100186,28-08-2023,Central,Furniture,Lighting,Furniture Lighting,3541,New,4,206.02,0.0582,776.14,299.81,29,Retail
ORD-100187,23-10-2024,North,Furniture,Desk,Furniture Desk,4184,Regular,3,215.31,0.0488,614.38,140.11,57,Wholesale
ORD-100188,20-03-2024,East,Electronics,Phone,Electronics Phone,3131,New,4,89.77,0.1802,294.38,93.4,34,Online
ORD-100189,16-02-2023,North,Apparel,Jackets,Apparel Jackets,3967,New,4,44.79,0.1687,148.93,60.3,32,Retail
ORD-100190,06-05-2024,North,Office Supplies,Ink,Office Supplies Ink,3049,At Risk,4,52.57,0.0785,193.78,35.54,24,Wholesale
ORD-100191,17-02-2022,West,Furniture,Desk,Furniture Desk,2441,New,6,74.78,0.0628,420.51,109.91,38,Online
ORD-100192,31-01-2022,South,Electronics,Phone,Electronics Phone,5539,New,3,218.16,0.1028,587.17,214.75,24,Wholesale
ORD-100193,10-12-2024,West,Apparel,Jackets,Apparel Jackets,5601,Regular,1,181.28,0.0882,165.29,55.78,27,Online
ORD-100194,17-08-2024,West,Apparel,Accessories,Apparel Accessories,6141,Regular,4,39.58,0.0587,149.02,36.31,70,Retail
ORD-100195,21-11-2024,Central,Furniture,Chair,Furniture Chair,6362,New,7,105.19,0.1027,660.74,198.65,23,Online
ORD-100196,10-11-2023,West,Furniture,Storage,Furniture Storage,5943,Regular,4,71.34,0.1431,244.53,52.36,68,Retail
ORD-100197,08-09-2024,East,Electronics,Laptop,Electronics Laptop,2580,Regular,3,205.92,0.1864,502.63,162.59,30,Wholesale
ORD-100198,07-09-2023,North,Electronics,Phone,Electronics Phone,4977,New,1,43.74,0.021,42.82,13.75,38,Wholesale
ORD-100199,07-07-2022,East,Furniture,Desk,Furniture Desk,6998,New,6,111.07,0.0967,601.97,124.83,50,Wholesale
ORD-100200,13-01-2023,West,Apparel,Jackets,Apparel Jackets,3714,Regular,5,103.23,0.022,504.8,99,51,Online
ORD-100201,11-02-2023,North,Office Supplies,Paper,Office Supplies Paper,1564,VIP,4,209.97,0.0126,829.32,222.59,65,Retail
ORD-100202,14-03-2022,East,Furniture,Lighting,Furniture Lighting,2527,Regular,4,97.18,0.0102,384.77,101.15,56,Retail
ORD-100203,31-03-2023,Central,Apparel,Shirts,Apparel Shirts,6797,Regular,2,124.4,0.0361,239.82,83.36,48,Wholesale
ORD-100204,22-04-2022,Central,Furniture,Chair,Furniture Chair,1759,Regular,1,170.3,0.0914,154.73,50.59,43,Wholesale
ORD-100205,08-11-2024,East,Apparel,Accessories,Apparel Accessories,4337,New,1,63.25,0.1331,54.83,14.33,56,Wholesale
ORD-100206,23-04-2022,South,Electronics,Phone,Electronics Phone,5585,At Risk,5,59.96,0.0641,280.58,71.22,51,Online
ORD-100207,24-05-2024,West,Electronics,Laptop,Electronics Laptop,1029,New,7,165.9,0.0213,1136.57,323.55,25,Online
ORD-100208,02-06-2023,West,Office Supplies,Binders,Office Supplies Binders,6388,Regular,5,219,0.0361,1055.46,262.8,35,Online
ORD-100209,19-08-2023,North,Apparel,Footwear,Apparel Footwear,1195,At Risk,6,33.4,0.0817,184.02,42.35,27,Online
ORD-100210,21-08-2023,North,Office Supplies,Ink,Office Supplies Ink,3260,Regular,2,185.35,0.0634,347.19,93.29,49,Retail
ORD-100211,24-07-2022,West,Electronics,Tablet,Electronics Tablet,5367,New,4,77.61,0.0566,292.85,58.96,36,Online
ORD-100212,21-10-2024,Central,Electronics,Phone,Electronics Phone,4289,New,4,105.25,0.0426,403.09,87.08,50,Wholesale
ORD-100213,28-07-2023,Central,Electronics,Tablet,Electronics Tablet,4991,At Risk,1,157.04,0.0254,153.04,44.52,42,Online
ORD-100214,29-10-2022,West,Furniture,Lighting,Furniture Lighting,1899,Regular,1,194.42,0.094,176.15,41.75,43,Online
ORD-100215,26-02-2022,East,Electronics,Laptop,Electronics Laptop,6923,VIP,2,28.98,0.0699,53.91,14.35,49,Online
ORD-100216,04-04-2025,South,Office Supplies,Paper,Office Supplies Paper,2136,New,3,44.79,0.0756,124.21,48.96,40,Wholesale
ORD-100217,30-10-2023,South,Electronics,Phone,Electronics Phone,2978,New,7,206.39,0.1331,1252.38,371.84,38,Online
ORD-100218,26-09-2023,South,Electronics,Accessories,Electronics Accessories,6588,New,6,44.77,0.0316,260.12,92.13,26,Online
ORD-100219,28-01-2024,North,Office Supplies,Stationery,Office Supplies Stationery,5969,VIP,1,163.67,0.0123,161.66,51.89,30,Retail
ORD-100220,26-06-2024,East,Furniture,Storage,Furniture Storage,1962,At Risk,4,60.48,0.1016,217.35,60.21,64,Retail
ORD-100221,28-02-2024,West,Office Supplies,Ink,Office Supplies Ink,4849,VIP,2,178.05,0.0284,345.97,134.76,49,Wholesale
ORD-100222,12-12-2023,South,Electronics,Tablet,Electronics Tablet,5404,New,1,185.49,0.1328,160.85,62.31,22,Wholesale
ORD-100223,18-03-2023,South,Office Supplies,Ink,Office Supplies Ink,1858,New,6,58.61,0.0967,317.65,119.37,64,Retail
ORD-100224,21-08-2024,Central,Apparel,Footwear,Apparel Footwear,4651,New,7,211.82,0.0733,1374.03,419.51,71,Retail
ORD-100225,10-09-2024,West,Electronics,Phone,Electronics Phone,1203,Regular,2,156.6,0.1044,280.51,113.8,54,Wholesale
ORD-100226,10-02-2024,North,Office Supplies,Stationery,Office Supplies Stationery,3518,Regular,5,43.89,0.016,215.94,50.62,67,Retail
ORD-100227,15-07-2022,Central,Electronics,Tablet,Electronics Tablet,3208,Regular,6,145.23,0.0393,837.1,317.25,34,Retail
ORD-100228,07-02-2024,East,Office Supplies,Binders,Office Supplies Binders,1098,VIP,4,211.62,0.0314,819.91,247.89,37,Retail
ORD-100229,12-02-2023,North,Furniture,Storage,Furniture Storage,4165,New,1,95.06,0.0751,87.92,27.29,33,Retail
ORD-100230,14-02-2025,North,Office Supplies,Stationery,Office Supplies Stationery,5156,New,4,25.01,0.0602,94.01,32.23,26,Wholesale
ORD-100231,26-12-2023,South,Office Supplies,Binders,Office Supplies Binders,1247,Regular,4,39.99,0.0657,149.45,53.84,45,Wholesale
ORD-100232,14-01-2024,South,Office Supplies,Paper,Office Supplies Paper,6153,VIP,6,44.46,0.1351,230.71,52.3,38,Online
ORD-100233,06-02-2023,West,Furniture,Lighting,Furniture Lighting,3706,New,2,100.47,0.073,186.27,46.73,58,Wholesale
ORD-100234,04-05-2023,East,Electronics,Tablet,Electronics Tablet,6703,At Risk,4,102.24,0.0492,388.82,83.44,44,Retail
ORD-100235,10-03-2024,Central,Electronics,Accessories,Electronics Accessories,6319,Regular,3,183.85,0.0083,546.95,124.37,40,Wholesale
ORD-100236,18-12-2024,East,Apparel,Footwear,Apparel Footwear,6757,At Risk,7,65.67,0.1,413.72,108.49,24,Online
ORD-100237,09-04-2022,West,Electronics,Accessories,Electronics Accessories,6326,Regular,6,146.03,0.0991,789.31,297.97,40,Online
ORD-100238,30-06-2024,West,Office Supplies,Stationery,Office Supplies Stationery,6177,Regular,3,78.21,0.0574,221.15,84.73,24,Wholesale
ORD-100239,03-09-2024,North,Furniture,Chair,Furniture Chair,3717,VIP,1,205.39,0.0526,194.6,74.29,56,Retail
ORD-100240,23-10-2022,Central,Furniture,Storage,Furniture Storage,5834,Regular,4,199.03,0.1441,681.36,195.79,35,Retail
ORD-100241,30-11-2023,East,Furniture,Desk,Furniture Desk,3832,Regular,1,183.57,0.147,156.59,33.95,25,Retail
ORD-100242,06-06-2024,West,Furniture,Lighting,Furniture Lighting,5028,New,6,71.02,0.0645,398.65,166.18,46,Wholesale
ORD-100243,10-09-2024,North,Electronics,Accessories,Electronics Accessories,3359,New,7,194.15,0.041,1303.34,456.55,22,Retail
ORD-100244,03-10-2022,East,Apparel,Jackets,Apparel Jackets,4856,New,4,214.4,0.0248,836.3,195.97,37,Retail
ORD-100245,15-01-2022,East,Apparel,Jackets,Apparel Jackets,4073,Regular,4,181.49,0.0312,703.31,259.05,36,Online
ORD-100246,07-12-2024,North,Furniture,Storage,Furniture Storage,2792,New,5,131.01,0.1048,586.42,180.1,34,Wholesale
ORD-100247,22-04-2022,North,Office Supplies,Stationery,Office Supplies Stationery,2049,VIP,4,172.96,0.1454,591.24,176.95,71,Online
ORD-100248,18-05-2024,Central,Electronics,Laptop,Electronics Laptop,1484,VIP,1,196.42,0.0348,189.59,58.02,43,Retail
ORD-100249,01-05-2022,West,Apparel,Accessories,Apparel Accessories,1434,Regular,1,208.96,0.0604,196.34,42.96,36,Wholesale
ORD-100250,28-02-2022,South,Apparel,Shirts,Apparel Shirts,3128,VIP,5,149.72,0.0595,704.05,144.19,25,Retail
ORD-100251,17-09-2022,South,Furniture,Desk,Furniture Desk,5121,VIP,2,127.83,0.0168,251.36,89.88,32,Wholesale
ORD-100252,27-11-2023,Central,Apparel,Shirts,Apparel Shirts,3119,Regular,6,155.9,0.0336,903.96,291.98,51,Online
ORD-100253,30-01-2023,South,Electronics,Phone,Electronics Phone,2102,VIP,6,53.15,0.076,294.66,55.04,45,Retail
ORD-100254,18-12-2023,East,Furniture,Lighting,Furniture Lighting,6539,Regular,1,77.56,0.1081,69.17,24.72,23,Retail
ORD-100255,02-09-2024,South,Electronics,Accessories,Electronics Accessories,2331,VIP,1,110.24,0.0773,101.72,34.17,46,Online
ORD-100256,24-02-2022,East,Furniture,Storage,Furniture Storage,3597,VIP,3,107.65,0.107,288.39,56.35,24,Wholesale
ORD-100257,02-04-2023,West,Furniture,Storage,Furniture Storage,5890,Regular,3,84.17,0.0661,235.83,84.77,21,Retail
ORD-100258,23-09-2023,Central,Furniture,Storage,Furniture Storage,1625,Regular,4,102.97,0.127,359.58,67.85,59,Retail
ORD-100259,25-01-2022,Central,Furniture,Chair,Furniture Chair,1710,New,7,63.36,0.0561,418.62,91.61,30,Online
ORD-100260,30-01-2023,South,Office Supplies,Ink,Office Supplies Ink,2330,Regular,3,24.85,0.0863,68.12,28.3,50,Retail
ORD-100261,30-03-2025,West,Office Supplies,Binders,Office Supplies Binders,6847,New,3,60.8,0.029,177.12,38.23,42,Wholesale
ORD-100262,18-02-2024,East,Furniture,Storage,Furniture Storage,1345,At Risk,5,204.57,0.0455,976.35,333.56,27,Retail
ORD-100263,20-10-2022,South,Electronics,Accessories,Electronics Accessories,1206,At Risk,7,161.77,0.1196,996.95,193.8,29,Retail
ORD-100264,07-12-2023,South,Office Supplies,Ink,Office Supplies Ink,5183,Regular,3,138.86,0.0783,383.94,112.58,58,Online
ORD-100265,21-10-2022,West,Electronics,Accessories,Electronics Accessories,6919,New,2,64.5,0.0363,124.32,32.06,48,Wholesale
ORD-100266,16-11-2024,North,Apparel,Accessories,Apparel Accessories,5660,New,1,49.59,0.0605,46.59,8.52,37,Online
ORD-100267,14-08-2024,West,Apparel,Shirts,Apparel Shirts,1604,At Risk,7,138.44,0.0494,921.21,292.69,71,Online
ORD-100268,20-02-2024,South,Furniture,Chair,Furniture Chair,6583,New,2,121.14,0.0272,235.68,91.92,29,Retail
ORD-100269,30-04-2022,Central,Furniture,Storage,Furniture Storage,1398,Regular,2,68.26,0.0906,124.15,45.91,68,Wholesale
ORD-100270,21-10-2023,North,Furniture,Lighting,Furniture Lighting,3837,Regular,1,151.02,0.0238,147.43,47.56,44,Online
ORD-100271,12-04-2022,South,Office Supplies,Paper,Office Supplies Paper,4539,VIP,5,42.15,0.1188,185.72,67.4,43,Wholesale
ORD-100272,30-04-2024,East,Furniture,Lighting,Furniture Lighting,1549,At Risk,2,85.23,0.1022,153.03,39.08,42,Online
ORD-100273,28-10-2024,South,Furniture,Lighting,Furniture Lighting,3267,Regular,5,177.98,0.063,833.83,291.39,57,Retail
ORD-100274,10-08-2022,Central,Electronics,Tablet,Electronics Tablet,3278,Regular,7,204.86,0.0822,1316.21,527.12,61,Online
ORD-100275,28-04-2022,South,Apparel,Jackets,Apparel Jackets,5697,Regular,1,142.92,0.027,139.06,44.98,61,Retail
ORD-100276,25-11-2024,North,Electronics,Laptop,Electronics Laptop,3676,Regular,1,101.94,0.017,100.21,41.22,24,Wholesale
ORD-100277,08-11-2024,East,Office Supplies,Paper,Office Supplies Paper,3024,At Risk,5,142.19,0.0846,650.78,220.12,36,Wholesale
ORD-100278,15-01-2023,Central,Apparel,Accessories,Apparel Accessories,3721,New,4,129.36,0.0871,472.36,194.38,27,Retail
ORD-100279,11-04-2022,Central,Electronics,Tablet,Electronics Tablet,2546,Regular,5,53.99,0.1119,239.75,80.04,24,Wholesale
ORD-100280,15-02-2024,East,Furniture,Storage,Furniture Storage,6626,New,1,80.36,0.0578,75.72,25.12,28,Online
ORD-100281,21-11-2022,West,Office Supplies,Stationery,Office Supplies Stationery,1973,New,5,86.48,0.0733,400.71,124.23,33,Online
ORD-100282,06-02-2025,West,Office Supplies,Binders,Office Supplies Binders,6406,Regular,2,39.66,0.0457,75.7,14.66,24,Wholesale
ORD-100283,31-12-2022,North,Furniture,Chair,Furniture Chair,6976,New,4,32.73,0.1421,112.31,43.35,36,Online
ORD-100284,20-12-2023,South,Electronics,Laptop,Electronics Laptop,1742,Regular,6,57.23,0.0302,333,84.88,60,Wholesale
ORD-100285,21-06-2022,North,Apparel,Footwear,Apparel Footwear,4604,VIP,1,158.13,0.0607,148.53,61.9,54,Wholesale
ORD-100286,27-03-2025,North,Office Supplies,Binders,Office Supplies Binders,1241,VIP,3,193.4,0.1007,521.76,126.14,62,Retail
ORD-100287,11-03-2022,Central,Electronics,Laptop,Electronics Laptop,5362,New,7,192.81,0.0866,1232.77,385.64,45,Wholesale
ORD-100288,11-04-2023,South,Office Supplies,Stationery,Office Supplies Stationery,1564,Regular,5,50.86,0.0727,235.8,79.19,47,Wholesale
ORD-100289,05-01-2022,Central,Furniture,Chair,Furniture Chair,1656,New,2,39.07,0.097,70.56,15.18,64,Wholesale
ORD-100290,16-01-2022,South,Furniture,Storage,Furniture Storage,2983,New,1,74.85,0.0584,70.48,26.35,71,Wholesale
ORD-100291,17-02-2024,East,Electronics,Tablet,Electronics Tablet,3636,Regular,2,42.42,0.0635,79.45,32.49,33,Online
ORD-100292,22-01-2023,South,Furniture,Storage,Furniture Storage,4377,At Risk,7,203.83,0.0211,1396.77,520.24,52,Wholesale
ORD-100293,11-03-2025,South,Furniture,Chair,Furniture Chair,2625,Regular,3,117.8,0.116,312.39,98.61,30,Online
ORD-100294,15-04-2024,North,Electronics,Laptop,Electronics Laptop,3862,New,1,87.74,0.0173,86.22,18.42,68,Wholesale
ORD-100295,09-02-2024,South,Office Supplies,Paper,Office Supplies Paper,5224,VIP,4,183.96,0.0808,676.39,229.64,45,Online
ORD-100296,24-04-2022,North,Furniture,Chair,Furniture Chair,4832,New,6,145.7,0.0665,816.03,287.99,58,Retail
ORD-100297,08-08-2023,East,Furniture,Chair,Furniture Chair,5537,At Risk,3,119.4,0.0131,353.51,85.35,65,Wholesale
ORD-100298,26-02-2022,North,Office Supplies,Ink,Office Supplies Ink,1153,New,2,139.92,0.0308,271.22,88.96,43,Online
ORD-100299,03-06-2024,East,Electronics,Laptop,Electronics Laptop,1513,New,1,82.24,0.0632,77.04,25.04,31,Wholesale
ORD-100300,15-10-2024,Central,Furniture,Chair,Furniture Chair,2338,Regular,5,208.83,0.0581,983.47,259.95,38,Retail
ORD-100301,17-12-2022,East,Apparel,Footwear,Apparel Footwear,3040,Regular,2,184.35,0.0761,340.65,126.36,27,Retail
ORD-100302,17-04-2023,Central,Apparel,Jackets,Apparel Jackets,1696,New,4,27.74,0.1198,97.67,28.85,49,Wholesale
ORD-100303,17-01-2023,North,Office Supplies,Stationery,Office Supplies Stationery,4510,Regular,2,139.29,0.1332,241.48,51.29,39,Retail
ORD-100304,13-02-2022,North,Apparel,Accessories,Apparel Accessories,1979,At Risk,1,121.45,0.0372,116.93,47.83,22,Online
ORD-100305,11-01-2025,North,Apparel,Jackets,Apparel Jackets,2216,Regular,4,157.05,0.036,605.58,129.1,41,Wholesale
ORD-100306,04-02-2022,South,Apparel,Accessories,Apparel Accessories,6561,VIP,7,34.96,0.0135,241.42,91.8,43,Retail
ORD-100307,19-11-2024,East,Apparel,Shirts,Apparel Shirts,4095,VIP,3,70.34,0.0665,196.98,59.62,48,Online
ORD-100308,06-10-2022,East,Furniture,Storage,Furniture Storage,5720,Regular,1,31.46,0.1745,25.97,7.18,38,Online
ORD-100309,14-04-2022,South,Office Supplies,Binders,Office Supplies Binders,6545,At Risk,5,184.32,0.0931,835.77,165.67,28,Retail
ORD-100310,22-01-2023,Central,Furniture,Desk,Furniture Desk,4577,New,5,72.81,0.0477,346.68,90.41,22,Wholesale
ORD-100311,29-01-2023,West,Apparel,Jackets,Apparel Jackets,5151,VIP,1,131.85,0.0493,125.35,50.77,31,Wholesale
ORD-100312,08-08-2024,North,Electronics,Laptop,Electronics Laptop,5737,Regular,4,21.34,0.0884,77.81,19.63,45,Online
ORD-100313,12-06-2023,West,Apparel,Footwear,Apparel Footwear,4313,Regular,6,101.9,0.0612,573.96,231.71,35,Retail
ORD-100314,26-04-2024,South,Furniture,Desk,Furniture Desk,4377,VIP,7,160,0.1281,976.56,318.75,39,Online
ORD-100315,10-05-2024,East,Apparel,Shirts,Apparel Shirts,3352,VIP,3,190.84,0.065,535.31,188.62,22,Retail
ORD-100316,29-08-2024,West,Furniture,Desk,Furniture Desk,2668,VIP,4,211.81,0.0629,793.97,286.85,67,Retail
ORD-100317,15-10-2023,Central,Electronics,Laptop,Electronics Laptop,4125,VIP,4,193.65,0.1372,668.32,137.71,68,Online
ORD-100318,05-08-2023,South,Apparel,Footwear,Apparel Footwear,1098,New,7,114.7,0.072,745.07,240,62,Online
ORD-100319,02-12-2024,South,Furniture,Desk,Furniture Desk,6315,Regular,4,65.05,0.017,255.79,53.07,33,Wholesale
ORD-100320,26-10-2023,East,Apparel,Accessories,Apparel Accessories,4115,Regular,2,78.49,0.0686,146.21,44.37,47,Wholesale
ORD-100321,21-12-2024,West,Office Supplies,Paper,Office Supplies Paper,6840,New,3,182.44,0.0779,504.66,183.12,71,Online
ORD-100322,19-06-2023,South,Furniture,Lighting,Furniture Lighting,3322,Regular,5,184.02,0.0422,881.29,326.15,52,Retail
ORD-100323,03-01-2025,East,Office Supplies,Ink,Office Supplies Ink,3342,VIP,7,116.84,0.045,781.07,291.68,44,Online
ORD-100324,12-04-2025,South,Electronics,Tablet,Electronics Tablet,6297,At Risk,6,210.26,0.05,1198.44,279.01,43,Wholesale
ORD-100325,21-06-2022,West,Electronics,Phone,Electronics Phone,2193,New,5,65.16,0.1177,287.44,93.31,50,Wholesale
ORD-100326,11-07-2022,East,Furniture,Desk,Furniture Desk,6785,Regular,2,144.36,0.063,270.52,85.09,60,Wholesale
ORD-100327,11-02-2024,South,Office Supplies,Stationery,Office Supplies Stationery,1638,New,2,213.03,0.0448,406.98,153.56,24,Online
ORD-100328,04-10-2023,South,Apparel,Accessories,Apparel Accessories,1181,New,5,183.17,0.0313,887.18,242.59,34,Online
ORD-100329,23-12-2022,East,Apparel,Footwear,Apparel Footwear,2855,New,7,60.63,0.0802,390.38,152.67,48,Online
ORD-100330,26-12-2024,South,Electronics,Accessories,Electronics Accessories,5076,At Risk,2,68.09,0.0834,124.82,39.72,66,Retail
ORD-100331,22-12-2022,Central,Office Supplies,Binders,Office Supplies Binders,5744,Regular,7,195.66,0.1023,1229.56,439.06,21,Online
ORD-100332,08-08-2023,Central,Furniture,Storage,Furniture Storage,1567,New,6,89.6,0.0181,527.88,171.07,52,Online
ORD-100333,21-06-2024,West,Office Supplies,Paper,Office Supplies Paper,2796,Regular,2,29.48,0.0418,56.49,17.95,71,Wholesale
ORD-100334,03-07-2022,East,Electronics,Laptop,Electronics Laptop,5020,Regular,2,107.81,0.0316,208.8,75.39,66,Wholesale
ORD-100335,26-05-2024,Central,Apparel,Jackets,Apparel Jackets,6608,VIP,6,115.04,0.0843,632.06,238.12,60,Wholesale
ORD-100336,26-10-2022,Central,Apparel,Accessories,Apparel Accessories,5541,VIP,1,207.26,0.0324,200.55,83.03,32,Online
ORD-100337,12-08-2024,East,Office Supplies,Stationery,Office Supplies Stationery,2267,Regular,5,57.79,0.0429,276.56,66.39,64,Wholesale
ORD-100338,29-08-2022,West,Furniture,Storage,Furniture Storage,4069,New,6,110.15,0.105,591.48,145.95,21,Wholesale
ORD-100339,31-03-2025,South,Electronics,Laptop,Electronics Laptop,1530,Regular,3,69.74,0.082,192.06,65.09,35,Retail
ORD-100340,27-02-2025,West,Apparel,Jackets,Apparel Jackets,5906,VIP,5,178.49,0.1426,765.22,314.38,54,Online
ORD-100341,24-01-2025,East,Apparel,Jackets,Apparel Jackets,4148,New,3,205.57,0.031,597.62,139.35,56,Online
ORD-100342,04-07-2022,North,Electronics,Accessories,Electronics Accessories,4918,Regular,1,149.78,0.0816,137.56,31.58,24,Online
ORD-100343,25-01-2022,East,Electronics,Tablet,Electronics Tablet,4996,New,4,145.92,0.0682,543.89,171.53,32,Online
ORD-100344,14-04-2023,West,Furniture,Desk,Furniture Desk,2678,Regular,1,157.17,0.1678,130.79,24.52,48,Wholesale
ORD-100345,21-11-2022,South,Office Supplies,Ink,Office Supplies Ink,6613,Regular,6,144.87,0.0938,787.67,196.66,25,Retail
ORD-100346,17-02-2022,West,Office Supplies,Stationery,Office Supplies Stationery,2697,VIP,4,156.51,0.0552,591.49,206.61,47,Online
ORD-100347,24-05-2023,North,Furniture,Storage,Furniture Storage,3200,New,7,98.19,0.0954,621.74,217.3,43,Online
ORD-100348,03-02-2022,North,Furniture,Lighting,Furniture Lighting,3062,VIP,1,209.85,0.0311,203.33,59.39,28,Retail
ORD-100349,14-05-2022,Central,Electronics,Laptop,Electronics Laptop,6994,New,5,102.46,0.0718,475.51,167.47,47,Wholesale
ORD-100350,11-07-2023,East,Office Supplies,Stationery,Office Supplies Stationery,1235,At Risk,2,217.38,0.0268,423.1,143.51,45,Retail
ORD-100351,14-01-2025,West,Office Supplies,Stationery,Office Supplies Stationery,2866,Regular,6,100.01,0.0518,568.95,198.66,32,Retail
ORD-100352,13-03-2024,North,Furniture,Storage,Furniture Storage,6287,VIP,4,129.4,0.0982,466.79,127.31,49,Retail
ORD-100353,15-09-2023,North,Furniture,Desk,Furniture Desk,4962,Regular,3,106.1,0.0123,314.37,72.23,37,Retail
ORD-100354,21-09-2024,South,Office Supplies,Binders,Office Supplies Binders,6459,New,1,126.29,0.0168,124.17,30.2,43,Retail
ORD-100355,21-08-2023,South,Office Supplies,Ink,Office Supplies Ink,1438,New,3,57.13,0.0395,164.62,37.92,58,Online
ORD-100356,21-12-2022,Central,Apparel,Footwear,Apparel Footwear,6754,Regular,3,208.87,0.02,614.07,168.89,38,Online
ORD-100357,13-04-2024,East,Electronics,Laptop,Electronics Laptop,3069,New,7,38.07,0.0688,248.15,53.3,71,Retail
ORD-100358,02-04-2022,West,Electronics,Phone,Electronics Phone,1328,New,7,47.88,0.031,324.76,103.76,31,Online
ORD-100359,28-03-2022,North,Furniture,Chair,Furniture Chair,3800,New,1,218.09,0.0597,205.08,37.61,55,Online
ORD-100360,12-02-2023,Central,Furniture,Storage,Furniture Storage,5296,New,5,91.42,0.1278,398.66,119.15,61,Online
ORD-100361,05-01-2024,East,Electronics,Laptop,Electronics Laptop,2034,New,7,205.95,0.0394,1384.84,399.76,70,Online
ORD-100362,24-09-2022,South,Office Supplies,Stationery,Office Supplies Stationery,2889,New,3,200.47,0.0655,562.02,165.91,54,Wholesale
ORD-100363,03-03-2023,South,Office Supplies,Paper,Office Supplies Paper,4276,Regular,2,44.8,0.0471,85.38,32.2,66,Retail
ORD-100364,12-06-2022,East,Apparel,Accessories,Apparel Accessories,3883,At Risk,6,71.96,0.0333,417.38,170.25,30,Wholesale
ORD-100365,23-06-2023,North,Office Supplies,Ink,Office Supplies Ink,6097,VIP,3,78.61,0.0578,222.2,77.52,59,Online
ORD-100366,23-05-2022,East,Office Supplies,Paper,Office Supplies Paper,2687,VIP,5,159.04,0.0335,768.55,215.75,71,Online
ORD-100367,03-05-2023,North,Electronics,Accessories,Electronics Accessories,4443,Regular,4,51.25,0.0334,198.15,50.39,44,Retail
ORD-100368,10-10-2023,Central,Apparel,Jackets,Apparel Jackets,1439,Regular,2,55.63,0.1184,98.08,22.82,31,Online
ORD-100369,17-01-2024,South,Office Supplies,Paper,Office Supplies Paper,6431,VIP,4,79.01,0.0564,298.22,60.51,70,Wholesale
ORD-100370,03-01-2025,North,Office Supplies,Binders,Office Supplies Binders,2929,Regular,3,185.55,0.0455,531.3,170.8,39,Wholesale
ORD-100371,04-08-2023,Central,Furniture,Storage,Furniture Storage,5789,At Risk,4,197.41,0.0776,728.39,214.89,49,Wholesale
ORD-100372,27-05-2024,East,Apparel,Accessories,Apparel Accessories,3564,Regular,1,122.07,0.0641,114.25,40.01,29,Wholesale
ORD-100373,27-09-2023,West,Furniture,Chair,Furniture Chair,3297,New,1,114.88,0.067,107.19,29.99,71,Online
ORD-100374,10-06-2023,East,Office Supplies,Ink,Office Supplies Ink,4485,Regular,6,21.26,0.0844,116.8,35.71,53,Online
ORD-100375,21-04-2023,East,Apparel,Jackets,Apparel Jackets,2493,Regular,1,23.88,0.0353,23.04,8.06,36,Wholesale
ORD-100376,04-08-2024,South,Furniture,Storage,Furniture Storage,4670,Regular,3,217.17,0.0463,621.31,216.13,38,Retail
ORD-100377,26-08-2024,East,Apparel,Footwear,Apparel Footwear,1803,New,7,33.92,0.0461,226.5,86.21,66,Online
ORD-100378,21-05-2022,Central,Office Supplies,Stationery,Office Supplies Stationery,2050,At Risk,5,40.47,0.1098,180.13,64.68,67,Wholesale
ORD-100379,15-03-2022,South,Electronics,Phone,Electronics Phone,2214,Regular,6,159.85,0.0285,931.79,209.21,25,Wholesale
ORD-100380,17-03-2025,South,Electronics,Laptop,Electronics Laptop,2090,VIP,4,22.82,0.1058,81.62,26.51,66,Online
ORD-100381,03-11-2022,Central,Office Supplies,Ink,Office Supplies Ink,1196,At Risk,5,166.46,0.0618,780.9,303.27,44,Retail
ORD-100382,28-07-2024,West,Office Supplies,Binders,Office Supplies Binders,3857,VIP,1,121.76,0.1951,98.01,22.25,51,Wholesale
ORD-100383,29-06-2022,South,Furniture,Desk,Furniture Desk,4184,New,4,189.24,0.1426,649.05,160.29,50,Wholesale
ORD-100384,06-12-2022,West,Apparel,Jackets,Apparel Jackets,5115,VIP,7,122.36,0.067,799.11,335.29,45,Retail
ORD-100385,31-10-2024,North,Apparel,Accessories,Apparel Accessories,1252,New,7,100.95,0.0046,703.4,186.6,27,Retail
ORD-100386,11-12-2024,West,Electronics,Laptop,Electronics Laptop,6458,New,7,63.28,0.122,388.94,77,59,Retail
ORD-100387,29-04-2023,East,Apparel,Jackets,Apparel Jackets,4535,Regular,2,126.61,0.0275,246.25,65.03,58,Online
ORD-100388,27-10-2023,South,Electronics,Tablet,Electronics Tablet,6639,Regular,6,145.49,0.0744,808.03,146.04,43,Retail
ORD-100389,03-08-2024,East,Apparel,Footwear,Apparel Footwear,3381,At Risk,6,184.85,0.1139,982.81,306.86,37,Online
ORD-100390,05-10-2024,North,Office Supplies,Ink,Office Supplies Ink,1610,At Risk,7,207.94,0.0192,1427.66,263.23,69,Online
ORD-100391,31-08-2024,West,Office Supplies,Binders,Office Supplies Binders,1747,New,1,133.71,0.0418,128.13,50.04,58,Retail
ORD-100392,08-08-2022,East,Apparel,Accessories,Apparel Accessories,4935,New,5,30.39,0.0988,136.94,40.63,52,Wholesale
ORD-100393,13-10-2023,West,Electronics,Accessories,Electronics Accessories,6872,VIP,7,168.94,0.0387,1136.78,322.47,22,Online
ORD-100394,07-09-2023,Central,Electronics,Tablet,Electronics Tablet,4543,New,7,53.94,0.1452,322.76,98.53,60,Online
ORD-100395,20-07-2023,South,Electronics,Laptop,Electronics Laptop,6491,VIP,4,80.65,0.0578,303.94,110.17,34,Retail
ORD-100396,08-03-2023,South,Office Supplies,Paper,Office Supplies Paper,2082,Regular,5,171.3,0.0937,776.22,143.34,51,Online
ORD-100397,16-12-2023,West,Furniture,Lighting,Furniture Lighting,3253,At Risk,4,195,0.0633,730.63,157.93,53,Online
ORD-100398,04-10-2023,Central,Apparel,Footwear,Apparel Footwear,1013,New,3,122.13,0.1095,326.28,105.1,33,Retail
ORD-100399,15-06-2022,East,Electronics,Phone,Electronics Phone,1178,New,3,81.63,0.1304,212.95,67.33,62,Wholesale
ORD-100400,22-12-2022,South,Electronics,Tablet,Electronics Tablet,1245,Regular,4,82.94,0.117,292.95,79.54,46,Retail
ORD-100401,25-01-2022,South,Office Supplies,Binders,Office Supplies Binders,6841,VIP,4,150.68,0.1113,535.63,171.5,36,Online
ORD-100402,21-05-2023,West,Apparel,Accessories,Apparel Accessories,2963,Regular,3,213.87,0.082,589.02,246.24,66,Online
ORD-100403,01-12-2022,North,Apparel,Footwear,Apparel Footwear,1242,Regular,1,119.13,0.0228,116.42,48.06,43,Retail
ORD-100404,06-08-2024,Central,Office Supplies,Stationery,Office Supplies Stationery,6186,New,3,76.04,0.0639,213.54,65.34,65,Wholesale
ORD-100405,09-05-2022,South,Apparel,Accessories,Apparel Accessories,3145,New,1,115.78,0.0274,112.61,32.57,60,Retail
ORD-100406,06-06-2022,West,Furniture,Chair,Furniture Chair,3469,Regular,6,57.54,0.0675,321.94,125.74,70,Online
ORD-100407,27-12-2022,East,Electronics,Laptop,Electronics Laptop,2791,Regular,7,172.64,0.0282,1174.37,451.12,41,Wholesale
ORD-100408,19-05-2024,North,Office Supplies,Paper,Office Supplies Paper,2406,VIP,6,130.15,0.0704,725.96,218.34,26,Online
ORD-100409,04-11-2024,North,Office Supplies,Ink,Office Supplies Ink,3196,New,1,29.73,0.0729,27.56,6.78,56,Wholesale
ORD-100410,20-05-2024,South,Furniture,Chair,Furniture Chair,1422,New,2,156.66,0.0606,294.33,107.35,47,Wholesale
ORD-100411,24-04-2024,South,Electronics,Tablet,Electronics Tablet,2455,At Risk,7,74.85,0.0353,505.43,95.49,53,Retail
ORD-100412,31-12-2022,Central,Office Supplies,Binders,Office Supplies Binders,1976,At Risk,6,92.84,0.0429,533.16,158.57,51,Online
ORD-100413,06-08-2024,West,Office Supplies,Binders,Office Supplies Binders,6887,VIP,6,154.4,0.06,870.81,341.4,64,Online
ORD-100414,25-05-2024,Central,Furniture,Lighting,Furniture Lighting,2268,New,3,215.61,0.0432,618.87,203.94,38,Wholesale
ORD-100415,22-02-2024,West,Apparel,Jackets,Apparel Jackets,2930,VIP,6,191.43,0.0264,1118.24,282.77,24,Wholesale
ORD-100416,23-01-2023,West,Furniture,Lighting,Furniture Lighting,1816,New,5,129.86,0.0254,632.79,210.88,67,Wholesale
ORD-100417,18-01-2024,East,Electronics,Phone,Electronics Phone,2985,VIP,7,59.03,0.04,396.7,97.23,56,Retail
ORD-100418,13-02-2023,Central,Electronics,Accessories,Electronics Accessories,2055,VIP,2,64.19,0.0143,126.54,31.07,50,Wholesale
ORD-100419,16-09-2022,West,Apparel,Shirts,Apparel Shirts,3782,Regular,6,188.88,0.1726,937.63,367.27,26,Online
ORD-100420,06-07-2022,Central,Office Supplies,Ink,Office Supplies Ink,6498,VIP,6,110.95,0.1126,590.77,154.59,40,Wholesale
ORD-100421,09-07-2022,West,Furniture,Storage,Furniture Storage,1209,Regular,7,76.25,0.1864,434.27,86.25,61,Wholesale
ORD-100422,25-02-2022,West,Apparel,Footwear,Apparel Footwear,5422,VIP,3,219.38,0.0167,647.14,229.65,21,Retail
ORD-100423,22-05-2024,West,Electronics,Tablet,Electronics Tablet,3399,At Risk,4,153.72,0.0718,570.74,236.63,70,Retail
ORD-100424,25-03-2023,West,Furniture,Lighting,Furniture Lighting,2781,New,6,37.29,0.0554,211.35,83.75,43,Retail
ORD-100425,18-02-2023,North,Electronics,Accessories,Electronics Accessories,4039,Regular,1,49.72,0.0775,45.87,9.03,60,Retail
ORD-100426,08-11-2022,West,Apparel,Jackets,Apparel Jackets,3460,Regular,6,83.29,0.018,490.75,94.17,38,Online
ORD-100427,09-09-2022,South,Office Supplies,Binders,Office Supplies Binders,5674,New,4,77.18,0.1203,271.59,105.52,67,Online
ORD-100428,28-09-2023,Central,Electronics,Laptop,Electronics Laptop,3895,Regular,2,204.82,0.027,398.58,160.91,37,Retail
ORD-100429,11-01-2025,Central,Office Supplies,Ink,Office Supplies Ink,3630,Regular,2,74.5,0.0378,143.37,47.97,34,Retail
ORD-100430,20-06-2023,West,Electronics,Laptop,Electronics Laptop,1449,New,6,106.12,0.0114,629.43,264.01,68,Wholesale
ORD-100431,06-03-2025,South,Office Supplies,Ink,Office Supplies Ink,2913,At Risk,2,169.92,0.0473,323.76,79.59,68,Wholesale
ORD-100432,06-08-2022,East,Furniture,Chair,Furniture Chair,3875,New,4,188.53,0.0773,695.83,202.51,45,Wholesale
ORD-100433,06-05-2023,Central,Office Supplies,Paper,Office Supplies Paper,3617,Regular,4,135.8,0.0727,503.72,142.42,22,Online
ORD-100434,24-08-2023,South,Electronics,Phone,Electronics Phone,4314,Regular,7,162.91,0.0593,1072.71,296.63,63,Online
ORD-100435,02-08-2024,Central,Furniture,Lighting,Furniture Lighting,4561,At Risk,2,79.87,0.0301,154.94,30.63,41,Online
ORD-100436,07-07-2022,Central,Electronics,Accessories,Electronics Accessories,3549,At Risk,4,74.99,0.1367,258.96,87.38,42,Online
ORD-100437,31-08-2022,West,Apparel,Shirts,Apparel Shirts,5833,VIP,1,45.07,0.0258,43.91,8.15,49,Online
ORD-100438,29-11-2024,Central,Office Supplies,Paper,Office Supplies Paper,5651,New,7,152.44,0.0438,1020.31,339.23,38,Retail
ORD-100439,15-04-2024,East,Electronics,Phone,Electronics Phone,4115,Regular,5,130.88,0.0264,637.11,137.58,68,Retail
ORD-100440,13-02-2023,West,Office Supplies,Ink,Office Supplies Ink,6072,At Risk,1,41.81,0.2138,32.87,9.4,47,Online
ORD-100441,01-08-2023,West,Office Supplies,Paper,Office Supplies Paper,4038,New,7,197.76,0.0632,1296.79,506.8,28,Wholesale
ORD-100442,21-11-2024,Central,Office Supplies,Ink,Office Supplies Ink,5094,New,2,63.34,0.0749,117.19,42.16,27,Wholesale
ORD-100443,05-05-2023,East,Apparel,Shirts,Apparel Shirts,1965,Regular,5,75.15,0.0688,349.92,103.71,37,Wholesale
ORD-100444,28-06-2024,South,Furniture,Storage,Furniture Storage,5725,Regular,5,70.18,0.1256,306.83,101.74,47,Online
ORD-100445,06-03-2022,South,Apparel,Jackets,Apparel Jackets,6902,Regular,5,126.3,0.1016,567.35,196.23,50,Online
ORD-100446,13-10-2022,South,Office Supplies,Binders,Office Supplies Binders,2366,At Risk,5,67.34,0.0506,319.65,69.72,56,Online
ORD-100447,20-10-2022,North,Furniture,Storage,Furniture Storage,1055,New,3,94.09,0.1163,249.46,49.14,29,Online
ORD-100448,30-11-2023,West,Apparel,Footwear,Apparel Footwear,3790,Regular,1,61.66,0.041,59.13,15.05,61,Online
ORD-100449,04-02-2023,South,Furniture,Chair,Furniture Chair,2137,Regular,4,203.88,0.1824,666.74,176.88,54,Retail
ORD-100450,22-07-2022,South,Electronics,Accessories,Electronics Accessories,3119,Regular,7,143.05,0.0229,978.37,186.4,54,Retail
ORD-100451,20-02-2024,West,Apparel,Accessories,Apparel Accessories,3417,VIP,6,66.99,0.1118,357.01,89.22,64,Retail
ORD-100452,23-12-2023,West,Furniture,Desk,Furniture Desk,6516,Regular,5,187.99,0.0592,884.26,251.46,42,Online
ORD-100453,31-01-2022,West,Office Supplies,Binders,Office Supplies Binders,6109,New,6,29.28,0.0524,166.47,37.56,49,Wholesale
ORD-100454,16-10-2022,Central,Apparel,Shirts,Apparel Shirts,2897,New,2,99.59,0.0966,179.95,42.13,66,Retail
ORD-100455,25-05-2022,East,Office Supplies,Stationery,Office Supplies Stationery,2648,VIP,4,129.85,0.0569,489.87,107.13,67,Online
ORD-100456,11-01-2025,East,Electronics,Laptop,Electronics Laptop,4741,Regular,7,91.5,0.0577,603.51,174.21,69,Retail
ORD-100457,25-09-2022,East,Apparel,Accessories,Apparel Accessories,1897,Regular,4,90,0.1009,323.68,62.27,64,Wholesale
ORD-100458,29-07-2024,North,Furniture,Storage,Furniture Storage,6624,Regular,6,78.09,0.1112,416.45,174.39,22,Retail
ORD-100459,12-02-2024,North,Office Supplies,Stationery,Office Supplies Stationery,6170,VIP,7,132.65,0.134,804.12,231.69,64,Online
ORD-100460,04-09-2023,Central,Furniture,Storage,Furniture Storage,2030,VIP,3,142.43,0.0714,396.77,128.69,62,Wholesale
ORD-100461,31-08-2023,Central,Electronics,Tablet,Electronics Tablet,2841,Regular,4,106.33,0.0336,411.03,95.08,60,Wholesale
ORD-100462,26-12-2022,East,Apparel,Shirts,Apparel Shirts,2317,New,5,115.55,0.1394,497.21,190.07,57,Retail
ORD-100463,18-01-2023,North,Office Supplies,Binders,Office Supplies Binders,2987,At Risk,2,186.99,0.0468,356.49,120.5,28,Online
ORD-100464,18-09-2022,Central,Furniture,Storage,Furniture Storage,1022,New,3,84.95,0.0226,249.08,101,46,Online
ORD-100465,18-02-2024,Central,Furniture,Storage,Furniture Storage,3198,VIP,4,169.26,0.0959,612.14,117.07,58,Online
ORD-100466,19-08-2022,Central,Electronics,Laptop,Electronics Laptop,4025,New,1,125.66,0.0456,119.92,23.15,27,Wholesale
ORD-100467,29-09-2023,South,Electronics,Phone,Electronics Phone,4434,At Risk,3,141.68,0.0436,406.51,168.22,55,Retail
ORD-100468,22-06-2024,South,Furniture,Storage,Furniture Storage,2543,Regular,7,54.43,0.0458,363.54,69.98,38,Wholesale
ORD-100469,29-03-2022,North,Electronics,Phone,Electronics Phone,2470,Regular,7,212.54,0.107,1328.52,251.21,38,Online
ORD-100470,03-05-2022,North,Electronics,Tablet,Electronics Tablet,1592,Regular,7,40.59,0.1282,247.7,56.06,25,Online
ORD-100471,03-01-2025,Central,Apparel,Shirts,Apparel Shirts,3430,Regular,3,162.5,0.0372,469.38,148.12,34,Online
ORD-100472,03-01-2023,Central,Furniture,Chair,Furniture Chair,3764,New,7,150.61,0.0365,1015.77,299.69,54,Online
ORD-100473,22-08-2024,South,Furniture,Chair,Furniture Chair,6254,VIP,5,140.42,0.036,676.82,216.86,41,Online
ORD-100474,19-03-2023,Central,Apparel,Footwear,Apparel Footwear,2967,New,6,193.97,0.0813,1069.24,404.23,64,Wholesale
ORD-100475,26-06-2024,East,Furniture,Lighting,Furniture Lighting,5318,Regular,7,55.56,0.047,370.64,100.37,69,Online
ORD-100476,30-07-2024,West,Electronics,Laptop,Electronics Laptop,2842,Regular,6,141.69,0.0124,839.64,304.77,71,Retail
ORD-100477,17-10-2022,South,Apparel,Accessories,Apparel Accessories,1555,New,6,130.8,0.0156,772.59,256.3,22,Wholesale
ORD-100478,09-08-2022,East,Furniture,Lighting,Furniture Lighting,3552,New,3,70.18,0.119,185.48,35.17,25,Wholesale
ORD-100479,29-01-2023,North,Furniture,Lighting,Furniture Lighting,4805,New,6,192.76,0.0362,1114.74,447.12,60,Retail
ORD-100480,08-07-2024,North,Furniture,Storage,Furniture Storage,2480,VIP,2,52.17,0.0152,102.75,38.95,33,Online
ORD-100481,20-02-2022,Central,Furniture,Storage,Furniture Storage,4494,At Risk,5,79.62,0.068,371.02,84.93,45,Wholesale
ORD-100482,29-02-2024,East,Apparel,Accessories,Apparel Accessories,6426,VIP,6,205.66,0.0075,1224.76,409.93,22,Online
ORD-100483,16-12-2024,Central,Electronics,Accessories,Electronics Accessories,6710,At Risk,3,105.57,0.0687,294.94,123.66,62,Online
ORD-100484,20-02-2024,East,Office Supplies,Paper,Office Supplies Paper,2533,VIP,3,164.32,0.1077,439.85,161.87,69,Online
ORD-100485,23-07-2024,South,Electronics,Laptop,Electronics Laptop,2144,New,2,111.11,0.0831,203.76,59.35,27,Retail
ORD-100486,10-01-2023,West,Furniture,Desk,Furniture Desk,5127,Regular,3,28.17,0.0359,81.48,25.48,41,Wholesale
ORD-100487,16-07-2022,East,Furniture,Chair,Furniture Chair,5908,New,4,73.53,0.0934,266.65,77.98,38,Online
ORD-100488,27-06-2022,North,Apparel,Jackets,Apparel Jackets,3308,Regular,7,117.89,0.0285,801.7,327.22,36,Wholesale
ORD-100489,23-12-2023,West,Apparel,Shirts,Apparel Shirts,3657,Regular,1,151.61,0.039,145.7,33.37,23,Wholesale
ORD-100490,04-06-2022,West,Electronics,Laptop,Electronics Laptop,5912,VIP,2,167.75,0.0071,333.11,102.92,54,Retail
ORD-100491,21-11-2023,North,Electronics,Laptop,Electronics Laptop,2047,VIP,7,206.33,0.0731,1338.73,261.38,53,Wholesale
ORD-100492,08-05-2022,West,Electronics,Laptop,Electronics Laptop,1331,VIP,3,181.95,0.0647,510.52,169.4,53,Online
ORD-100493,07-09-2022,West,Apparel,Footwear,Apparel Footwear,1769,VIP,1,61.92,0.0913,56.27,14.86,68,Retail
ORD-100494,31-12-2024,North,Apparel,Jackets,Apparel Jackets,1859,At Risk,6,102.42,0.1286,535.5,137.96,44,Wholesale
ORD-100495,03-03-2025,South,Furniture,Lighting,Furniture Lighting,1141,Regular,2,70.98,0.0288,137.87,53.77,48,Retail
ORD-100496,26-04-2023,North,Electronics,Tablet,Electronics Tablet,4548,VIP,2,40.23,0.0229,78.62,32.66,52,Online
ORD-100497,24-06-2022,East,Electronics,Tablet,Electronics Tablet,3662,Regular,5,69.91,0.0346,337.45,85.55,27,Online
ORD-100498,30-08-2024,North,Apparel,Footwear,Apparel Footwear,6048,Regular,4,123.76,0.0886,451.17,146.9,45,Retail
ORD-100499,28-02-2025,West,Electronics,Laptop,Electronics Laptop,4590,Regular,1,139.98,0.0269,136.22,46.45,27,Retail
ORD-100500,19-03-2022,Central,Furniture,Lighting,Furniture Lighting,2056,Regular,5,152.42,0.0714,707.72,152.74,34,Wholesale
ORD-100501,02-05-2022,South,Furniture,Storage,Furniture Storage,6596,New,7,69.42,0.0363,468.28,100.93,62,Online
ORD-100502,01-11-2024,West,Office Supplies,Ink,Office Supplies Ink,1768,Regular,1,216.45,0.0364,208.56,56.79,51,Online
ORD-100503,10-05-2024,Central,Office Supplies,Binders,Office Supplies Binders,4411,At Risk,2,78.92,0.0082,156.55,50.14,50,Online
ORD-100504,31-01-2024,Central,Office Supplies,Paper,Office Supplies Paper,3482,At Risk,1,134.89,0.0959,121.96,48.6,48,Retail
ORD-100505,11-03-2022,East,Office Supplies,Paper,Office Supplies Paper,3574,Regular,4,161.81,0.0797,595.66,196.87,65,Online
ORD-100506,29-09-2024,North,Furniture,Chair,Furniture Chair,1412,Regular,7,108.58,0.0856,695,226.46,38,Wholesale
ORD-100507,12-03-2022,West,Apparel,Shirts,Apparel Shirts,3527,Regular,2,55.95,0.0623,104.93,25.5,26,Wholesale
ORD-100508,07-11-2023,East,Electronics,Laptop,Electronics Laptop,5781,Regular,1,176.79,0.041,169.54,33.82,71,Retail
ORD-100509,26-11-2024,South,Electronics,Accessories,Electronics Accessories,4544,Regular,6,92.08,0.1082,492.7,104.44,60,Wholesale
ORD-100510,19-01-2022,West,Furniture,Storage,Furniture Storage,1780,Regular,1,61.99,0.08,57.03,21.66,70,Retail
ORD-100511,11-03-2023,East,Apparel,Accessories,Apparel Accessories,4095,Regular,2,200.76,0.085,367.37,142.62,47,Retail
ORD-100512,02-12-2023,Central,Electronics,Phone,Electronics Phone,1091,Regular,6,33.97,0.0363,196.43,40.33,33,Retail
ORD-100513,18-06-2024,East,Apparel,Shirts,Apparel Shirts,1743,New,2,200.14,0.0167,393.6,76.83,69,Wholesale
ORD-100514,13-05-2023,West,Office Supplies,Paper,Office Supplies Paper,6035,At Risk,4,31.52,0.0947,114.15,39.34,53,Online
ORD-100515,18-09-2024,East,Electronics,Phone,Electronics Phone,1590,At Risk,1,40.07,0.0523,37.97,14.13,60,Wholesale
ORD-100516,23-01-2023,West,Office Supplies,Stationery,Office Supplies Stationery,2792,At Risk,3,75.1,0.0485,214.37,87.58,67,Retail
ORD-100517,01-01-2025,Central,Office Supplies,Paper,Office Supplies Paper,5317,Regular,2,148.07,0.0554,279.74,62.65,68,Wholesale
ORD-100518,06-03-2025,East,Apparel,Shirts,Apparel Shirts,3294,New,6,171.93,0.0296,1001.02,298.67,43,Online
ORD-100519,07-04-2022,North,Electronics,Phone,Electronics Phone,5467,At Risk,3,206.36,0.006,615.36,162.69,63,Wholesale
ORD-100520,17-11-2024,Central,Apparel,Shirts,Apparel Shirts,4162,New,7,64.69,0.0835,415.03,83.43,40,Wholesale
ORD-100521,12-07-2023,Central,Apparel,Shirts,Apparel Shirts,2461,At Risk,4,167.51,0.0969,605.11,228,26,Wholesale
ORD-100522,18-05-2022,South,Electronics,Laptop,Electronics Laptop,4752,VIP,1,123.88,0.0806,113.9,37.05,55,Wholesale
ORD-100523,03-09-2023,West,Office Supplies,Binders,Office Supplies Binders,5231,VIP,7,186.07,0.0818,1195.94,410.16,46,Wholesale
ORD-100524,10-08-2024,East,Office Supplies,Binders,Office Supplies Binders,2211,Regular,3,90.15,0.0651,252.85,56.07,44,Retail
ORD-100525,04-04-2024,East,Electronics,Tablet,Electronics Tablet,4152,New,3,178.37,0.07,497.66,155.21,32,Online
ORD-100526,08-09-2023,Central,Apparel,Footwear,Apparel Footwear,2190,Regular,1,95.4,0.0199,93.5,36.78,56,Wholesale
ORD-100527,01-05-2022,Central,Electronics,Phone,Electronics Phone,6969,VIP,5,192.72,0.0596,906.17,289.56,54,Retail
ORD-100528,30-10-2022,East,Office Supplies,Stationery,Office Supplies Stationery,1184,Regular,4,149.2,0.0084,591.8,208.15,27,Online
ORD-100529,04-02-2024,South,Electronics,Phone,Electronics Phone,1716,New,5,50.99,0.0631,238.87,83.84,71,Online
ORD-100530,26-09-2022,South,Furniture,Chair,Furniture Chair,6758,VIP,5,118.5,0.0309,574.21,115.05,26,Wholesale
ORD-100531,14-09-2023,Central,Office Supplies,Ink,Office Supplies Ink,1165,VIP,4,175.43,0.0486,667.62,142.34,60,Wholesale
ORD-100532,23-11-2024,Central,Furniture,Desk,Furniture Desk,4741,Regular,1,78.45,0.0279,76.26,18.72,52,Online
ORD-100533,15-08-2024,East,Office Supplies,Binders,Office Supplies Binders,6212,VIP,6,78.58,0.0242,460.08,144.81,45,Online
ORD-100534,07-09-2024,East,Apparel,Accessories,Apparel Accessories,1275,At Risk,2,218.49,0.0136,431.04,102.4,49,Retail
ORD-100535,30-09-2024,West,Office Supplies,Stationery,Office Supplies Stationery,4565,VIP,5,49.55,0.0489,235.63,80.16,48,Retail
ORD-100536,21-02-2023,West,Office Supplies,Stationery,Office Supplies Stationery,3747,Regular,4,29.12,0.0619,109.27,37.19,36,Online
ORD-100537,06-07-2022,Central,Electronics,Laptop,Electronics Laptop,2862,Regular,2,158.88,0.1751,262.13,97.46,36,Retail
ORD-100538,05-10-2023,South,Electronics,Phone,Electronics Phone,6813,At Risk,2,64.2,0.0706,119.34,35.83,27,Retail
ORD-100539,08-02-2023,South,Apparel,Accessories,Apparel Accessories,3197,VIP,5,28.54,0.0424,136.65,47.15,55,Wholesale
ORD-100540,18-11-2023,East,Apparel,Footwear,Apparel Footwear,4484,Regular,6,183.19,0.1391,946.27,299.59,49,Online
ORD-100541,22-08-2023,East,Electronics,Laptop,Electronics Laptop,6124,VIP,7,176.57,0.0835,1132.73,374.1,48,Online
ORD-100542,07-07-2022,West,Electronics,Accessories,Electronics Accessories,5463,VIP,4,209.75,0.1065,749.65,285.82,26,Wholesale
ORD-100543,21-05-2022,West,Electronics,Phone,Electronics Phone,2042,At Risk,2,93.72,0.1356,162.02,63.25,44,Wholesale
ORD-100544,22-09-2022,North,Furniture,Storage,Furniture Storage,3719,Regular,3,21.12,0.058,59.69,16.37,50,Online
ORD-100545,26-08-2023,South,Furniture,Desk,Furniture Desk,4270,Regular,2,189.81,0.1098,337.96,107.1,33,Wholesale
ORD-100546,02-02-2024,North,Apparel,Accessories,Apparel Accessories,1927,Regular,2,100.28,0.1662,167.23,41.69,51,Online
ORD-100547,02-03-2022,South,Apparel,Shirts,Apparel Shirts,2097,New,1,182.17,0.087,166.32,64.11,24,Online
ORD-100548,19-11-2023,North,Electronics,Laptop,Electronics Laptop,1574,New,7,180.08,0.0037,1255.85,246.05,23,Online
ORD-100549,30-12-2023,North,Office Supplies,Paper,Office Supplies Paper,3247,At Risk,6,33.02,0.0737,183.53,41.75,48,Wholesale
ORD-100550,31-05-2023,South,Apparel,Accessories,Apparel Accessories,6878,At Risk,2,45.85,0.1606,76.97,18.68,31,Wholesale
ORD-100551,04-07-2024,East,Furniture,Chair,Furniture Chair,1790,Regular,5,192.63,0.0718,894,234.24,71,Online
ORD-100552,21-10-2022,South,Furniture,Storage,Furniture Storage,4208,New,7,43.33,0.0941,274.77,71.17,63,Online
ORD-100553,17-08-2022,South,Apparel,Accessories,Apparel Accessories,3670,New,2,57.86,0.0645,108.26,36.38,41,Wholesale
ORD-100554,07-01-2025,West,Furniture,Storage,Furniture Storage,5828,VIP,6,164.19,0.0154,969.92,279.64,47,Online
ORD-100555,22-01-2025,South,Electronics,Tablet,Electronics Tablet,4371,VIP,1,88.22,0.1049,78.97,22.94,70,Retail
ORD-100556,23-03-2025,North,Office Supplies,Binders,Office Supplies Binders,3353,Regular,4,105.62,0.0855,386.35,103.99,71,Retail
ORD-100557,26-09-2023,North,Electronics,Accessories,Electronics Accessories,4963,VIP,5,59.68,0.0913,271.15,88.57,23,Wholesale
ORD-100558,22-08-2022,South,Electronics,Accessories,Electronics Accessories,1264,Regular,6,103.12,0.0542,585.18,176.39,42,Retail
ORD-100559,12-08-2022,South,Office Supplies,Ink,Office Supplies Ink,5064,New,6,99.15,0.1293,517.99,186.47,38,Retail
ORD-100560,25-10-2022,West,Office Supplies,Stationery,Office Supplies Stationery,4200,New,5,159.12,0.0359,767.01,242.08,23,Online
ORD-100561,17-05-2022,East,Office Supplies,Binders,Office Supplies Binders,2869,Regular,2,110.45,0.043,211.41,49.5,43,Retail
ORD-100562,20-05-2023,North,Electronics,Phone,Electronics Phone,6029,VIP,1,133.18,0.0756,123.12,27.1,46,Online
ORD-100563,02-03-2025,South,Apparel,Accessories,Apparel Accessories,3271,Regular,2,186.65,0.0207,365.56,146.5,71,Retail
ORD-100564,02-08-2023,Central,Electronics,Accessories,Electronics Accessories,6309,New,1,47.68,0.0574,44.94,8.89,28,Wholesale
ORD-100565,03-02-2022,East,Electronics,Laptop,Electronics Laptop,2327,Regular,1,138.74,0.0821,127.35,42.99,30,Wholesale
ORD-100566,12-07-2024,East,Electronics,Tablet,Electronics Tablet,3337,New,6,37.33,0.017,220.17,57.31,39,Wholesale
ORD-100567,19-01-2025,East,Office Supplies,Stationery,Office Supplies Stationery,6946,At Risk,7,46.34,0.1119,288.09,118.59,62,Online
ORD-100568,18-09-2023,Central,Furniture,Lighting,Furniture Lighting,5335,New,3,37.77,0.0282,110.12,23.96,37,Wholesale
ORD-100569,03-07-2022,North,Apparel,Footwear,Apparel Footwear,4034,VIP,1,126.3,0.107,112.79,30.55,58,Wholesale
ORD-100570,19-12-2023,South,Electronics,Phone,Electronics Phone,6079,New,6,135.81,0.0627,763.8,230.83,44,Retail
ORD-100571,31-03-2023,Central,Office Supplies,Stationery,Office Supplies Stationery,3021,Regular,4,50.18,0.0944,181.78,52.43,42,Online
ORD-100572,19-02-2025,Central,Office Supplies,Stationery,Office Supplies Stationery,3969,VIP,4,157.76,0.0544,596.73,146.6,66,Retail
ORD-100573,05-02-2025,South,Furniture,Desk,Furniture Desk,3832,Regular,6,89.64,0.0667,501.95,133.6,52,Retail
ORD-100574,27-10-2023,South,Electronics,Tablet,Electronics Tablet,6286,VIP,4,30.32,0.103,108.79,27.31,55,Wholesale
ORD-100575,10-07-2023,South,Furniture,Lighting,Furniture Lighting,6231,VIP,1,151.71,0.0603,142.56,30.05,67,Wholesale
ORD-100576,13-06-2022,South,Electronics,Tablet,Electronics Tablet,2913,Regular,7,46.67,0.1393,281.19,88.19,48,Wholesale
ORD-100577,07-09-2022,Central,Electronics,Tablet,Electronics Tablet,4147,New,1,58.94,0.1481,50.21,11.59,42,Online
ORD-100578,05-06-2023,South,Apparel,Accessories,Apparel Accessories,4205,At Risk,4,51.5,0.0964,186.14,48.75,52,Retail
ORD-100579,28-07-2024,West,Office Supplies,Ink,Office Supplies Ink,1135,New,7,42.89,0.0783,276.72,79.14,37,Online
ORD-100580,20-12-2023,East,Apparel,Accessories,Apparel Accessories,4041,Regular,1,82.84,0.1974,66.49,25.34,61,Wholesale
ORD-100581,03-07-2022,Central,Electronics,Laptop,Electronics Laptop,3811,VIP,4,156.74,0.0744,580.33,142.56,34,Wholesale
ORD-100582,21-07-2023,Central,Office Supplies,Binders,Office Supplies Binders,4062,VIP,6,162.57,0.0519,924.75,289.85,41,Wholesale
ORD-100583,02-06-2024,South,Electronics,Accessories,Electronics Accessories,6197,At Risk,6,100.3,0.0803,553.49,132.41,42,Retail
ORD-100584,13-07-2023,West,Apparel,Shirts,Apparel Shirts,5409,At Risk,6,214.8,0.06,1211.53,506.26,39,Online
ORD-100585,15-10-2024,West,Office Supplies,Ink,Office Supplies Ink,6087,New,3,22.45,0.0879,61.43,24.55,24,Online
ORD-100586,18-11-2024,South,Office Supplies,Binders,Office Supplies Binders,1244,VIP,2,208.56,0.0225,407.74,87.92,60,Online
ORD-100587,29-06-2022,South,Apparel,Shirts,Apparel Shirts,5389,Regular,5,150.25,0.1015,674.98,128.7,67,Online
ORD-100588,14-04-2025,North,Furniture,Chair,Furniture Chair,1158,Regular,2,122.58,0.0245,239.16,45.96,46,Retail
ORD-100589,28-05-2022,East,Electronics,Tablet,Electronics Tablet,4033,Regular,1,168.57,0.0533,159.58,38.64,24,Wholesale
ORD-100590,03-11-2023,Central,Electronics,Laptop,Electronics Laptop,2679,VIP,7,192.7,0.1353,1166.42,316.61,43,Wholesale
ORD-100591,16-11-2024,West,Electronics,Phone,Electronics Phone,3715,New,1,90.55,0.0165,89.05,28.32,59,Retail
ORD-100592,14-12-2024,West,Office Supplies,Stationery,Office Supplies Stationery,4194,VIP,1,149.04,0.0138,146.99,60.64,21,Wholesale
ORD-100593,24-12-2023,South,Apparel,Footwear,Apparel Footwear,2068,VIP,2,115.8,0.0464,220.86,66.98,55,Online
ORD-100594,06-06-2023,West,Office Supplies,Ink,Office Supplies Ink,6997,VIP,7,89.82,0.1366,542.86,99.99,64,Online
ORD-100595,11-07-2022,Central,Furniture,Desk,Furniture Desk,1633,VIP,1,193.2,0.1123,171.5,41.43,42,Retail
ORD-100596,28-03-2025,North,Electronics,Laptop,Electronics Laptop,3471,New,3,190.33,0.0999,513.98,92.87,21,Retail
ORD-100597,27-12-2024,West,Electronics,Laptop,Electronics Laptop,4498,Regular,4,60.32,0.081,221.74,70.75,32,Wholesale
ORD-100598,27-05-2022,East,Furniture,Desk,Furniture Desk,5763,VIP,3,97.21,0.1133,258.59,85.54,25,Online
ORD-100599,31-01-2022,North,Electronics,Tablet,Electronics Tablet,2868,At Risk,2,152.13,0.1458,259.91,70.3,27,Retail
ORD-100600,03-08-2024,West,Apparel,Accessories,Apparel Accessories,2994,Regular,3,196.71,0.0652,551.63,206.03,69,Retail
ORD-100601,10-10-2024,North,Electronics,Accessories,Electronics Accessories,2924,Regular,2,122,0.0959,220.59,86.91,54,Online
ORD-100602,03-03-2024,North,Furniture,Storage,Furniture Storage,4562,At Risk,4,184.9,0.0208,724.21,227.34,44,Retail
ORD-100603,12-03-2022,East,Furniture,Lighting,Furniture Lighting,5908,At Risk,7,111.25,0.148,663.46,208.06,67,Online
ORD-100604,21-03-2025,South,Office Supplies,Ink,Office Supplies Ink,3750,New,3,118.83,0.0867,325.57,70.69,52,Wholesale
ORD-100605,27-01-2024,Central,Furniture,Chair,Furniture Chair,6035,Regular,3,167.98,0.0431,482.21,130.66,40,Retail
ORD-100606,24-05-2023,North,Electronics,Tablet,Electronics Tablet,1207,Regular,3,75.03,0.0518,213.42,82.16,31,Wholesale
ORD-100607,18-03-2025,East,Electronics,Phone,Electronics Phone,4581,New,7,178.5,0.1452,1068.13,194.43,69,Online
ORD-100608,04-01-2024,South,Electronics,Tablet,Electronics Tablet,3732,Regular,6,158.38,0.069,884.69,252.31,63,Online
ORD-100609,28-11-2024,South,Apparel,Jackets,Apparel Jackets,2460,Regular,7,28.79,0.1234,176.65,59.05,22,Wholesale
ORD-100610,10-09-2024,South,Furniture,Desk,Furniture Desk,3091,Regular,1,136.6,0.0919,124.05,34.09,23,Retail
ORD-100611,17-05-2024,South,Furniture,Storage,Furniture Storage,3304,Regular,1,143.39,0.0835,131.42,46.34,57,Wholesale
ORD-100612,26-03-2023,South,Apparel,Jackets,Apparel Jackets,5286,Regular,1,136.36,0.0604,128.12,40.15,69,Online
ORD-100613,07-03-2024,East,Furniture,Desk,Furniture Desk,3277,Regular,6,196.99,0.0383,1136.72,419.61,59,Online
ORD-100614,10-02-2023,West,Furniture,Chair,Furniture Chair,4010,New,6,58.45,0.1071,313.15,105.84,71,Wholesale
ORD-100615,10-02-2022,South,Furniture,Desk,Furniture Desk,4349,Regular,3,23,0.0626,64.68,21.24,27,Online
ORD-100616,26-04-2023,West,Apparel,Jackets,Apparel Jackets,1335,New,2,147.23,0.0253,287,101.45,28,Retail
ORD-100617,06-04-2022,South,Office Supplies,Stationery,Office Supplies Stationery,3505,New,1,60.36,0.0185,59.24,15.45,61,Online
ORD-100618,16-09-2022,North,Furniture,Storage,Furniture Storage,2304,New,3,201.15,0.0265,587.48,178.73,56,Online
ORD-100619,08-11-2023,East,Office Supplies,Binders,Office Supplies Binders,4403,VIP,3,107.58,0.1247,282.48,73.1,57,Wholesale
ORD-100620,17-03-2022,Central,Electronics,Accessories,Electronics Accessories,3386,VIP,4,180.37,0.0328,697.85,227.55,43,Retail
ORD-100621,22-01-2023,South,Office Supplies,Ink,Office Supplies Ink,2260,New,6,50.88,0.093,276.88,84.86,57,Wholesale
ORD-100622,28-07-2023,Central,Furniture,Chair,Furniture Chair,5472,VIP,2,181.69,0.0641,340.08,115.62,42,Wholesale
ORD-100623,28-11-2024,North,Office Supplies,Stationery,Office Supplies Stationery,4920,Regular,1,76.06,0.0951,68.83,20.79,49,Retail
ORD-100624,09-11-2022,South,Electronics,Tablet,Electronics Tablet,2853,At Risk,1,214.95,0.1063,192.1,64.27,23,Wholesale
ORD-100625,08-11-2023,North,Apparel,Footwear,Apparel Footwear,2624,New,7,161.64,0.0093,1120.94,409.97,64,Wholesale
ORD-100626,08-05-2024,Central,Office Supplies,Stationery,Office Supplies Stationery,4572,At Risk,7,213.41,0.1411,1283.15,319.72,70,Retail
ORD-100627,26-12-2024,North,Furniture,Chair,Furniture Chair,2054,Regular,3,135.28,0.0594,381.72,84.58,47,Retail
ORD-100628,17-07-2024,Central,Office Supplies,Binders,Office Supplies Binders,2492,Regular,5,210.24,0.0871,959.67,353.78,21,Wholesale
ORD-100629,04-03-2025,West,Apparel,Shirts,Apparel Shirts,5598,New,3,83.37,0.0574,235.76,45.71,68,Online
ORD-100630,24-12-2024,North,Furniture,Lighting,Furniture Lighting,5781,Regular,6,187.66,0.0758,1040.57,372.89,25,Wholesale
ORD-100631,27-09-2023,East,Office Supplies,Paper,Office Supplies Paper,3726,At Risk,6,182.31,0.0682,1019.25,422.35,51,Online
ORD-100632,20-10-2022,South,Office Supplies,Binders,Office Supplies Binders,3289,At Risk,4,25.46,0.0599,95.74,19.54,31,Retail
ORD-100633,29-10-2022,South,Office Supplies,Paper,Office Supplies Paper,6398,Regular,7,20.19,0.0135,139.42,46.04,30,Online
ORD-100634,30-11-2024,Central,Office Supplies,Ink,Office Supplies Ink,4961,At Risk,1,59.48,0.0476,56.65,14.63,42,Retail
ORD-100635,21-03-2025,East,Furniture,Lighting,Furniture Lighting,3214,New,4,105.87,0.1036,379.59,121.53,36,Retail
ORD-100636,15-01-2022,East,Electronics,Accessories,Electronics Accessories,1370,New,2,95.35,0.1096,169.8,59.41,25,Retail
ORD-100637,31-12-2022,West,Electronics,Phone,Electronics Phone,5779,Regular,2,112.36,0.1022,201.75,74.8,65,Online
ORD-100638,27-06-2024,Central,Office Supplies,Binders,Office Supplies Binders,2629,VIP,2,56.22,0.1359,97.16,35.42,67,Wholesale
ORD-100639,29-07-2023,North,Furniture,Storage,Furniture Storage,2409,Regular,1,22.05,0.1303,19.18,4.7,39,Online
ORD-100640,13-11-2023,Central,Office Supplies,Stationery,Office Supplies Stationery,1884,Regular,4,211.58,0.1394,728.38,287.81,50,Retail
ORD-100641,03-10-2022,East,Office Supplies,Stationery,Office Supplies Stationery,3394,VIP,6,21.36,0.0894,116.71,29.89,61,Retail
ORD-100642,01-01-2023,Central,Apparel,Jackets,Apparel Jackets,4993,Regular,4,46.09,0.0609,173.13,40.83,34,Wholesale
ORD-100643,22-05-2023,Central,Electronics,Phone,Electronics Phone,5592,VIP,2,38.98,0.0151,76.79,27.24,36,Retail
ORD-100644,31-05-2024,South,Office Supplies,Paper,Office Supplies Paper,4471,At Risk,6,181.74,0.0983,983.3,216.04,71,Retail
ORD-100645,16-11-2023,South,Furniture,Chair,Furniture Chair,6590,VIP,1,103.48,0.02,101.41,30.51,34,Retail
ORD-100646,19-02-2024,North,Office Supplies,Paper,Office Supplies Paper,1034,Regular,1,43.1,0.0225,42.13,12,40,Wholesale
ORD-100647,22-03-2022,South,Furniture,Chair,Furniture Chair,2563,Regular,7,84.99,0.0448,568.31,177.84,24,Retail
ORD-100648,21-02-2025,South,Apparel,Jackets,Apparel Jackets,6303,New,3,160.96,0.0671,450.5,187.29,65,Retail
ORD-100649,15-10-2023,Central,Furniture,Storage,Furniture Storage,2041,New,7,144.67,0.0726,939.22,352.83,65,Online
ORD-100650,08-05-2024,Central,Office Supplies,Stationery,Office Supplies Stationery,2173,New,2,62.77,0.1364,108.42,22.25,58,Online
ORD-100651,19-08-2022,South,Furniture,Lighting,Furniture Lighting,2817,At Risk,7,64.41,0.0491,428.72,114.68,47,Retail
ORD-100652,12-10-2024,Central,Furniture,Desk,Furniture Desk,2739,Regular,1,160.72,0.1439,137.59,31.27,64,Wholesale
ORD-100653,04-10-2023,Central,Office Supplies,Binders,Office Supplies Binders,6120,Regular,3,142.17,0.1073,380.74,133.57,38,Online
ORD-100654,19-09-2024,West,Apparel,Jackets,Apparel Jackets,1134,Regular,2,132.49,0.0388,254.7,67.72,34,Wholesale
ORD-100655,26-01-2022,East,Apparel,Jackets,Apparel Jackets,5259,New,6,171.37,0.0368,990.36,349.08,23,Online
ORD-100656,09-06-2022,West,Electronics,Accessories,Electronics Accessories,6481,At Risk,2,179.48,0.0622,336.63,82.17,27,Wholesale
ORD-100657,15-02-2024,West,Electronics,Phone,Electronics Phone,5122,At Risk,5,35.85,0.1326,155.48,60.79,68,Retail
ORD-100658,27-06-2023,South,Office Supplies,Stationery,Office Supplies Stationery,5722,New,6,45.28,0.0746,251.4,82.54,37,Online
ORD-100659,09-11-2024,East,Electronics,Accessories,Electronics Accessories,3751,At Risk,1,85.4,0.0325,82.62,29.36,48,Retail
ORD-100660,30-05-2023,North,Apparel,Jackets,Apparel Jackets,3558,New,5,62.31,0.0506,295.8,117.26,31,Retail
ORD-100661,08-06-2022,Central,Furniture,Chair,Furniture Chair,4280,At Risk,1,77.01,0.0497,73.18,19.14,58,Retail
ORD-100662,06-06-2022,East,Furniture,Desk,Furniture Desk,1945,New,5,210.59,0.1185,928.2,198.54,21,Online
ORD-100663,29-07-2023,South,Office Supplies,Binders,Office Supplies Binders,6382,VIP,5,184.67,0.0532,874.27,349.11,67,Wholesale
ORD-100664,05-10-2024,East,Furniture,Chair,Furniture Chair,5936,Regular,1,129.67,0.041,124.35,32.84,48,Retail
ORD-100665,07-02-2025,West,Furniture,Storage,Furniture Storage,1714,New,4,177.93,0.0404,682.95,165.68,31,Online
ORD-100666,04-06-2024,North,Electronics,Laptop,Electronics Laptop,6389,At Risk,7,97.98,0.066,640.6,194.54,32,Retail
ORD-100667,25-02-2025,Central,Electronics,Laptop,Electronics Laptop,4534,Regular,7,62.29,0.0699,405.54,137.06,40,Wholesale
ORD-100668,19-11-2024,East,Electronics,Laptop,Electronics Laptop,1579,Regular,2,41.12,0.0726,76.27,17.15,56,Wholesale
ORD-100669,21-12-2023,East,Electronics,Tablet,Electronics Tablet,5995,At Risk,7,149.58,0.0277,1018.07,205.13,45,Retail
ORD-100670,04-01-2025,North,Electronics,Tablet,Electronics Tablet,5913,At Risk,6,162.79,0.0394,938.27,252.08,51,Retail
ORD-100671,15-10-2022,South,Furniture,Storage,Furniture Storage,3510,Regular,2,140.64,0.0253,274.16,56.82,39,Retail
ORD-100672,18-11-2023,East,Furniture,Chair,Furniture Chair,6437,New,5,210.56,0.0522,997.82,322.83,38,Online
ORD-100673,01-03-2023,Central,Apparel,Jackets,Apparel Jackets,3323,Regular,3,124.28,0.0343,360.07,108.27,34,Wholesale
ORD-100674,11-07-2024,North,Office Supplies,Paper,Office Supplies Paper,5742,New,1,72.86,0.0528,69.01,28.98,34,Wholesale
ORD-100675,14-12-2024,North,Electronics,Laptop,Electronics Laptop,2993,VIP,7,120.46,0.067,786.72,177.15,39,Retail
ORD-100676,01-06-2024,Central,Office Supplies,Binders,Office Supplies Binders,6089,At Risk,5,144.3,0.0958,652.39,226.76,45,Wholesale
ORD-100677,10-11-2024,West,Office Supplies,Paper,Office Supplies Paper,3175,VIP,7,23.94,0.1446,143.35,32.32,27,Online
ORD-100678,14-07-2024,East,Apparel,Accessories,Apparel Accessories,2034,Regular,7,42.18,0.0979,266.36,109.41,52,Retail
ORD-100679,05-06-2022,South,Apparel,Shirts,Apparel Shirts,6679,New,4,96.71,0.0381,372.12,114.49,34,Online
ORD-100680,09-01-2022,South,Electronics,Phone,Electronics Phone,5027,At Risk,4,79.67,0.0966,287.89,74.04,52,Wholesale
ORD-100681,01-01-2025,South,Apparel,Footwear,Apparel Footwear,1721,New,1,108,0.0659,100.88,40.1,41,Wholesale
ORD-100682,13-02-2025,North,Office Supplies,Paper,Office Supplies Paper,3155,New,2,21.74,0.029,42.22,11.32,28,Online
ORD-100683,12-07-2022,West,Apparel,Accessories,Apparel Accessories,4326,VIP,3,95.48,0.1056,256.19,68.93,52,Wholesale
ORD-100684,31-08-2024,Central,Apparel,Shirts,Apparel Shirts,6327,Regular,7,79.86,0.0221,546.64,227.56,22,Retail
ORD-100685,12-12-2024,East,Office Supplies,Ink,Office Supplies Ink,5671,At Risk,5,33.04,0.0768,152.52,51.9,40,Retail
ORD-100686,28-08-2024,South,Furniture,Lighting,Furniture Lighting,5108,New,4,165.24,0.1606,554.82,118.25,71,Retail
ORD-100687,11-02-2025,South,Electronics,Laptop,Electronics Laptop,1293,At Risk,7,187.66,0.0524,1244.79,258.81,57,Online
ORD-100688,13-02-2025,West,Furniture,Lighting,Furniture Lighting,3237,Regular,4,26.18,0.0865,95.66,23.05,44,Online
ORD-100689,16-01-2023,South,Furniture,Lighting,Furniture Lighting,5918,VIP,5,64.49,0.0609,302.83,112.17,71,Wholesale
ORD-100690,24-10-2023,North,Electronics,Tablet,Electronics Tablet,6948,Regular,2,150.81,0.069,280.81,75.34,42,Retail
ORD-100691,05-04-2025,West,Office Supplies,Binders,Office Supplies Binders,6612,New,6,100.31,0.1025,540.16,215.39,47,Wholesale
ORD-100692,14-03-2024,South,Apparel,Accessories,Apparel Accessories,6104,Regular,4,24.76,0.0312,95.95,25.76,23,Online
ORD-100693,06-05-2023,North,Furniture,Storage,Furniture Storage,2483,New,3,136.83,0.0253,400.1,87.39,23,Retail
ORD-100694,10-02-2024,Central,Office Supplies,Stationery,Office Supplies Stationery,4056,Regular,6,56.19,0.0142,332.35,121.99,58,Retail
ORD-100695,25-11-2022,South,Electronics,Laptop,Electronics Laptop,4239,New,1,186.18,0.0808,171.13,33.14,49,Retail
ORD-100696,17-04-2023,West,Apparel,Footwear,Apparel Footwear,2595,New,3,140.01,0.0559,396.54,94.31,24,Wholesale
ORD-100697,05-06-2024,East,Furniture,Storage,Furniture Storage,1551,Regular,2,108.1,0.052,204.96,75.59,56,Retail
ORD-100698,13-02-2024,North,Office Supplies,Stationery,Office Supplies Stationery,5871,New,4,191.37,0.0779,705.86,281.05,50,Online
ORD-100699,22-02-2023,East,Electronics,Tablet,Electronics Tablet,3108,Regular,6,208.41,0.0614,1173.68,416.2,27,Retail
ORD-100700,09-04-2024,South,Apparel,Footwear,Apparel Footwear,1555,New,2,37.63,0.0612,70.65,27.53,54,Online
ORD-100701,04-07-2024,East,Office Supplies,Paper,Office Supplies Paper,4029,New,3,64.6,0.0673,180.75,55.99,71,Online
ORD-100702,24-08-2023,South,Office Supplies,Paper,Office Supplies Paper,3474,New,6,146.97,0.0237,860.88,210.98,70,Online
ORD-100703,01-03-2023,West,Apparel,Footwear,Apparel Footwear,2336,Regular,1,157.22,0.0402,150.91,31.98,64,Retail
ORD-100704,28-10-2022,West,Office Supplies,Binders,Office Supplies Binders,2910,Regular,4,130.82,0.0921,475.11,151.43,68,Online
ORD-100705,31-03-2025,East,Furniture,Storage,Furniture Storage,5741,New,7,49.32,0.0745,319.52,64.42,42,Wholesale
ORD-100706,10-02-2023,South,Office Supplies,Ink,Office Supplies Ink,5312,New,2,168.27,0.0161,331.11,107.27,55,Online
ORD-100707,01-09-2023,North,Furniture,Chair,Furniture Chair,2289,New,4,160.64,0.0466,612.61,148.68,61,Wholesale
ORD-100708,18-10-2022,South,Electronics,Tablet,Electronics Tablet,5447,VIP,1,142.57,0.0616,133.79,30,63,Retail
ORD-100709,10-02-2022,West,Office Supplies,Stationery,Office Supplies Stationery,2567,New,7,36.7,0.0321,248.65,102.67,48,Wholesale
ORD-100710,05-02-2022,North,Furniture,Desk,Furniture Desk,5250,Regular,6,31.96,0.0719,177.97,60.19,25,Retail
ORD-100711,04-05-2022,East,Apparel,Jackets,Apparel Jackets,3300,New,7,151.18,0.1472,902.53,240.21,56,Retail
ORD-100712,06-03-2024,West,Apparel,Jackets,Apparel Jackets,2125,At Risk,3,143.76,0.1479,367.48,78.58,56,Retail
ORD-100713,16-12-2024,East,Apparel,Footwear,Apparel Footwear,6309,At Risk,6,30.19,0.0926,164.36,61.68,69,Retail
ORD-100714,21-08-2022,North,Apparel,Shirts,Apparel Shirts,3642,New,6,20.95,0.0699,116.92,25.83,34,Retail
ORD-100715,15-09-2022,North,Furniture,Chair,Furniture Chair,2288,New,1,144.57,0.0241,141.09,45.62,27,Online
ORD-100716,12-05-2023,West,Apparel,Shirts,Apparel Shirts,6425,New,4,151.06,0.0246,589.35,142.34,42,Online
ORD-100717,20-06-2022,South,Apparel,Accessories,Apparel Accessories,5146,New,2,162.03,0.0528,306.95,61.68,41,Online
ORD-100718,30-06-2022,South,Office Supplies,Paper,Office Supplies Paper,1084,Regular,5,175.99,0.0271,856.09,245.32,55,Retail
ORD-100719,17-01-2025,North,Apparel,Jackets,Apparel Jackets,5609,At Risk,5,60.4,0.1232,264.79,83.32,62,Wholesale
ORD-100720,02-11-2024,South,Electronics,Tablet,Electronics Tablet,3034,New,1,47.07,0.014,46.41,18.35,69,Online
ORD-100721,19-07-2024,East,Electronics,Accessories,Electronics Accessories,4272,VIP,3,183.07,0.031,532.17,182.24,26,Retail
ORD-100722,17-10-2022,South,Electronics,Phone,Electronics Phone,5259,VIP,2,86.2,0.0633,161.48,45.08,43,Online
ORD-100723,10-04-2023,West,Furniture,Storage,Furniture Storage,6772,VIP,3,138.35,0.0183,407.44,73.45,56,Wholesale
ORD-100724,14-08-2023,West,Furniture,Chair,Furniture Chair,6022,New,2,54.07,0.0635,101.27,23.32,55,Wholesale
ORD-100725,22-10-2023,South,Apparel,Jackets,Apparel Jackets,3359,VIP,7,170.27,0.0742,1103.47,351.47,41,Online
ORD-100726,24-11-2024,Central,Office Supplies,Binders,Office Supplies Binders,2398,Regular,2,128.82,0.0615,241.81,67.49,64,Online
ORD-100727,25-05-2023,South,Apparel,Shirts,Apparel Shirts,2362,Regular,7,109.83,0.0392,738.71,306.44,53,Wholesale
ORD-100728,09-01-2024,West,Electronics,Phone,Electronics Phone,4464,New,5,45.18,0.0529,213.96,43.75,28,Retail
ORD-100729,14-11-2022,West,Electronics,Laptop,Electronics Laptop,1267,At Risk,4,191.79,0.1244,671.72,153,58,Online
ORD-100730,20-05-2024,East,Office Supplies,Paper,Office Supplies Paper,1156,VIP,4,71.99,0.0154,283.53,68.74,67,Wholesale
ORD-100731,02-06-2022,North,Office Supplies,Stationery,Office Supplies Stationery,4494,At Risk,2,86.67,0.0472,165.16,57.89,66,Online
ORD-100732,04-03-2023,Central,Apparel,Shirts,Apparel Shirts,5191,Regular,6,141.76,0.0314,823.86,311.27,62,Online
ORD-100733,27-10-2023,North,Furniture,Desk,Furniture Desk,5618,New,4,84.69,0.0936,307.04,99.84,53,Retail
ORD-100734,05-09-2022,Central,Furniture,Lighting,Furniture Lighting,1556,VIP,7,122.56,0.0772,791.69,327.5,33,Wholesale
ORD-100735,17-10-2022,West,Electronics,Accessories,Electronics Accessories,3349,Regular,5,130.6,0.0319,632.18,218.2,49,Wholesale
ORD-100736,17-04-2023,Central,Electronics,Laptop,Electronics Laptop,5140,At Risk,5,138.46,0.0743,640.87,203.28,59,Retail
ORD-100737,02-11-2022,South,Furniture,Lighting,Furniture Lighting,4057,VIP,7,26.79,0.0309,181.74,67.68,30,Wholesale
ORD-100738,17-05-2022,Central,Apparel,Shirts,Apparel Shirts,6423,At Risk,6,123.83,0.1222,652.2,270.93,64,Online
ORD-100739,27-12-2022,West,Office Supplies,Stationery,Office Supplies Stationery,3386,Regular,6,87.01,0.0852,477.59,162.51,63,Retail
ORD-100740,17-03-2022,South,Electronics,Laptop,Electronics Laptop,4443,At Risk,2,102.88,0.035,198.56,79.62,31,Online
ORD-100741,17-04-2024,East,Electronics,Accessories,Electronics Accessories,6696,New,1,151.11,0.0966,136.51,53.85,21,Online
ORD-100742,17-09-2023,Central,Apparel,Jackets,Apparel Jackets,3237,VIP,6,31.83,0.0987,172.12,37.91,45,Online
ORD-100743,15-04-2023,West,Electronics,Tablet,Electronics Tablet,3367,New,4,47.68,0.0236,186.21,67.79,51,Online
ORD-100744,12-11-2023,West,Apparel,Shirts,Apparel Shirts,1500,Regular,1,185.5,0.0561,175.09,39.69,54,Wholesale
ORD-100745,09-08-2023,Central,Furniture,Lighting,Furniture Lighting,6848,New,3,165.23,0.0478,471.98,189.81,61,Online
ORD-100746,13-12-2023,East,Furniture,Chair,Furniture Chair,4025,Regular,1,41.14,0.094,37.27,8.94,71,Wholesale
ORD-100747,05-07-2023,Central,Apparel,Shirts,Apparel Shirts,5128,New,4,103.01,0.0525,390.4,136.31,28,Retail
ORD-100748,11-07-2023,Central,Electronics,Phone,Electronics Phone,1716,VIP,6,158.35,0.1245,831.85,212.85,37,Online
ORD-100749,03-09-2022,North,Furniture,Lighting,Furniture Lighting,6512,Regular,3,194.07,0.0177,571.92,111.64,60,Wholesale
ORD-100750,15-09-2022,East,Apparel,Footwear,Apparel Footwear,4408,VIP,1,180.27,0.0394,173.17,55.47,29,Online
ORD-100751,20-09-2024,South,Office Supplies,Ink,Office Supplies Ink,3401,New,1,166.7,0.0719,154.71,58.74,31,Retail
ORD-100752,19-06-2022,South,Office Supplies,Binders,Office Supplies Binders,1304,New,1,200.78,0.0382,193.11,71.66,26,Wholesale
ORD-100753,10-12-2024,Central,Electronics,Tablet,Electronics Tablet,2030,New,6,200.2,0.105,1075.08,224.38,36,Wholesale
ORD-100754,21-05-2022,East,Furniture,Desk,Furniture Desk,4292,Regular,3,61.19,0.0414,175.97,67,42,Retail
ORD-100755,20-08-2023,South,Furniture,Storage,Furniture Storage,1649,Regular,2,82.53,0.1147,146.13,41.36,50,Retail
ORD-100756,06-06-2023,North,Office Supplies,Paper,Office Supplies Paper,5208,Regular,1,32.17,0.0999,28.96,10.74,42,Retail
ORD-100757,07-12-2023,West,Electronics,Phone,Electronics Phone,6594,VIP,5,185.06,0.0463,882.47,304.08,28,Retail
ORD-100758,20-12-2022,South,Office Supplies,Binders,Office Supplies Binders,5966,New,3,208.63,0.019,614.02,234.73,47,Retail
ORD-100759,16-02-2023,West,Apparel,Shirts,Apparel Shirts,5740,Regular,4,66.8,0.0185,262.24,102.73,43,Retail
ORD-100760,29-07-2024,Central,Apparel,Accessories,Apparel Accessories,5791,Regular,3,207.51,0.1071,555.87,155.12,68,Wholesale
ORD-100761,05-06-2023,West,Electronics,Laptop,Electronics Laptop,1662,VIP,3,178.45,0.0228,523.17,119.01,46,Online
ORD-100762,07-12-2024,South,Apparel,Jackets,Apparel Jackets,4308,VIP,5,203.85,0.1085,908.66,273.4,22,Retail
ORD-100763,19-09-2023,North,Office Supplies,Binders,Office Supplies Binders,3688,Regular,3,180.37,0.0759,500.04,185.24,44,Retail
ORD-100764,30-08-2024,North,Furniture,Lighting,Furniture Lighting,2045,New,6,185.39,0.0842,1018.65,198.86,35,Wholesale
ORD-100765,06-09-2022,North,Office Supplies,Ink,Office Supplies Ink,3425,At Risk,7,197.52,0.1178,1219.76,382.52,39,Online
ORD-100766,22-07-2024,Central,Electronics,Accessories,Electronics Accessories,4592,New,7,156.22,0.1218,960.32,371.11,37,Online
ORD-100767,24-08-2023,South,Office Supplies,Stationery,Office Supplies Stationery,3364,At Risk,5,132.45,0.0284,643.45,211.18,33,Retail
ORD-100768,14-05-2023,West,Apparel,Jackets,Apparel Jackets,6003,New,1,184.17,0.0438,176.11,33.31,67,Online
ORD-100769,06-06-2024,Central,Apparel,Shirts,Apparel Shirts,1668,New,6,209.78,0.0835,1153.61,294.62,70,Wholesale
ORD-100770,29-08-2023,Central,Furniture,Storage,Furniture Storage,4306,VIP,7,168.72,0.0904,1074.23,376.46,32,Wholesale
ORD-100771,24-03-2024,Central,Electronics,Tablet,Electronics Tablet,2799,VIP,4,194.92,0.0858,712.77,199.38,44,Retail
ORD-100772,01-07-2023,West,Apparel,Footwear,Apparel Footwear,5764,VIP,2,145.58,0.0366,280.51,85.81,55,Online
ORD-100773,17-01-2024,West,Furniture,Desk,Furniture Desk,4504,New,4,92.32,0.0241,360.4,77,33,Retail
ORD-100774,04-02-2024,East,Furniture,Lighting,Furniture Lighting,1261,Regular,5,194.3,0.0858,888.14,298.3,54,Retail
ORD-100775,06-10-2023,North,Furniture,Lighting,Furniture Lighting,2793,New,2,217.58,0.0663,406.32,98.52,65,Online
ORD-100776,25-05-2024,South,Electronics,Laptop,Electronics Laptop,1418,Regular,7,43.01,0.0459,287.25,101.8,25,Wholesale
ORD-100777,24-08-2022,North,Office Supplies,Paper,Office Supplies Paper,3058,VIP,5,29.86,0.0663,139.4,42.11,37,Retail
ORD-100778,04-02-2024,South,Electronics,Accessories,Electronics Accessories,3872,New,1,72.06,0.0718,66.89,27.93,32,Online
ORD-100779,21-01-2023,North,Furniture,Chair,Furniture Chair,5108,Regular,5,69.55,0.1004,312.84,129.87,42,Online
ORD-100780,07-09-2022,South,Furniture,Desk,Furniture Desk,3945,New,5,132.77,0.0725,615.73,247.33,64,Online
ORD-100781,03-07-2023,East,Office Supplies,Ink,Office Supplies Ink,4581,VIP,3,197.85,0.1093,528.65,111.31,45,Wholesale
ORD-100782,17-03-2024,North,Apparel,Shirts,Apparel Shirts,5162,VIP,5,47.15,0.007,234.1,49.3,41,Wholesale
ORD-100783,08-02-2022,West,Furniture,Chair,Furniture Chair,4035,VIP,6,85.33,0.069,476.64,102.92,44,Retail
ORD-100784,16-05-2022,East,Electronics,Laptop,Electronics Laptop,4297,New,2,62,0.1183,109.33,20.7,51,Online
ORD-100785,12-05-2024,North,Furniture,Storage,Furniture Storage,5721,New,3,163.13,0.0853,447.64,137.66,71,Online
ORD-100786,15-08-2023,East,Apparel,Jackets,Apparel Jackets,5504,VIP,3,121.35,0.0989,328.05,87.65,26,Online
ORD-100787,31-03-2023,North,Office Supplies,Binders,Office Supplies Binders,5579,Regular,7,74.8,0.0787,482.38,87.81,58,Retail
ORD-100788,19-05-2024,West,Electronics,Phone,Electronics Phone,3408,Regular,6,158.81,0.0229,931.08,260.09,61,Wholesale
ORD-100789,14-06-2022,South,Apparel,Jackets,Apparel Jackets,2619,New,2,53.22,0.0322,103.01,25.21,28,Retail
ORD-100790,21-05-2023,Central,Furniture,Storage,Furniture Storage,6907,VIP,7,133.01,0.0894,847.88,305.74,25,Wholesale
ORD-100791,23-06-2023,North,Electronics,Phone,Electronics Phone,6198,VIP,3,67.47,0.0215,198.05,70.19,27,Online
ORD-100792,02-03-2024,South,Office Supplies,Paper,Office Supplies Paper,5913,Regular,7,197.07,0.1299,1200.26,386.76,45,Retail
ORD-100793,12-06-2022,East,Office Supplies,Ink,Office Supplies Ink,2066,Regular,2,76.02,0.0581,143.21,26.59,22,Wholesale
ORD-100794,22-11-2024,South,Apparel,Footwear,Apparel Footwear,6953,VIP,3,137.28,0.0282,400.23,148.16,31,Wholesale
ORD-100795,07-04-2023,West,Apparel,Shirts,Apparel Shirts,4840,Regular,6,167.56,0.0456,959.55,213.86,57,Wholesale
ORD-100796,29-10-2023,North,Electronics,Phone,Electronics Phone,4408,New,5,98.02,0.0813,450.27,156.09,21,Online
ORD-100797,26-06-2022,South,Electronics,Tablet,Electronics Tablet,5672,Regular,3,139.38,0.1107,371.86,101.83,30,Online
ORD-100798,18-12-2023,South,Electronics,Phone,Electronics Phone,2105,Regular,5,196.42,0.1575,827.41,225.87,70,Wholesale
ORD-100799,23-03-2022,East,Office Supplies,Paper,Office Supplies Paper,1541,Regular,3,101.24,0.0561,286.68,52.72,22,Wholesale
ORD-100800,01-01-2023,South,Electronics,Accessories,Electronics Accessories,5142,At Risk,1,54.4,0.014,53.64,9.97,28,Retail
ORD-100801,27-02-2022,West,Electronics,Phone,Electronics Phone,5661,Regular,6,27.21,0.0879,148.9,40.87,47,Online
ORD-100802,30-12-2022,East,Electronics,Phone,Electronics Phone,2050,Regular,7,57.74,0.0421,387.16,91.89,67,Retail
ORD-100803,16-06-2023,North,Apparel,Footwear,Apparel Footwear,3211,New,6,120.14,0.1215,633.26,195.35,69,Online
ORD-100804,15-06-2024,North,Apparel,Footwear,Apparel Footwear,5483,Regular,5,21.4,0.043,102.39,42.09,63,Retail
ORD-100805,03-01-2024,West,Furniture,Lighting,Furniture Lighting,1848,New,1,212.31,0.1051,190.01,54.14,36,Wholesale
ORD-100806,21-05-2022,West,Electronics,Laptop,Electronics Laptop,5590,New,2,177.19,0.0193,347.53,75.72,32,Online
ORD-100807,31-01-2023,North,Office Supplies,Ink,Office Supplies Ink,3848,At Risk,5,94.43,0.1172,416.81,99.41,70,Retail
ORD-100808,31-10-2023,South,Office Supplies,Ink,Office Supplies Ink,2004,Regular,2,121.1,0.1286,211.07,57.76,70,Wholesale
ORD-100809,24-12-2022,Central,Electronics,Laptop,Electronics Laptop,1189,New,1,203.77,0.0492,193.75,64.57,69,Wholesale
ORD-100810,17-06-2024,East,Office Supplies,Stationery,Office Supplies Stationery,6860,New,7,26.38,0.0571,174.11,46.61,23,Retail
ORD-100811,30-09-2024,Central,Apparel,Shirts,Apparel Shirts,6837,Regular,1,148.46,0.0106,146.89,26.75,61,Wholesale
ORD-100812,20-10-2023,Central,Electronics,Accessories,Electronics Accessories,1193,VIP,5,109.75,0.1013,493.15,188.72,32,Retail
ORD-100813,03-05-2024,North,Furniture,Storage,Furniture Storage,2819,VIP,4,218.57,0.0467,833.42,302.22,22,Wholesale
ORD-100814,05-04-2022,Central,Electronics,Phone,Electronics Phone,6505,Regular,4,99.65,0.0813,366.19,115.19,65,Retail
ORD-100815,14-05-2022,South,Electronics,Accessories,Electronics Accessories,3189,New,5,141.47,0.0227,691.29,289.06,54,Retail
ORD-100816,29-11-2023,East,Electronics,Tablet,Electronics Tablet,5720,At Risk,4,187.24,0.1863,609.46,231.82,67,Wholesale
ORD-100817,28-07-2023,East,Apparel,Jackets,Apparel Jackets,2170,VIP,3,140.63,0.0281,410.03,95.08,24,Online
ORD-100818,23-03-2024,West,Office Supplies,Paper,Office Supplies Paper,1759,VIP,4,183.7,0.1092,654.55,174.47,64,Online
ORD-100819,30-01-2022,Central,Electronics,Accessories,Electronics Accessories,2597,New,4,183.99,0.0516,697.97,147.66,69,Online
ORD-100820,21-12-2023,North,Electronics,Accessories,Electronics Accessories,3325,Regular,1,131.33,0.1355,113.53,39.96,50,Wholesale
ORD-100821,30-08-2022,Central,Office Supplies,Ink,Office Supplies Ink,5867,Regular,3,96.31,0.0555,272.91,77.53,41,Wholesale
ORD-100822,13-11-2023,North,Electronics,Laptop,Electronics Laptop,6107,Regular,6,141.84,0.1281,742.06,304.27,56,Online
ORD-100823,05-12-2022,South,Office Supplies,Ink,Office Supplies Ink,1561,Regular,1,166.84,0.077,154,46.05,62,Retail
ORD-100824,24-06-2022,West,Furniture,Lighting,Furniture Lighting,6663,Regular,1,65.56,0.0165,64.48,18.59,23,Retail
ORD-100825,19-02-2023,South,Electronics,Laptop,Electronics Laptop,4132,Regular,5,214.47,0.0827,983.62,231.38,31,Retail
ORD-100826,04-11-2024,North,Furniture,Lighting,Furniture Lighting,4469,VIP,7,118.25,0.1437,708.84,156.71,40,Wholesale
ORD-100827,12-07-2022,East,Electronics,Tablet,Electronics Tablet,6985,At Risk,7,117.52,0.1078,733.95,149.7,52,Retail
ORD-100828,23-06-2024,West,Apparel,Shirts,Apparel Shirts,5476,At Risk,4,141.62,0.1176,499.86,152.38,53,Online
ORD-100829,25-06-2022,West,Furniture,Chair,Furniture Chair,2471,Regular,2,78.72,0.0086,156.09,41.29,22,Online
ORD-100830,22-01-2024,West,Apparel,Footwear,Apparel Footwear,2473,Regular,2,169.03,0.1147,299.27,54.33,61,Wholesale
ORD-100831,06-04-2025,Central,Apparel,Footwear,Apparel Footwear,1973,VIP,6,215.54,0.0194,1268.14,479.59,67,Wholesale
ORD-100832,27-07-2024,North,Apparel,Footwear,Apparel Footwear,1395,Regular,7,178.53,0.0421,1197.09,319.09,32,Wholesale
ORD-100833,27-02-2025,North,Apparel,Accessories,Apparel Accessories,3961,New,7,25.79,0.0402,173.27,46.35,41,Retail
ORD-100834,18-10-2022,North,Apparel,Shirts,Apparel Shirts,5229,Regular,5,175.59,0.1239,769.17,210.8,51,Retail
ORD-100835,16-05-2022,East,Apparel,Jackets,Apparel Jackets,6101,VIP,2,50.16,0.0252,97.8,38.08,33,Online
ORD-100836,10-01-2025,West,Apparel,Footwear,Apparel Footwear,4605,Regular,5,29,0.0806,133.32,54.39,32,Wholesale
ORD-100837,01-08-2022,East,Furniture,Chair,Furniture Chair,1613,Regular,2,194.51,0.0583,366.34,142.1,61,Wholesale
ORD-100838,11-07-2022,North,Electronics,Laptop,Electronics Laptop,1608,Regular,6,206.81,0.0871,1132.75,270.47,64,Retail
ORD-100839,13-07-2023,East,Electronics,Accessories,Electronics Accessories,6568,VIP,4,88.51,0.0584,333.37,105.72,60,Online
ORD-100840,30-11-2024,South,Apparel,Jackets,Apparel Jackets,5659,Regular,7,39.1,0.0199,268.26,78.53,59,Retail
ORD-100841,13-03-2022,East,Office Supplies,Stationery,Office Supplies Stationery,4607,New,7,144.77,0.0965,915.56,346.8,42,Retail
ORD-100842,26-11-2023,Central,Office Supplies,Paper,Office Supplies Paper,1322,Regular,2,20.85,0.0811,38.32,10.57,36,Wholesale
ORD-100843,28-01-2022,Central,Office Supplies,Binders,Office Supplies Binders,4041,VIP,3,89.4,0.0073,266.24,89.37,50,Retail
ORD-100844,02-12-2022,West,Electronics,Phone,Electronics Phone,4783,Regular,1,122.55,0.0891,111.63,40.59,22,Wholesale
ORD-100845,12-04-2022,South,Apparel,Footwear,Apparel Footwear,6812,VIP,2,134.73,0.0426,257.98,72.37,70,Retail
ORD-100846,28-07-2023,East,Apparel,Shirts,Apparel Shirts,6320,Regular,7,183.55,0.1548,1085.94,339.56,27,Online
ORD-100847,14-03-2024,North,Office Supplies,Paper,Office Supplies Paper,6180,Regular,7,176.85,0.0384,1190.38,346.81,60,Wholesale
ORD-100848,11-08-2023,South,Office Supplies,Stationery,Office Supplies Stationery,5211,New,3,149.2,0.0091,443.52,171.4,60,Retail
ORD-100849,03-06-2024,Central,Furniture,Desk,Furniture Desk,6855,Regular,4,31.02,0.0348,119.76,44.02,48,Online
ORD-100850,06-04-2024,South,Furniture,Chair,Furniture Chair,3978,VIP,2,61.23,0.0169,120.39,29.74,48,Wholesale
ORD-100851,02-08-2022,South,Office Supplies,Binders,Office Supplies Binders,6689,Regular,2,161.1,0.038,309.95,94.96,33,Online
ORD-100852,04-02-2025,South,Furniture,Chair,Furniture Chair,5806,New,5,153.47,0.0687,714.63,229.28,40,Wholesale
ORD-100853,31-01-2022,South,Apparel,Jackets,Apparel Jackets,1943,New,2,215.14,0.1979,345.12,80.83,50,Wholesale
ORD-100854,24-01-2022,Central,Electronics,Laptop,Electronics Laptop,3189,New,7,215,0.0558,1421.03,585.3,49,Retail
ORD-100855,06-02-2024,Central,Apparel,Shirts,Apparel Shirts,2513,VIP,7,148.62,0.0461,992.33,404.13,28,Wholesale
ORD-100856,09-04-2022,East,Office Supplies,Binders,Office Supplies Binders,1461,New,6,41.6,0.0545,236,78.23,32,Online
ORD-100857,21-01-2024,Central,Office Supplies,Stationery,Office Supplies Stationery,2116,Regular,5,164.61,0.0122,813.04,303.89,44,Online
ORD-100858,27-11-2024,East,Apparel,Footwear,Apparel Footwear,2830,Regular,3,47.5,0.0401,136.78,27.44,68,Retail
ORD-100859,10-04-2022,North,Office Supplies,Paper,Office Supplies Paper,2573,VIP,1,128.3,0.0797,118.07,31.31,44,Wholesale
ORD-100860,28-04-2024,South,Electronics,Laptop,Electronics Laptop,6916,New,2,210.79,0.1456,360.2,123.14,66,Wholesale
ORD-100861,27-06-2022,East,Office Supplies,Binders,Office Supplies Binders,1690,At Risk,2,145.83,0.028,283.5,94.55,29,Retail
ORD-100862,21-03-2024,East,Office Supplies,Binders,Office Supplies Binders,1344,New,4,145.07,0.0307,562.44,111.46,21,Retail
ORD-100863,25-02-2024,West,Electronics,Laptop,Electronics Laptop,5308,Regular,2,30.44,0.0514,57.75,11.41,32,Wholesale
ORD-100864,27-09-2022,South,Electronics,Accessories,Electronics Accessories,5858,VIP,7,190.83,0.0957,1207.95,427.44,44,Online
ORD-100865,04-02-2024,North,Apparel,Jackets,Apparel Jackets,3908,Regular,2,56.27,0.0878,102.66,23.29,32,Wholesale
ORD-100866,08-08-2022,Central,Furniture,Lighting,Furniture Lighting,4040,At Risk,4,125.61,0.1381,433.06,143.75,42,Online
ORD-100867,10-06-2023,South,Electronics,Laptop,Electronics Laptop,1426,New,5,139.07,0.0799,639.77,229.27,59,Wholesale
ORD-100868,27-09-2022,North,Office Supplies,Stationery,Office Supplies Stationery,6695,Regular,2,152.24,0.0211,298.05,99.77,37,Online
ORD-100869,28-08-2024,Central,Office Supplies,Binders,Office Supplies Binders,2772,Regular,6,164.82,0.0381,951.21,284.86,46,Retail
ORD-100870,29-08-2022,North,Office Supplies,Paper,Office Supplies Paper,6098,Regular,1,180.19,0.0679,167.96,47.39,44,Online
ORD-100871,21-04-2023,West,Apparel,Accessories,Apparel Accessories,5557,Regular,3,72.79,0.0291,212.02,88.83,40,Wholesale
ORD-100872,01-12-2022,Central,Apparel,Accessories,Apparel Accessories,6567,At Risk,4,126.87,0.0337,490.37,135.81,26,Retail
ORD-100873,03-02-2022,East,Office Supplies,Ink,Office Supplies Ink,2739,At Risk,7,48.18,0.1012,303.13,65.64,23,Retail
ORD-100874,01-06-2024,North,Electronics,Tablet,Electronics Tablet,4298,New,7,96.56,0.1126,599.84,117.3,52,Online
ORD-100875,02-12-2022,South,Apparel,Shirts,Apparel Shirts,1762,Regular,3,171.03,0.0625,481.04,133.26,24,Wholesale
ORD-100876,03-01-2022,East,Apparel,Accessories,Apparel Accessories,2587,Regular,2,37.25,0.1168,65.8,21.41,67,Wholesale
ORD-100877,28-10-2022,North,Electronics,Tablet,Electronics Tablet,6639,Regular,6,79.69,0.0534,452.61,145.53,53,Online
ORD-100878,17-01-2024,East,Electronics,Tablet,Electronics Tablet,4062,VIP,3,96.75,0.0517,275.24,93.46,71,Wholesale
ORD-100879,09-06-2022,East,Apparel,Accessories,Apparel Accessories,6350,At Risk,7,84.19,0.094,533.92,163.33,64,Online
ORD-100880,25-11-2024,West,Electronics,Phone,Electronics Phone,5420,New,1,78.39,0.0343,75.7,26.22,41,Online
ORD-100881,12-06-2024,Central,Furniture,Storage,Furniture Storage,4267,VIP,3,175.53,0.1186,464.12,174.27,41,Online
ORD-100882,03-03-2024,West,Office Supplies,Ink,Office Supplies Ink,4101,New,1,147.69,0.1497,125.59,29.74,63,Online
ORD-100883,23-02-2022,South,Electronics,Accessories,Electronics Accessories,4649,New,2,23.53,0.0349,45.42,14.8,30,Wholesale
ORD-100884,27-09-2022,North,Office Supplies,Ink,Office Supplies Ink,5141,At Risk,4,31.33,0.0612,117.65,38.95,54,Online
ORD-100885,29-07-2022,South,Apparel,Jackets,Apparel Jackets,1031,New,6,99.91,0.0655,560.17,161.16,30,Retail
ORD-100886,27-12-2024,East,Electronics,Accessories,Electronics Accessories,3730,Regular,6,123.03,0.0734,684,262.58,42,Online
ORD-100887,20-07-2023,East,Electronics,Tablet,Electronics Tablet,6790,At Risk,4,138.97,0.1312,482.97,151.04,71,Wholesale
ORD-100888,31-03-2023,East,Furniture,Desk,Furniture Desk,2524,New,6,159.64,0.0013,956.63,323.52,33,Retail
ORD-100889,24-08-2023,South,Office Supplies,Paper,Office Supplies Paper,4003,New,5,31.99,0.0354,154.29,56.88,37,Online
ORD-100890,22-02-2022,North,Apparel,Footwear,Apparel Footwear,4939,VIP,3,69.95,0.0117,207.4,46.06,35,Retail
ORD-100891,28-05-2022,Central,Electronics,Phone,Electronics Phone,3075,Regular,4,65.08,0.163,217.88,87.07,28,Retail
ORD-100892,13-01-2022,West,Office Supplies,Paper,Office Supplies Paper,4263,At Risk,3,185.03,0.0533,525.48,123.02,38,Online
ORD-100893,25-08-2023,East,Office Supplies,Stationery,Office Supplies Stationery,5251,Regular,1,129.49,0.1139,114.74,38.11,68,Wholesale
ORD-100894,28-01-2023,South,Furniture,Lighting,Furniture Lighting,4385,Regular,3,102.57,0.0829,282.21,57.28,28,Wholesale
ORD-100895,10-02-2022,West,Office Supplies,Binders,Office Supplies Binders,4051,VIP,4,35.04,0.0342,135.36,33.83,27,Online
ORD-100896,09-07-2024,North,Furniture,Storage,Furniture Storage,6418,VIP,5,65.87,0.0988,296.8,111.76,54,Online
ORD-100897,21-10-2023,North,Office Supplies,Paper,Office Supplies Paper,6966,New,5,182.87,0.0094,905.74,192.23,24,Retail
ORD-100898,06-07-2023,North,Furniture,Chair,Furniture Chair,1858,Regular,4,215.3,0.0986,776.25,173.19,30,Retail
ORD-100899,23-04-2022,Central,Office Supplies,Binders,Office Supplies Binders,3020,At Risk,5,148.48,0.0194,727.98,153.03,42,Online
ORD-100900,29-03-2025,West,Electronics,Tablet,Electronics Tablet,4645,Regular,7,211.79,0.0866,1354.16,338.56,46,Retail
ORD-100901,18-06-2022,West,Furniture,Desk,Furniture Desk,3680,Regular,7,81.87,0.0433,548.25,192.27,49,Online
ORD-100902,31-12-2022,East,Electronics,Phone,Electronics Phone,3374,New,3,215.87,0.1402,556.8,106.09,25,Online
ORD-100903,04-05-2022,South,Apparel,Footwear,Apparel Footwear,5753,Regular,4,73.09,0.0891,266.32,111.63,51,Online
ORD-100904,15-01-2025,North,Electronics,Laptop,Electronics Laptop,6275,New,6,150.09,0.0364,867.77,364.35,48,Wholesale
ORD-100905,17-01-2024,South,Apparel,Footwear,Apparel Footwear,4217,Regular,3,22.99,0.025,67.25,22.38,37,Retail
ORD-100906,26-04-2024,Central,Apparel,Shirts,Apparel Shirts,1139,New,5,158.06,0.0593,743.46,203.07,59,Wholesale
ORD-100907,26-11-2024,East,Apparel,Footwear,Apparel Footwear,5876,Regular,7,34.07,0.0983,215.05,50.1,36,Online
ORD-100908,24-12-2024,West,Office Supplies,Binders,Office Supplies Binders,5800,Regular,3,53.84,0.0161,158.91,55.83,40,Retail
ORD-100909,08-06-2022,Central,Electronics,Phone,Electronics Phone,4934,At Risk,1,181.85,0.0904,165.42,56.26,61,Online
ORD-100910,31-01-2024,North,Electronics,Phone,Electronics Phone,4962,At Risk,3,27.24,0.0758,75.53,28.22,62,Retail
ORD-100911,28-01-2023,North,Furniture,Lighting,Furniture Lighting,6163,At Risk,4,91.9,0.0044,365.98,66.8,21,Retail
ORD-100912,14-10-2023,West,Apparel,Shirts,Apparel Shirts,2874,Regular,4,34.78,0.0265,135.44,34.2,35,Online
ORD-100913,29-05-2022,North,Apparel,Accessories,Apparel Accessories,6277,Regular,7,41.31,0.0377,278.27,99.21,43,Wholesale
ORD-100914,25-02-2022,West,Furniture,Lighting,Furniture Lighting,5952,New,3,84.31,0.0643,236.67,45.79,42,Retail
ORD-100915,26-07-2023,West,Office Supplies,Paper,Office Supplies Paper,1264,At Risk,3,88.03,0.1643,220.7,56.56,67,Wholesale
ORD-100916,04-11-2023,North,Electronics,Laptop,Electronics Laptop,4235,Regular,4,41.55,0.075,153.74,33.09,41,Retail
ORD-100917,30-11-2024,Central,Furniture,Lighting,Furniture Lighting,2319,New,2,157.34,0.018,309,120.36,37,Retail
ORD-100918,28-02-2022,Central,Electronics,Tablet,Electronics Tablet,1532,New,6,135.96,0.0648,762.93,159.08,52,Online
ORD-100919,01-01-2022,North,Furniture,Lighting,Furniture Lighting,1594,At Risk,3,156.49,0.0483,446.79,125.59,46,Retail
ORD-100920,14-11-2023,West,Office Supplies,Paper,Office Supplies Paper,2233,Regular,3,71.62,0.0437,205.46,64.84,30,Wholesale
ORD-100921,12-04-2024,South,Office Supplies,Paper,Office Supplies Paper,1356,New,2,159.69,0.0752,295.35,105.59,43,Wholesale
ORD-100922,30-03-2022,Central,Office Supplies,Binders,Office Supplies Binders,3166,New,1,125.52,0.0668,117.13,28.09,52,Wholesale
ORD-100923,08-03-2023,North,Electronics,Phone,Electronics Phone,2797,Regular,7,20.67,0.1735,119.59,22.89,63,Retail
ORD-100924,21-01-2025,Central,Electronics,Phone,Electronics Phone,6892,VIP,1,202.03,0.1009,181.64,50.6,44,Retail
ORD-100925,01-10-2024,West,Apparel,Accessories,Apparel Accessories,1398,At Risk,1,68.67,0.0322,66.46,24.57,50,Online
ORD-100926,19-10-2024,West,Office Supplies,Paper,Office Supplies Paper,3124,Regular,3,57.58,0.0405,165.75,68.97,53,Wholesale
ORD-100927,10-06-2023,South,Apparel,Footwear,Apparel Footwear,2197,At Risk,5,57.03,0.0824,261.64,66.26,24,Wholesale
ORD-100928,22-02-2023,East,Apparel,Footwear,Apparel Footwear,4994,New,4,167.9,0.1496,571.13,181.34,41,Retail
ORD-100929,08-11-2024,Central,Office Supplies,Ink,Office Supplies Ink,4047,Regular,1,44.6,0.0812,40.98,13.01,48,Wholesale
ORD-100930,15-10-2024,South,Office Supplies,Paper,Office Supplies Paper,4053,Regular,1,214.85,0.0499,204.13,65.18,38,Online
ORD-100931,11-10-2022,East,Electronics,Phone,Electronics Phone,3225,New,4,197.72,0.054,748.18,168.56,54,Wholesale
ORD-100932,20-01-2025,East,Office Supplies,Binders,Office Supplies Binders,5299,Regular,2,174.41,0.0273,339.29,129.31,44,Retail
ORD-100933,08-03-2023,North,Office Supplies,Binders,Office Supplies Binders,2584,VIP,4,118.45,0.0238,462.54,137.13,37,Retail
ORD-100934,01-05-2024,North,Office Supplies,Stationery,Office Supplies Stationery,4244,VIP,4,58.66,0.1312,203.87,57.98,22,Retail
ORD-100935,10-10-2022,North,Apparel,Accessories,Apparel Accessories,1668,New,4,68.9,0.0155,271.33,82.81,49,Online
ORD-100936,08-01-2024,East,Office Supplies,Ink,Office Supplies Ink,5902,New,7,172.69,0.0178,1187.27,268.78,47,Wholesale
ORD-100937,23-11-2023,Central,Apparel,Accessories,Apparel Accessories,4880,Regular,5,108.12,0.114,478.98,192.83,68,Online
ORD-100938,03-12-2023,West,Office Supplies,Stationery,Office Supplies Stationery,2205,New,1,176.41,0.031,170.94,31.72,29,Online
ORD-100939,07-01-2023,West,Office Supplies,Ink,Office Supplies Ink,3828,At Risk,7,36.71,0.046,245.14,69.06,50,Online
ORD-100940,06-08-2023,Central,Office Supplies,Ink,Office Supplies Ink,5708,New,5,105.17,0.0228,513.84,153.46,59,Online
ORD-100941,05-10-2022,East,Apparel,Shirts,Apparel Shirts,6507,At Risk,4,104.2,0.0542,394.21,122.5,56,Online
ORD-100942,11-04-2022,West,Apparel,Footwear,Apparel Footwear,2649,New,7,115.16,0.0819,740.14,271.82,64,Retail
ORD-100943,21-04-2023,East,Electronics,Accessories,Electronics Accessories,6839,Regular,7,152.36,0.0659,996.19,271.1,69,Online
ORD-100944,03-11-2022,South,Furniture,Storage,Furniture Storage,4439,New,3,173.47,0.095,470.99,133.81,59,Online
ORD-100945,14-03-2025,Central,Apparel,Shirts,Apparel Shirts,5774,New,3,149.14,0.0535,423.48,177.2,33,Retail
ORD-100946,25-06-2023,Central,Furniture,Storage,Furniture Storage,3632,At Risk,5,200.09,0.1182,882.17,322.07,30,Retail
ORD-100947,25-07-2022,West,Electronics,Accessories,Electronics Accessories,5650,Regular,6,171.21,0.0196,1007.14,314.08,42,Wholesale
ORD-100948,04-05-2023,South,Electronics,Laptop,Electronics Laptop,2029,At Risk,4,32.31,0.029,125.49,45.16,29,Online
ORD-100949,11-12-2024,West,Furniture,Desk,Furniture Desk,6772,Regular,6,150.5,0.0819,829.05,217.8,41,Wholesale
ORD-100950,23-02-2023,South,Electronics,Accessories,Electronics Accessories,5653,VIP,2,123.7,0.114,219.2,80.12,55,Online
ORD-100951,06-12-2023,Central,Apparel,Jackets,Apparel Jackets,4338,Regular,2,126.56,0.0683,235.84,85.99,50,Wholesale
ORD-100952,29-03-2022,South,Furniture,Storage,Furniture Storage,6057,VIP,2,87.25,0.0556,164.79,46.69,63,Online
ORD-100953,25-01-2023,West,Apparel,Footwear,Apparel Footwear,4413,At Risk,4,122.9,0.0263,478.67,175.04,41,Retail
ORD-100954,15-04-2022,North,Furniture,Storage,Furniture Storage,3491,VIP,7,121.84,0.0225,833.66,344.55,53,Online
ORD-100955,17-03-2022,Central,Office Supplies,Binders,Office Supplies Binders,4697,VIP,4,105.68,0.0633,395.95,78,33,Wholesale
ORD-100956,01-07-2024,South,Office Supplies,Ink,Office Supplies Ink,5749,At Risk,3,106.37,0.1493,271.45,98.89,51,Online
ORD-100957,21-11-2024,Central,Electronics,Laptop,Electronics Laptop,4504,New,4,95.65,0.1128,339.46,100.71,56,Retail
ORD-100958,25-11-2023,East,Apparel,Accessories,Apparel Accessories,5097,Regular,2,67.43,0.0225,131.82,33.16,61,Wholesale
ORD-100959,03-02-2024,South,Office Supplies,Paper,Office Supplies Paper,6813,New,5,198.56,0.0702,923.06,340.3,51,Wholesale
ORD-100960,21-01-2023,East,Office Supplies,Paper,Office Supplies Paper,5897,Regular,4,73.07,0.0201,286.42,61.43,52,Retail
ORD-100961,17-04-2024,Central,Furniture,Lighting,Furniture Lighting,3736,VIP,6,115.61,0.097,626.37,146.29,69,Retail
ORD-100962,06-02-2022,East,Furniture,Lighting,Furniture Lighting,1615,New,5,59.19,0.0262,288.19,91.59,27,Retail
ORD-100963,27-04-2022,North,Apparel,Accessories,Apparel Accessories,3992,Regular,5,186.21,0.0467,887.53,336.1,56,Wholesale
ORD-100964,28-03-2025,West,Furniture,Desk,Furniture Desk,4062,At Risk,5,33.86,0.1097,150.73,49.01,41,Wholesale
ORD-100965,06-07-2024,North,Apparel,Shirts,Apparel Shirts,1853,Regular,2,153.93,0.0738,285.14,95.5,44,Wholesale
ORD-100966,06-06-2023,North,Apparel,Footwear,Apparel Footwear,2055,Regular,6,142.94,0.0768,791.8,249.69,21,Online
ORD-100967,11-02-2022,East,Furniture,Storage,Furniture Storage,6919,New,4,219.7,0.0376,845.76,257.65,50,Online
ORD-100968,27-03-2025,South,Office Supplies,Stationery,Office Supplies Stationery,3780,New,4,92.25,0.0448,352.47,130.24,50,Online
ORD-100969,16-07-2024,East,Apparel,Footwear,Apparel Footwear,3980,Regular,1,187.11,0.0955,169.25,58.13,49,Online
ORD-100970,14-07-2023,Central,Office Supplies,Binders,Office Supplies Binders,3909,VIP,6,205.96,0.1001,1112.09,419.92,23,Retail
ORD-100971,26-10-2022,North,Furniture,Storage,Furniture Storage,5804,Regular,5,179.23,0.065,837.87,180.88,24,Retail
ORD-100972,26-07-2023,West,Apparel,Shirts,Apparel Shirts,3908,VIP,2,113,0.0041,225.07,47.92,24,Online
ORD-100973,30-01-2025,Central,Electronics,Laptop,Electronics Laptop,4138,VIP,7,213.76,0.0379,1439.54,583.92,41,Wholesale
ORD-100974,27-10-2022,North,Electronics,Accessories,Electronics Accessories,1368,Regular,2,130.02,0.117,229.63,92.9,54,Retail
ORD-100975,28-12-2022,East,Office Supplies,Binders,Office Supplies Binders,1608,VIP,5,34.33,0.0789,158.11,35.41,50,Retail
ORD-100976,18-02-2024,West,Furniture,Chair,Furniture Chair,4158,VIP,3,142.24,0.0778,393.54,135.48,52,Online
ORD-100977,19-02-2023,North,Electronics,Accessories,Electronics Accessories,1731,VIP,7,164.93,0.0884,1052.47,243.61,51,Wholesale
ORD-100978,07-03-2022,West,Office Supplies,Ink,Office Supplies Ink,4038,VIP,4,110.53,0.1147,391.39,96.09,33,Retail
ORD-100979,20-03-2024,North,Office Supplies,Stationery,Office Supplies Stationery,3346,Regular,4,172.48,0.0337,666.68,125.32,25,Online
ORD-100980,13-03-2025,South,Office Supplies,Stationery,Office Supplies Stationery,1882,Regular,7,183.62,0.0416,1231.92,368.39,31,Retail
ORD-100981,07-05-2022,North,Apparel,Footwear,Apparel Footwear,5604,At Risk,7,192.27,0.0838,1233.04,333.63,60,Online
ORD-100982,18-10-2022,West,Furniture,Chair,Furniture Chair,3783,At Risk,1,156.71,0.1058,140.13,28.72,68,Online
ORD-100983,29-04-2023,East,Furniture,Storage,Furniture Storage,2471,Regular,7,33.24,0.0358,224.34,78.63,41,Retail
ORD-100984,22-02-2024,South,Office Supplies,Stationery,Office Supplies Stationery,6785,At Risk,1,105.34,0.0701,97.96,26.3,60,Online
ORD-100985,01-11-2023,West,Electronics,Tablet,Electronics Tablet,6375,At Risk,3,91.99,0.0479,262.75,71.83,66,Online
ORD-100986,11-01-2024,Central,Apparel,Accessories,Apparel Accessories,6512,Regular,2,151.93,0.0989,273.81,112.36,54,Wholesale
ORD-100987,09-07-2023,West,Apparel,Jackets,Apparel Jackets,3300,New,1,207.66,0.0654,194.09,79.08,52,Retail
ORD-100988,31-03-2025,North,Furniture,Desk,Furniture Desk,2125,New,7,212.64,0.0379,1432.11,582.31,63,Retail
ORD-100989,24-10-2023,East,Furniture,Chair,Furniture Chair,6477,At Risk,6,100.02,0.0228,586.46,180.37,67,Retail
ORD-100990,23-11-2022,North,Furniture,Lighting,Furniture Lighting,1837,New,6,162.29,0.0117,962.38,302.78,48,Online
ORD-100991,20-09-2024,East,Apparel,Shirts,Apparel Shirts,5583,Regular,1,128.61,0.077,118.71,48.96,61,Wholesale
ORD-100992,26-08-2024,South,Electronics,Tablet,Electronics Tablet,3032,Regular,6,196.81,0.0268,1149.19,475.77,32,Retail
ORD-100993,30-04-2023,West,Office Supplies,Stationery,Office Supplies Stationery,5117,New,6,106.16,0.0739,589.86,207.53,47,Online
ORD-100994,16-08-2023,Central,Apparel,Jackets,Apparel Jackets,3266,At Risk,2,72.63,0.1371,125.34,38.16,43,Retail
ORD-100995,14-10-2024,North,Office Supplies,Ink,Office Supplies Ink,2969,At Risk,3,167.73,0.0511,477.49,137.37,27,Retail
ORD-100996,10-06-2022,West,Furniture,Storage,Furniture Storage,6231,Regular,2,103.76,0.0204,203.28,82.25,45,Online
ORD-100997,24-11-2023,North,Furniture,Desk,Furniture Desk,2686,New,4,64.37,0.0318,249.28,68,59,Wholesale
ORD-100998,12-11-2024,East,Electronics,Laptop,Electronics Laptop,6739,Regular,5,83.05,0.0249,404.89,136.75,71,Wholesale
ORD-100999,30-04-2024,West,Electronics,Phone,Electronics Phone,6992,Regular,7,166.35,0.0593,1095.36,259.55,69,Wholesale
ORD-101000,21-02-2022,Central,Furniture,Desk,Furniture Desk,1311,VIP,3,154.46,0.0276,450.61,153.26,66,Retail
ORD-101001,27-07-2022,Central,Apparel,Shirts,Apparel Shirts,3700,VIP,2,105.73,0.1621,177.18,49.97,35,Retail
ORD-101002,18-07-2022,North,Furniture,Desk,Furniture Desk,3657,Regular,1,153.77,0.046,146.7,60.01,46,Online
ORD-101003,25-09-2022,North,Furniture,Chair,Furniture Chair,5740,New,7,68.1,0.0972,430.37,173.51,56,Wholesale
ORD-101004,29-07-2023,East,Apparel,Jackets,Apparel Jackets,2961,New,6,78.49,0.0326,455.6,95.51,57,Online
ORD-101005,08-04-2024,South,Electronics,Phone,Electronics Phone,1877,New,3,66.06,0.0728,183.75,71.72,48,Online
ORD-101006,15-08-2022,South,Furniture,Lighting,Furniture Lighting,2500,VIP,3,206.29,0.0318,599.19,212.51,42,Wholesale
ORD-101007,30-04-2024,West,Electronics,Tablet,Electronics Tablet,6739,VIP,7,136.09,0.0737,882.38,285.84,30,Online
ORD-101008,13-01-2024,Central,Electronics,Tablet,Electronics Tablet,1395,At Risk,4,99.51,0.043,380.92,79.29,60,Retail
ORD-101009,17-02-2024,South,Office Supplies,Ink,Office Supplies Ink,1100,Regular,1,54.89,0.138,47.32,16.11,66,Online
ORD-101010,15-07-2022,South,Electronics,Tablet,Electronics Tablet,4872,Regular,7,182.38,0.0675,1190.48,237.06,37,Online
ORD-101011,30-11-2024,Central,Electronics,Tablet,Electronics Tablet,4140,Regular,4,173.74,0.0112,687.16,172.07,63,Wholesale
ORD-101012,15-06-2024,South,Office Supplies,Ink,Office Supplies Ink,6963,New,3,30.88,0.0942,83.91,30.35,58,Wholesale
ORD-101013,09-08-2024,West,Electronics,Laptop,Electronics Laptop,4003,New,5,149.02,0.0159,733.26,176.02,67,Retail
ORD-101014,25-07-2024,East,Furniture,Chair,Furniture Chair,2199,New,6,114.84,0.0516,653.51,159.89,57,Retail
ORD-101015,15-10-2023,West,Apparel,Jackets,Apparel Jackets,1371,New,6,47.33,0.0364,273.63,70.21,60,Online
ORD-101016,02-09-2022,North,Apparel,Shirts,Apparel Shirts,3118,New,7,46.89,0.0436,313.93,102.04,44,Retail
ORD-101017,01-11-2024,West,Electronics,Phone,Electronics Phone,6768,New,3,206.31,0.026,602.86,132.18,54,Retail
ORD-101018,17-10-2024,Central,Furniture,Storage,Furniture Storage,6256,VIP,5,166.94,0.0784,769.29,295.2,29,Wholesale
ORD-101019,08-11-2022,South,Office Supplies,Ink,Office Supplies Ink,1064,At Risk,5,65.49,0.0833,300.18,61.58,68,Online
ORD-101020,17-01-2022,North,Furniture,Chair,Furniture Chair,2486,VIP,6,90.28,0.0101,536.18,140.36,25,Wholesale
ORD-101021,22-09-2024,East,Electronics,Tablet,Electronics Tablet,4645,At Risk,7,211.3,0.0286,1436.83,342.94,48,Retail
ORD-101022,19-09-2022,East,Office Supplies,Stationery,Office Supplies Stationery,2087,Regular,2,85.24,0.0411,163.47,31.67,49,Retail
ORD-101023,06-03-2022,South,Apparel,Shirts,Apparel Shirts,1242,Regular,6,49.33,0.0137,291.92,66.59,61,Online
ORD-101024,07-07-2023,Central,Apparel,Footwear,Apparel Footwear,2836,At Risk,1,145.51,0.0697,135.37,50.78,32,Online
ORD-101025,04-06-2022,West,Furniture,Lighting,Furniture Lighting,1376,At Risk,6,33.1,0.1071,177.33,59.53,46,Online
ORD-101026,03-10-2023,East,Furniture,Desk,Furniture Desk,2510,Regular,6,48.04,0.0272,280.39,81.05,59,Wholesale
ORD-101027,11-11-2024,Central,Furniture,Lighting,Furniture Lighting,6030,VIP,7,163.27,0.0438,1092.89,240.06,36,Online
ORD-101028,15-05-2023,Central,Office Supplies,Stationery,Office Supplies Stationery,3234,VIP,4,122.57,0.0258,477.64,149.64,26,Wholesale
ORD-101029,11-07-2024,South,Office Supplies,Binders,Office Supplies Binders,5892,Regular,6,208.41,0.1514,1061.12,210.67,39,Wholesale
ORD-101030,10-07-2022,South,Apparel,Footwear,Apparel Footwear,6319,New,5,46.44,0.059,218.49,67.64,45,Retail
ORD-101031,25-06-2024,East,Electronics,Tablet,Electronics Tablet,2927,VIP,3,74.76,0.0438,214.46,79.18,64,Online
ORD-101032,14-10-2023,East,Office Supplies,Ink,Office Supplies Ink,6762,VIP,5,93.46,0.0426,447.39,86.25,24,Wholesale
ORD-101033,15-08-2023,West,Electronics,Laptop,Electronics Laptop,4916,Regular,7,77.95,0.0666,509.33,140.45,55,Retail
ORD-101034,09-04-2022,Central,Electronics,Laptop,Electronics Laptop,1146,New,3,50.57,0.1789,124.56,41.08,40,Online
ORD-101035,03-12-2022,Central,Office Supplies,Binders,Office Supplies Binders,6728,Regular,1,194.12,0.0077,192.62,35.97,70,Online
ORD-101036,12-03-2023,East,Office Supplies,Stationery,Office Supplies Stationery,6928,New,4,126.68,0.0565,478.1,156.39,61,Wholesale
ORD-101037,08-08-2023,South,Furniture,Desk,Furniture Desk,6158,New,7,81.18,0.0351,548.29,133.63,55,Retail
ORD-101038,01-06-2023,East,Apparel,Accessories,Apparel Accessories,4418,New,4,100.95,0.0825,370.47,137.09,63,Online
ORD-101039,14-07-2024,South,Office Supplies,Stationery,Office Supplies Stationery,4466,Regular,4,29.94,0.1422,102.73,30.79,39,Online
ORD-101040,26-08-2024,West,Apparel,Accessories,Apparel Accessories,1297,VIP,5,105.57,0.0977,476.3,125.42,41,Online
ORD-101041,10-06-2022,South,Office Supplies,Ink,Office Supplies Ink,4458,At Risk,4,42.3,0.07,157.36,55.5,68,Retail
ORD-101042,15-10-2023,South,Apparel,Footwear,Apparel Footwear,2136,Regular,4,50.68,0.0231,198.03,63.84,32,Wholesale
ORD-101043,23-01-2023,North,Apparel,Accessories,Apparel Accessories,5836,At Risk,4,33.6,0.0215,131.52,39.29,70,Wholesale
ORD-101044,05-04-2023,Central,Furniture,Lighting,Furniture Lighting,6833,At Risk,2,175.27,0.1919,283.28,67.08,37,Wholesale
ORD-101045,16-05-2023,West,Office Supplies,Binders,Office Supplies Binders,3283,New,7,115.21,0.0695,750.39,182.34,70,Wholesale
ORD-101046,02-05-2022,West,Electronics,Accessories,Electronics Accessories,3358,Regular,1,38.37,0.0571,36.18,13.26,25,Wholesale
ORD-101047,09-02-2023,East,Electronics,Accessories,Electronics Accessories,2720,New,7,67.84,0.0445,453.74,171.21,30,Online
ORD-101048,20-03-2025,East,Electronics,Accessories,Electronics Accessories,5026,Regular,3,155.57,0.0684,434.8,131.58,29,Wholesale
ORD-101049,30-12-2024,South,Office Supplies,Paper,Office Supplies Paper,5367,At Risk,3,35.3,0.058,99.75,31.91,41,Retail
ORD-101050,27-09-2024,South,Furniture,Desk,Furniture Desk,4164,Regular,6,132.57,0.0392,764.21,257.7,54,Online
ORD-101051,15-07-2024,South,Apparel,Footwear,Apparel Footwear,2808,Regular,1,97.56,0.102,87.61,25.36,49,Wholesale
ORD-101052,05-02-2024,East,Furniture,Chair,Furniture Chair,5659,Regular,3,21.05,0.0093,62.57,16.73,68,Retail
ORD-101053,07-11-2024,Central,Furniture,Chair,Furniture Chair,6064,At Risk,1,188.33,0.0194,184.68,42.23,23,Wholesale
ORD-101054,12-11-2022,North,Electronics,Phone,Electronics Phone,6075,Regular,4,166.42,0.0807,611.97,224.93,60,Online
ORD-101055,22-05-2022,Central,Office Supplies,Paper,Office Supplies Paper,4122,Regular,1,35.98,0.1669,29.98,6.08,52,Retail
ORD-101056,09-11-2024,West,Apparel,Footwear,Apparel Footwear,5313,Regular,4,135.48,0.1669,451.45,114.6,42,Online
ORD-101057,29-06-2023,West,Electronics,Phone,Electronics Phone,5201,VIP,4,56.19,0.1551,189.9,72.3,66,Wholesale
ORD-101058,28-08-2024,North,Apparel,Shirts,Apparel Shirts,5280,Regular,2,135.87,0.0478,258.75,102.64,71,Online
ORD-101059,07-01-2023,North,Electronics,Phone,Electronics Phone,6159,VIP,1,42.89,0.0344,41.42,16.99,36,Retail
ORD-101060,29-11-2023,South,Furniture,Chair,Furniture Chair,3842,Regular,7,33.86,0.0523,224.62,81.11,55,Online
ORD-101061,29-03-2023,West,Electronics,Phone,Electronics Phone,3049,Regular,4,149.8,0.0332,579.33,154.56,22,Wholesale
ORD-101062,29-09-2023,West,Electronics,Laptop,Electronics Laptop,5195,Regular,1,147.75,0.0749,136.68,30.78,44,Wholesale
ORD-101063,22-02-2024,Central,Office Supplies,Stationery,Office Supplies Stationery,5015,New,1,167.4,0.0937,151.71,55.12,66,Retail
ORD-101064,07-06-2024,Central,Office Supplies,Stationery,Office Supplies Stationery,5041,VIP,3,142.16,0.0824,391.35,114.26,66,Wholesale
ORD-101065,07-08-2023,North,Apparel,Shirts,Apparel Shirts,4862,VIP,2,67.45,0.073,125.06,46.06,41,Retail
ORD-101066,09-12-2022,North,Office Supplies,Binders,Office Supplies Binders,2090,Regular,5,69.32,0.0559,327.22,93.55,45,Online
ORD-101067,23-09-2023,West,Apparel,Footwear,Apparel Footwear,4809,At Risk,1,23.16,0.0689,21.56,6.22,47,Retail
ORD-101068,08-09-2023,Central,Apparel,Jackets,Apparel Jackets,1349,New,3,45.24,0.0523,128.62,33.02,61,Online
ORD-101069,11-01-2024,East,Office Supplies,Ink,Office Supplies Ink,6711,Regular,4,219.08,0.0648,819.51,216.64,58,Wholesale
ORD-101070,18-09-2022,Central,Electronics,Accessories,Electronics Accessories,4653,New,2,157.71,0.0582,297.08,56.25,30,Online
ORD-101071,11-12-2023,West,Office Supplies,Ink,Office Supplies Ink,4553,VIP,4,209.87,0.0112,830.08,307.97,27,Online
ORD-101072,04-07-2022,South,Furniture,Chair,Furniture Chair,5789,Regular,4,26.61,0.0643,99.6,20.35,56,Retail
ORD-101073,03-12-2022,South,Furniture,Desk,Furniture Desk,5288,New,4,143.57,0.0623,538.5,206.96,38,Wholesale
ORD-101074,28-03-2025,North,Furniture,Desk,Furniture Desk,5768,VIP,4,153.52,0.2317,471.8,167.82,69,Wholesale
ORD-101075,23-02-2023,Central,Electronics,Accessories,Electronics Accessories,5487,Regular,4,163.25,0.0587,614.69,204.39,63,Wholesale
ORD-101076,10-12-2024,South,Office Supplies,Paper,Office Supplies Paper,3155,At Risk,4,164.66,0.0185,646.45,145.06,40,Retail
ORD-101077,02-06-2023,South,Electronics,Accessories,Electronics Accessories,3629,Regular,4,190.99,0.1364,659.77,139.06,30,Wholesale
ORD-101078,10-08-2023,East,Electronics,Laptop,Electronics Laptop,5522,New,1,69.19,0.0747,64.02,19.49,31,Online
ORD-101079,29-09-2022,Central,Apparel,Accessories,Apparel Accessories,2928,At Risk,1,40.77,0.0283,39.62,15.56,55,Retail
ORD-101080,26-06-2023,South,Electronics,Phone,Electronics Phone,2072,New,4,80.13,0.0191,314.4,126.09,55,Online
ORD-101081,11-03-2023,East,Apparel,Accessories,Apparel Accessories,5828,New,3,31.93,0.0757,88.54,23.45,66,Online
ORD-101082,29-07-2022,South,Apparel,Jackets,Apparel Jackets,2415,New,4,201.59,0.036,777.33,306.64,49,Online
ORD-101083,06-03-2022,East,Furniture,Desk,Furniture Desk,6486,At Risk,1,136.96,0.0905,124.57,23.06,54,Retail
ORD-101084,21-12-2024,East,Office Supplies,Binders,Office Supplies Binders,3068,Regular,4,122.3,0.0237,477.62,122.47,62,Wholesale
ORD-101085,01-10-2023,East,Office Supplies,Ink,Office Supplies Ink,4467,VIP,7,33.92,0.1135,210.49,73.35,43,Retail
ORD-101086,10-10-2023,West,Furniture,Storage,Furniture Storage,4026,VIP,3,48.04,0.1181,127.1,33.81,60,Wholesale
ORD-101087,03-09-2023,Central,Furniture,Desk,Furniture Desk,5424,New,1,160.06,0.097,144.53,59.47,23,Online
ORD-101088,26-04-2024,Central,Office Supplies,Stationery,Office Supplies Stationery,3191,New,4,28.63,0.0335,110.68,23.28,46,Retail
ORD-101089,18-11-2024,East,Apparel,Jackets,Apparel Jackets,5071,Regular,1,197.23,0.0652,184.36,60.38,27,Retail
ORD-101090,18-12-2022,West,Electronics,Phone,Electronics Phone,3973,Regular,3,98.05,0.0364,283.44,60.96,70,Retail
ORD-101091,22-12-2023,Central,Furniture,Desk,Furniture Desk,4871,Regular,7,159.58,0.1014,1003.81,284.14,56,Wholesale
ORD-101092,28-01-2024,South,Electronics,Accessories,Electronics Accessories,3291,Regular,1,163.86,0.0733,151.84,34.59,57,Wholesale
ORD-101093,09-09-2024,East,Apparel,Shirts,Apparel Shirts,4983,New,2,36.63,0.0231,71.57,26.64,31,Wholesale
ORD-101094,31-07-2023,North,Office Supplies,Binders,Office Supplies Binders,5957,VIP,1,172.97,0.1095,154.03,42.07,50,Online
ORD-101095,15-07-2024,North,Furniture,Storage,Furniture Storage,4251,New,2,27.32,0.0553,51.62,10.58,36,Wholesale
ORD-101096,24-05-2022,North,Office Supplies,Binders,Office Supplies Binders,1135,At Risk,1,145.7,0.037,140.3,40.95,62,Wholesale
ORD-101097,06-01-2024,West,Furniture,Desk,Furniture Desk,6052,Regular,6,77.72,0.0303,452.17,177.85,60,Online
ORD-101098,31-12-2022,East,Furniture,Chair,Furniture Chair,6582,VIP,5,146.22,0.1547,618,133.11,35,Online
ORD-101099,13-06-2022,East,Office Supplies,Ink,Office Supplies Ink,3295,New,6,69.8,0.0461,399.49,144.59,49,Wholesale
ORD-101100,24-01-2024,South,Apparel,Jackets,Apparel Jackets,4118,At Risk,2,146.67,0.0564,276.79,53.5,24,Wholesale
ORD-101101,20-08-2023,Central,Apparel,Jackets,Apparel Jackets,3570,New,6,88.65,0.0087,527.28,184.68,24,Wholesale
ORD-101102,25-09-2022,West,Electronics,Phone,Electronics Phone,4058,New,6,195.16,0.1412,1005.64,199.02,36,Wholesale
ORD-101103,30-03-2024,Central,Apparel,Jackets,Apparel Jackets,6818,New,7,173.07,0.0416,1161.15,448.74,39,Retail
ORD-101104,17-04-2024,South,Office Supplies,Binders,Office Supplies Binders,3506,Regular,5,37.08,0.0566,174.91,69.46,60,Wholesale
ORD-101105,10-01-2023,Central,Electronics,Accessories,Electronics Accessories,3505,VIP,5,113.76,0.0068,564.96,170.47,56,Online
ORD-101106,21-06-2022,South,Electronics,Laptop,Electronics Laptop,2056,At Risk,4,75.67,0.0428,289.71,98.34,43,Retail
ORD-101107,18-02-2022,Central,Office Supplies,Stationery,Office Supplies Stationery,6738,At Risk,5,75.23,0.0964,339.89,137.84,55,Retail
ORD-101108,09-05-2024,South,Office Supplies,Paper,Office Supplies Paper,4774,New,7,151.08,0.0467,1008.22,216.58,48,Online
ORD-101109,20-11-2024,West,Furniture,Lighting,Furniture Lighting,5010,Regular,6,95.3,0.0788,526.74,210.38,64,Retail
ORD-101110,03-08-2023,South,Electronics,Laptop,Electronics Laptop,3202,VIP,6,188.76,0.1432,970.38,271.18,21,Online
ORD-101111,22-04-2023,West,Furniture,Lighting,Furniture Lighting,4526,New,2,48.77,0.0753,90.19,31.18,28,Online
ORD-101112,11-08-2023,North,Electronics,Tablet,Electronics Tablet,4091,New,7,165.24,0.1183,1019.83,398.96,50,Wholesale
ORD-101113,03-07-2022,East,Furniture,Lighting,Furniture Lighting,6530,New,5,66.74,0.1352,288.57,66.84,54,Retail
ORD-101114,13-10-2022,East,Apparel,Shirts,Apparel Shirts,6965,At Risk,3,30.38,0.0735,84.44,19.52,31,Retail
ORD-101115,15-12-2024,East,Electronics,Tablet,Electronics Tablet,1923,New,6,22.43,0.1253,117.71,43.22,48,Online
ORD-101116,22-05-2023,North,Apparel,Shirts,Apparel Shirts,2938,VIP,7,132.93,0.0806,855.52,308.63,51,Retail
ORD-101117,05-07-2024,South,Office Supplies,Ink,Office Supplies Ink,1431,New,4,95.24,0.1057,340.71,116.26,23,Wholesale
ORD-101118,21-04-2023,South,Office Supplies,Ink,Office Supplies Ink,5357,At Risk,7,125.54,0.0792,809.18,297.35,58,Wholesale
ORD-101119,27-01-2024,Central,Apparel,Shirts,Apparel Shirts,6468,At Risk,4,20.52,0.073,76.09,22.52,26,Online
ORD-101120,04-02-2022,Central,Electronics,Accessories,Electronics Accessories,6335,VIP,2,219.56,0.1098,390.89,161.76,70,Wholesale
ORD-101121,26-04-2022,North,Office Supplies,Stationery,Office Supplies Stationery,4267,New,6,102.77,0.0416,590.96,174.51,62,Online
ORD-101122,28-12-2023,South,Office Supplies,Ink,Office Supplies Ink,3697,VIP,7,75.73,0.0586,499.03,194.74,29,Online
ORD-101123,13-08-2024,Central,Furniture,Desk,Furniture Desk,5848,New,1,90.52,0.0835,82.96,20.67,34,Online
ORD-101124,13-09-2022,South,Electronics,Accessories,Electronics Accessories,2293,VIP,4,63.22,0.0409,242.53,76.75,59,Wholesale
ORD-101125,29-10-2024,South,Furniture,Desk,Furniture Desk,1504,Regular,6,182.02,0.1334,946.44,370.38,64,Online
ORD-101126,06-11-2022,East,Electronics,Accessories,Electronics Accessories,5927,Regular,7,148.66,0.1163,919.65,213.67,67,Wholesale
ORD-101127,19-10-2022,East,Electronics,Laptop,Electronics Laptop,4461,At Risk,1,29.32,0.0527,27.78,5.03,68,Online
ORD-101128,22-04-2024,East,Furniture,Chair,Furniture Chair,5484,Regular,4,122.57,0.059,461.35,144.1,46,Wholesale
ORD-101129,10-03-2024,West,Electronics,Tablet,Electronics Tablet,5282,New,1,22.27,0.0763,20.57,5.56,23,Retail
ORD-101130,18-02-2025,West,Furniture,Storage,Furniture Storage,4252,New,1,190.87,0.0468,181.93,56.57,37,Retail
ORD-101131,14-10-2024,East,Apparel,Jackets,Apparel Jackets,1489,New,3,98.11,0.0802,270.73,109.59,68,Retail
ORD-101132,29-12-2022,Central,Electronics,Tablet,Electronics Tablet,2536,Regular,4,73.8,0.0836,270.52,61.39,23,Retail
ORD-101133,03-04-2025,West,Furniture,Desk,Furniture Desk,5075,Regular,1,202.76,0.1213,178.16,50.13,28,Wholesale
ORD-101134,17-07-2023,South,Furniture,Chair,Furniture Chair,2071,New,2,140.7,0.1033,252.34,73.9,41,Retail
ORD-101135,08-02-2024,West,Apparel,Shirts,Apparel Shirts,5697,At Risk,3,93.18,0.0951,252.97,84.89,64,Retail
ORD-101136,30-12-2024,South,Office Supplies,Stationery,Office Supplies Stationery,1942,At Risk,6,60.82,0.0642,341.49,130.97,48,Wholesale
ORD-101137,01-06-2022,Central,Electronics,Accessories,Electronics Accessories,1950,VIP,6,178.87,0.0689,999.29,353.07,60,Wholesale
ORD-101138,02-12-2023,East,Apparel,Jackets,Apparel Jackets,4502,At Risk,6,124.01,0.0359,717.37,254.59,61,Wholesale
ORD-101139,27-04-2022,Central,Furniture,Chair,Furniture Chair,1057,VIP,5,177.4,0.0667,827.82,213.33,51,Online
ORD-101140,09-12-2024,East,Furniture,Storage,Furniture Storage,2948,New,5,58.46,0.0442,279.38,94.9,26,Online
ORD-101141,28-08-2022,North,Furniture,Chair,Furniture Chair,6689,VIP,4,64.35,0.0151,253.52,57.76,57,Retail
ORD-101142,16-04-2024,South,Electronics,Phone,Electronics Phone,6349,Regular,3,74.8,0.0454,214.21,47.9,42,Online
ORD-101143,07-10-2022,North,Office Supplies,Stationery,Office Supplies Stationery,6876,Regular,5,83.19,0.0655,388.69,139.43,21,Online
ORD-101144,08-02-2024,North,Electronics,Phone,Electronics Phone,4451,Regular,7,206.76,0.0861,1322.77,483.36,67,Retail
ORD-101145,12-05-2024,North,Office Supplies,Ink,Office Supplies Ink,5020,VIP,4,96.43,0.0277,375.03,90.35,30,Retail
ORD-101146,27-02-2024,East,Electronics,Accessories,Electronics Accessories,1914,Regular,5,71.68,0.0601,336.84,84.49,32,Online
ORD-101147,13-03-2025,West,Electronics,Accessories,Electronics Accessories,1749,New,7,194.19,0.0771,1254.47,255.72,41,Online
ORD-101148,25-07-2024,West,Apparel,Shirts,Apparel Shirts,2883,At Risk,5,208.98,0.0198,1024.26,234.92,52,Retail
ORD-101149,05-04-2022,Central,Apparel,Footwear,Apparel Footwear,3058,At Risk,7,101.25,0.0248,691.2,148.99,46,Wholesale
ORD-101150,08-10-2022,North,Apparel,Shirts,Apparel Shirts,3289,New,4,101.08,0.0154,398.09,115.4,49,Online
ORD-101151,27-01-2023,North,Electronics,Phone,Electronics Phone,1809,Regular,3,130.03,0.0644,364.98,70.27,65,Online
ORD-101152,17-07-2023,South,Electronics,Tablet,Electronics Tablet,1601,VIP,4,167.04,0.0131,659.41,231.11,64,Wholesale
ORD-101153,20-11-2022,West,Apparel,Shirts,Apparel Shirts,1888,VIP,6,119.08,0.058,673,129.06,45,Retail
ORD-101154,23-01-2025,South,Office Supplies,Ink,Office Supplies Ink,1618,VIP,4,49.35,0.0559,186.36,75.97,63,Online
ORD-101155,06-03-2024,East,Office Supplies,Paper,Office Supplies Paper,2593,New,7,61.35,0.0275,417.65,102.99,54,Online
ORD-101156,28-02-2024,West,Office Supplies,Binders,Office Supplies Binders,6229,VIP,4,52.01,0.101,187.02,35.88,35,Online
ORD-101157,03-06-2022,Central,Furniture,Storage,Furniture Storage,2729,At Risk,5,120.23,0.0718,557.97,172.13,46,Retail
ORD-101158,20-02-2022,East,Apparel,Accessories,Apparel Accessories,5264,Regular,5,214.38,0.0486,1019.77,192.87,32,Online
ORD-101159,12-11-2023,Central,Apparel,Shirts,Apparel Shirts,6279,Regular,7,68.22,0.0482,454.53,156.14,42,Online
ORD-101160,17-12-2024,East,Electronics,Phone,Electronics Phone,1146,New,6,174.99,0.1086,935.92,314.54,58,Online
ORD-101161,04-04-2024,East,Electronics,Tablet,Electronics Tablet,6199,Regular,4,203.81,0.1095,725.95,209.59,59,Wholesale
ORD-101162,30-11-2022,East,Apparel,Shirts,Apparel Shirts,4748,New,2,138.04,0.0574,260.24,61.98,21,Wholesale
ORD-101163,19-02-2025,East,Apparel,Accessories,Apparel Accessories,6335,New,1,173.02,0.0183,169.85,42.22,71,Online
ORD-101164,03-07-2022,Central,Apparel,Accessories,Apparel Accessories,4022,At Risk,1,187.66,0.0411,179.94,40.13,30,Online
ORD-101165,28-04-2022,West,Apparel,Jackets,Apparel Jackets,1363,Regular,4,35.4,0.0801,130.26,46.65,28,Wholesale
ORD-101166,24-01-2023,North,Furniture,Desk,Furniture Desk,5579,Regular,4,89.6,0.0653,334.98,101.62,50,Retail
ORD-101167,12-09-2023,East,Furniture,Lighting,Furniture Lighting,6061,New,4,97.77,0.0636,366.19,92.33,27,Online
ORD-101168,07-03-2025,South,Furniture,Lighting,Furniture Lighting,1898,VIP,1,142.75,0.0423,136.72,43.76,35,Online
ORD-101169,20-03-2023,South,Electronics,Phone,Electronics Phone,3370,New,3,185.78,0.1486,474.54,142.36,29,Online
ORD-101170,17-09-2022,North,Apparel,Accessories,Apparel Accessories,5497,New,2,141.63,0.0577,266.92,88.26,58,Online
ORD-101171,24-05-2023,West,Furniture,Storage,Furniture Storage,2142,Regular,2,180.53,0.0836,330.89,102.8,32,Retail
ORD-101172,01-08-2024,North,Office Supplies,Stationery,Office Supplies Stationery,3552,Regular,7,135.48,0.0863,866.52,250.18,69,Retail
ORD-101173,09-11-2022,Central,Apparel,Jackets,Apparel Jackets,2061,New,6,157.89,0.0176,930.69,266.51,63,Retail
ORD-101174,10-05-2022,East,Electronics,Phone,Electronics Phone,3204,New,4,114.58,0.1271,400.09,83.46,68,Online
ORD-101175,15-04-2024,West,Electronics,Accessories,Electronics Accessories,4729,At Risk,6,39.24,0.02,230.72,84.65,44,Retail
ORD-101176,19-03-2025,North,Office Supplies,Binders,Office Supplies Binders,1897,New,1,186.16,0.0622,174.59,32.5,31,Retail
ORD-101177,24-10-2023,Central,Furniture,Chair,Furniture Chair,6648,Regular,7,138.27,0.0238,944.83,357.69,28,Online
ORD-101178,04-03-2024,North,Office Supplies,Paper,Office Supplies Paper,4315,New,6,68.64,0.0505,391.05,138.23,67,Wholesale
ORD-101179,29-05-2023,Central,Furniture,Desk,Furniture Desk,4750,New,6,117.22,0.1024,631.3,239.09,49,Retail
ORD-101180,14-08-2023,East,Office Supplies,Stationery,Office Supplies Stationery,3340,VIP,4,127.13,0.0378,489.29,92.19,59,Online
ORD-101181,11-05-2024,Central,Furniture,Chair,Furniture Chair,5471,Regular,4,191.61,0.1134,679.55,138.23,71,Online
ORD-101182,06-05-2022,Central,Electronics,Phone,Electronics Phone,4262,VIP,5,209.48,0.0352,1010.49,275.33,63,Wholesale
ORD-101183,27-08-2022,Central,Apparel,Footwear,Apparel Footwear,4829,Regular,7,132.51,0.0143,914.34,277.5,30,Online
ORD-101184,12-05-2022,East,Apparel,Shirts,Apparel Shirts,2790,New,1,185.16,0.0441,177,49.01,54,Online
ORD-101185,01-07-2022,East,Apparel,Shirts,Apparel Shirts,2489,Regular,4,167.49,0.0422,641.66,240.98,44,Retail
ORD-101186,30-11-2024,East,Furniture,Desk,Furniture Desk,1136,New,1,61.16,0.1053,54.72,12.27,47,Online
ORD-101187,01-10-2022,North,Furniture,Storage,Furniture Storage,1980,At Risk,1,189.99,0.1173,167.71,44.42,34,Online
ORD-101188,11-07-2023,Central,Apparel,Accessories,Apparel Accessories,1983,At Risk,1,56.69,0.1342,49.08,9.73,58,Wholesale
ORD-101189,20-03-2025,West,Furniture,Chair,Furniture Chair,3126,New,1,94.98,0.0343,91.72,25.52,70,Wholesale
ORD-101190,03-10-2023,North,Electronics,Phone,Electronics Phone,3476,New,6,104.06,0.0588,587.64,208.27,61,Retail
ORD-101191,13-04-2023,West,Furniture,Storage,Furniture Storage,2125,VIP,2,207.28,0.0328,400.95,136.42,40,Retail
ORD-101192,30-11-2023,South,Electronics,Accessories,Electronics Accessories,4822,Regular,7,129.57,0.0537,858.31,293.06,44,Retail
ORD-101193,06-09-2022,South,Office Supplies,Stationery,Office Supplies Stationery,5015,New,3,67.2,0.0586,189.79,41.33,58,Online
ORD-101194,01-03-2025,West,Apparel,Shirts,Apparel Shirts,6282,New,4,47.78,0.0701,177.72,62.02,24,Online
ORD-101195,16-04-2024,South,Furniture,Desk,Furniture Desk,6384,New,5,92.24,0.1105,410.22,124.11,65,Retail
ORD-101196,28-05-2023,West,Furniture,Chair,Furniture Chair,2806,VIP,5,144.55,0.0532,684.28,210.18,62,Wholesale
ORD-101197,09-11-2023,North,Furniture,Desk,Furniture Desk,1022,Regular,1,219.46,0.097,198.18,83.22,50,Wholesale
ORD-101198,25-02-2024,East,Office Supplies,Ink,Office Supplies Ink,1066,New,2,71.36,0.0174,140.23,47.31,44,Wholesale
ORD-101199,04-12-2024,Central,Apparel,Shirts,Apparel Shirts,2234,Regular,5,208.69,0.0418,999.83,343.5,45,Online
ORD-101200,30-07-2022,East,Apparel,Jackets,Apparel Jackets,2932,New,6,86.49,0.0857,474.46,174.03,52,Wholesale
ORD-101201,10-12-2023,South,Office Supplies,Paper,Office Supplies Paper,2529,At Risk,3,33.29,0.0814,91.74,23.53,28,Retail
ORD-101202,16-05-2022,East,Furniture,Lighting,Furniture Lighting,5207,At Risk,1,28.26,0.148,24.08,5.24,67,Wholesale
ORD-101203,28-07-2024,West,Apparel,Jackets,Apparel Jackets,5340,Regular,7,167.7,0.0295,1139.32,357.21,38,Online
ORD-101204,18-05-2023,South,Electronics,Tablet,Electronics Tablet,2015,New,5,24.77,0.0892,112.8,31.23,36,Online
ORD-101205,01-02-2024,North,Office Supplies,Binders,Office Supplies Binders,4067,New,7,27.24,0.0337,184.25,66,30,Wholesale
ORD-101206,08-11-2022,East,Apparel,Shirts,Apparel Shirts,2329,Regular,5,24.86,0.049,118.21,35.34,38,Wholesale
ORD-101207,09-11-2024,West,Apparel,Shirts,Apparel Shirts,1635,VIP,6,33.01,0.068,184.59,42.61,21,Online
ORD-101208,10-03-2023,North,Furniture,Chair,Furniture Chair,1450,VIP,4,117.75,0.0483,448.23,167.16,36,Online
ORD-101209,24-11-2022,North,Office Supplies,Stationery,Office Supplies Stationery,2794,New,7,196.19,0.0712,1275.55,471.5,27,Wholesale
ORD-101210,27-06-2023,North,Office Supplies,Ink,Office Supplies Ink,6840,Regular,1,116.66,0.1415,100.15,26.4,46,Wholesale
ORD-101211,22-08-2023,East,Apparel,Shirts,Apparel Shirts,2808,Regular,7,85.32,0.088,544.66,221.99,68,Online
ORD-101212,16-03-2022,North,Apparel,Jackets,Apparel Jackets,4790,Regular,4,94.01,0.04,360.99,133.95,70,Retail
ORD-101213,07-03-2022,North,Furniture,Desk,Furniture Desk,4381,Regular,3,73.13,0.0442,209.69,45.15,64,Online
ORD-101214,24-05-2024,West,Office Supplies,Stationery,Office Supplies Stationery,1759,New,7,109.22,0.0984,689.34,281.18,40,Retail
ORD-101215,13-11-2022,East,Electronics,Accessories,Electronics Accessories,3365,New,7,194.51,0.0523,1290.36,290.54,29,Wholesale
ORD-101216,27-04-2023,East,Apparel,Footwear,Apparel Footwear,3594,Regular,5,72.47,0.0993,326.36,82.82,54,Retail
ORD-101217,02-06-2022,Central,Electronics,Laptop,Electronics Laptop,1804,VIP,2,176.4,0.0734,326.92,117.74,37,Retail
ORD-101218,17-10-2024,West,Electronics,Laptop,Electronics Laptop,1616,Regular,5,103.2,0.0401,495.29,115.74,70,Online
ORD-101219,02-06-2024,Central,Electronics,Phone,Electronics Phone,4634,New,1,139.39,0.0692,129.75,41.17,21,Retail
ORD-101220,19-12-2024,North,Office Supplies,Paper,Office Supplies Paper,6408,New,7,41.74,0.1289,254.52,94.91,28,Wholesale
ORD-101221,26-01-2023,Central,Furniture,Chair,Furniture Chair,1928,New,7,177.49,0.0808,1142.03,350.7,29,Wholesale
ORD-101222,08-05-2024,West,Apparel,Jackets,Apparel Jackets,1410,New,5,178.8,0.0429,855.6,183.45,34,Retail
ORD-101223,02-02-2023,Central,Apparel,Shirts,Apparel Shirts,6754,New,3,156.14,0.0593,440.65,170.01,45,Online
ORD-101224,27-11-2022,North,Furniture,Desk,Furniture Desk,4835,VIP,2,124.5,0.0199,244.04,74.28,61,Online
ORD-101225,11-02-2024,East,Office Supplies,Binders,Office Supplies Binders,5775,New,4,113.4,0.1217,398.39,130.79,30,Online
ORD-101226,25-09-2022,Central,Furniture,Chair,Furniture Chair,4929,New,6,22.28,0.067,124.72,37.02,33,Retail
ORD-101227,11-11-2024,South,Office Supplies,Stationery,Office Supplies Stationery,1489,New,6,218.74,0.1033,1176.83,433.78,34,Wholesale
ORD-101228,08-01-2024,Central,Electronics,Tablet,Electronics Tablet,2835,VIP,5,198.57,0.0722,921.2,187.82,44,Wholesale
ORD-101229,09-01-2022,East,Electronics,Laptop,Electronics Laptop,6129,New,3,48.24,0.0627,135.64,31.9,28,Wholesale
ORD-101230,02-07-2024,Central,Office Supplies,Stationery,Office Supplies Stationery,3748,New,7,179.42,0.0469,1197.06,268.76,51,Wholesale
ORD-101231,31-12-2023,South,Furniture,Lighting,Furniture Lighting,4660,New,7,131.06,0.0393,881.38,281.11,47,Wholesale
ORD-101232,03-05-2024,South,Office Supplies,Paper,Office Supplies Paper,6552,At Risk,3,61.65,0.1317,160.6,41.66,33,Retail
ORD-101233,01-08-2022,Central,Electronics,Laptop,Electronics Laptop,1167,New,1,164.44,0.0118,162.49,44.57,27,Online
ORD-101234,05-04-2024,Central,Electronics,Phone,Electronics Phone,2314,New,4,58.06,0.0697,216.05,42.06,23,Wholesale
ORD-101235,25-04-2022,South,Furniture,Storage,Furniture Storage,1739,Regular,6,174.62,0.0297,1016.6,232.12,63,Retail
ORD-101236,09-04-2023,South,Apparel,Accessories,Apparel Accessories,1913,Regular,2,148.28,0.1249,259.52,61.5,31,Wholesale
ORD-101237,14-10-2024,West,Office Supplies,Paper,Office Supplies Paper,3756,At Risk,7,154.12,0.0804,992.12,282,53,Wholesale
ORD-101238,27-08-2024,South,Apparel,Shirts,Apparel Shirts,3226,Regular,3,209.11,0.0793,577.59,202.81,64,Retail
ORD-101239,28-10-2024,West,Apparel,Shirts,Apparel Shirts,2011,Regular,6,135.33,0.123,712.11,177.3,29,Wholesale
ORD-101240,27-05-2023,Central,Apparel,Jackets,Apparel Jackets,3521,New,1,111.23,0.0631,104.21,34.31,22,Retail
ORD-101241,08-02-2023,North,Furniture,Lighting,Furniture Lighting,6707,Regular,7,99.05,0.0763,640.46,182.02,50,Wholesale
ORD-101242,15-12-2023,South,Electronics,Tablet,Electronics Tablet,6914,Regular,2,164.28,0.0412,315.03,74.56,33,Online
ORD-101243,12-06-2023,South,Office Supplies,Stationery,Office Supplies Stationery,2574,At Risk,5,147.5,0.0201,722.64,160.02,37,Retail
ORD-101244,14-07-2024,North,Furniture,Storage,Furniture Storage,4337,New,1,138.74,0.0478,132.11,54.3,42,Online
ORD-101245,11-04-2024,West,Office Supplies,Stationery,Office Supplies Stationery,4096,VIP,6,213.37,0.0557,1208.89,506.73,22,Wholesale
ORD-101246,12-10-2024,West,Furniture,Chair,Furniture Chair,5066,New,6,88.43,0.0706,493.1,93.77,71,Retail
ORD-101247,04-06-2024,Central,Apparel,Jackets,Apparel Jackets,5843,VIP,7,94.39,0.0914,600.33,211.82,21,Retail
ORD-101248,23-05-2022,East,Office Supplies,Ink,Office Supplies Ink,2248,VIP,7,195.37,0.2033,1089.52,290.7,47,Online
ORD-101249,31-12-2024,North,Office Supplies,Paper,Office Supplies Paper,4048,Regular,3,192.38,0.0328,558.22,121.55,51,Online
ORD-101250,19-09-2024,South,Office Supplies,Ink,Office Supplies Ink,6460,New,6,91.78,0.0872,502.66,123.87,50,Online
ORD-101251,25-07-2024,Central,Furniture,Chair,Furniture Chair,5167,Regular,2,59.04,0.1402,101.52,42.42,47,Wholesale
ORD-101252,04-07-2022,South,Office Supplies,Stationery,Office Supplies Stationery,6355,At Risk,4,197.34,0.1013,709.38,186.35,62,Retail
ORD-101253,05-02-2023,East,Office Supplies,Binders,Office Supplies Binders,4886,VIP,4,121.77,0.0495,462.98,134.01,59,Retail
ORD-101254,17-01-2022,South,Office Supplies,Ink,Office Supplies Ink,1614,At Risk,3,219.94,0.0441,630.73,257.8,52,Wholesale
ORD-101255,31-05-2023,East,Office Supplies,Ink,Office Supplies Ink,5004,At Risk,6,122.79,0.0311,713.86,273.81,68,Retail
ORD-101256,27-07-2023,North,Office Supplies,Stationery,Office Supplies Stationery,3489,VIP,4,190.39,0.0929,690.79,181.14,49,Wholesale
ORD-101257,11-03-2022,East,Electronics,Laptop,Electronics Laptop,5848,VIP,6,24.59,0.0537,139.61,55.31,47,Wholesale
ORD-101258,25-01-2024,Central,Apparel,Jackets,Apparel Jackets,3337,New,2,170.38,0.051,323.37,95.75,52,Wholesale
ORD-101259,22-05-2023,East,Apparel,Footwear,Apparel Footwear,2360,VIP,1,180.16,0.0391,173.12,38.22,64,Wholesale
ORD-101260,06-02-2025,North,Furniture,Desk,Furniture Desk,6453,At Risk,3,139.92,0.0401,402.94,109.01,45,Online
ORD-101261,02-10-2024,North,Apparel,Footwear,Apparel Footwear,5353,New,1,20.14,0.102,18.09,4.45,60,Retail
ORD-101262,14-07-2023,North,Electronics,Tablet,Electronics Tablet,5266,Regular,7,155.43,0.0144,1072.34,444.95,68,Wholesale
ORD-101263,09-12-2024,South,Office Supplies,Paper,Office Supplies Paper,5724,Regular,5,211.07,0.0769,974.18,261.17,34,Wholesale
ORD-101264,27-10-2022,West,Office Supplies,Paper,Office Supplies Paper,3276,VIP,7,131.55,0.007,914.41,329.89,25,Retail
ORD-101265,14-10-2022,South,Office Supplies,Paper,Office Supplies Paper,4498,Regular,6,157.3,0.0144,930.18,290.64,47,Wholesale
ORD-101266,01-11-2024,West,Office Supplies,Binders,Office Supplies Binders,2658,VIP,3,218.59,0.0299,636.17,242.18,45,Wholesale
ORD-101267,22-04-2023,East,Apparel,Shirts,Apparel Shirts,4105,New,7,95.28,0.0257,649.83,234.53,50,Retail
ORD-101268,20-12-2023,East,Furniture,Desk,Furniture Desk,5538,At Risk,4,149.14,0.0151,587.57,185.7,60,Retail
ORD-101269,21-11-2022,North,Furniture,Lighting,Furniture Lighting,3571,Regular,5,135.88,0.0507,644.98,117.33,23,Online
ORD-101270,15-08-2022,South,Furniture,Desk,Furniture Desk,4445,Regular,3,206.69,0.0778,571.84,138.69,60,Wholesale
ORD-101271,21-04-2022,East,Office Supplies,Stationery,Office Supplies Stationery,6437,New,4,218.29,0.1092,777.81,211.79,28,Wholesale
ORD-101272,12-06-2023,Central,Apparel,Shirts,Apparel Shirts,2321,Regular,4,100.64,0.0334,389.11,95.55,66,Retail
ORD-101273,26-04-2023,North,Furniture,Desk,Furniture Desk,4845,Regular,3,208.06,0.025,608.56,235.89,26,Wholesale
ORD-101274,15-11-2023,South,Apparel,Accessories,Apparel Accessories,3886,VIP,5,139.45,0.0049,693.8,154.34,69,Retail
ORD-101275,14-11-2023,North,Apparel,Jackets,Apparel Jackets,3195,VIP,1,202.75,0.0529,192.02,76.48,67,Online
ORD-101276,25-07-2024,Central,Furniture,Lighting,Furniture Lighting,6109,VIP,5,167.88,0.0921,762.1,155.84,53,Retail
ORD-101277,24-06-2024,Central,Office Supplies,Binders,Office Supplies Binders,5665,Regular,6,187.52,0.0634,1053.84,313.59,64,Retail
ORD-101278,08-07-2023,West,Apparel,Footwear,Apparel Footwear,3923,New,1,187.59,0.0209,183.67,47.47,31,Retail
ORD-101279,29-09-2024,Central,Office Supplies,Stationery,Office Supplies Stationery,5752,New,2,164.11,0.0485,312.31,79.74,28,Wholesale
ORD-101280,09-10-2023,South,Office Supplies,Binders,Office Supplies Binders,6245,At Risk,7,165.5,0.0548,1094.99,209.97,69,Online
ORD-101281,17-09-2023,South,Apparel,Accessories,Apparel Accessories,2607,New,7,84.81,0.0953,537.09,98.43,39,Retail
ORD-101282,19-10-2024,East,Furniture,Desk,Furniture Desk,3540,At Risk,1,214.61,0.0611,201.51,80.81,51,Online
ORD-101283,31-08-2022,South,Apparel,Accessories,Apparel Accessories,3674,New,4,208.99,0.0225,817.18,160.22,51,Wholesale
ORD-101284,30-01-2023,Central,Electronics,Phone,Electronics Phone,4503,Regular,5,102.11,0.0335,493.43,196.35,61,Wholesale
ORD-101285,04-07-2023,Central,Electronics,Accessories,Electronics Accessories,6051,Regular,6,128.14,0.1387,662.2,217.84,70,Wholesale
ORD-101286,28-01-2024,South,Apparel,Jackets,Apparel Jackets,6484,Regular,5,180.25,0.0469,858.98,296.47,51,Online
ORD-101287,29-05-2023,Central,Office Supplies,Binders,Office Supplies Binders,2080,Regular,2,168.95,0.0436,323.16,84.49,31,Retail
ORD-101288,14-05-2023,East,Apparel,Jackets,Apparel Jackets,6248,Regular,2,105.15,0.0464,200.55,63.1,46,Wholesale
ORD-101289,22-01-2024,West,Office Supplies,Ink,Office Supplies Ink,6586,New,3,114.31,0.0456,327.29,61.66,56,Online
ORD-101290,03-08-2023,South,Apparel,Shirts,Apparel Shirts,1503,At Risk,4,143.19,0.0243,558.87,193.09,59,Wholesale
ORD-101291,06-07-2023,South,Furniture,Lighting,Furniture Lighting,2885,Regular,1,55.76,0.1557,47.08,9.35,53,Online
ORD-101292,28-05-2022,Central,Electronics,Tablet,Electronics Tablet,5975,Regular,4,88.39,0.0397,339.53,92.59,42,Retail
ORD-101293,14-01-2022,Central,Furniture,Storage,Furniture Storage,6864,At Risk,7,192.5,0.0619,1264.13,510.56,51,Wholesale
ORD-101294,02-03-2025,East,Electronics,Phone,Electronics Phone,3728,New,3,51.8,0.0541,146.99,53.85,21,Wholesale
ORD-101295,24-01-2025,North,Apparel,Footwear,Apparel Footwear,4833,At Risk,7,88.49,0.0288,601.58,149.24,29,Retail
ORD-101296,13-08-2023,North,Apparel,Shirts,Apparel Shirts,3538,Regular,6,161.51,0.0188,950.84,264.11,70,Retail
ORD-101297,27-03-2024,Central,Electronics,Phone,Electronics Phone,3671,Regular,5,198.69,0.0319,961.73,217.9,41,Wholesale
ORD-101298,03-12-2022,South,Electronics,Phone,Electronics Phone,5429,At Risk,3,205.89,0.0552,583.57,202.68,23,Retail
ORD-101299,23-04-2022,North,Electronics,Laptop,Electronics Laptop,1504,VIP,7,139.88,0.0047,974.6,391.21,58,Retail
ORD-101300,04-02-2025,West,Furniture,Chair,Furniture Chair,3653,New,6,41.73,0.0877,228.43,89.23,41,Online
ORD-101301,26-06-2022,Central,Apparel,Footwear,Apparel Footwear,3229,VIP,7,161.56,0.0064,1123.64,367.96,65,Retail
ORD-101302,02-04-2024,West,Office Supplies,Binders,Office Supplies Binders,5383,Regular,1,178.79,0.0464,170.49,39.56,52,Online
ORD-101303,18-11-2023,North,Furniture,Lighting,Furniture Lighting,4996,Regular,7,142.05,0.0349,959.67,202.83,53,Online
ORD-101304,28-01-2025,West,Furniture,Lighting,Furniture Lighting,1119,Regular,7,48.33,0.0939,306.53,116.9,64,Online
ORD-101305,02-08-2024,West,Furniture,Lighting,Furniture Lighting,6116,VIP,2,74.77,0.0484,142.3,36.25,61,Online
ORD-101306,26-04-2024,Central,Apparel,Shirts,Apparel Shirts,6352,At Risk,2,75.71,0.1575,127.57,50.83,33,Online
ORD-101307,09-08-2023,East,Apparel,Shirts,Apparel Shirts,4728,At Risk,2,154.29,0.0557,291.4,119.32,21,Wholesale
ORD-101308,30-01-2024,North,Office Supplies,Binders,Office Supplies Binders,4645,Regular,1,142.42,0.0632,133.42,33.67,50,Online
ORD-101309,03-03-2025,East,Apparel,Shirts,Apparel Shirts,6672,Regular,5,196.78,0.1304,855.58,273.69,31,Online
ORD-101310,07-01-2024,Central,Apparel,Shirts,Apparel Shirts,6907,Regular,5,210.64,0.0352,1016.16,397.53,28,Online
ORD-101311,27-08-2023,Central,Office Supplies,Binders,Office Supplies Binders,1521,New,3,24.37,0.0375,70.37,23.03,56,Wholesale
ORD-101312,04-10-2024,West,Electronics,Tablet,Electronics Tablet,2815,New,5,123.36,0.0857,563.96,121.06,25,Online
ORD-101313,21-03-2025,Central,Apparel,Shirts,Apparel Shirts,2446,Regular,7,65.9,0.009,457.17,93.67,71,Online
ORD-101314,23-01-2023,Central,Apparel,Jackets,Apparel Jackets,4939,Regular,4,177.71,0.0888,647.72,186.68,55,Wholesale
ORD-101315,17-07-2024,East,Apparel,Accessories,Apparel Accessories,1819,At Risk,2,150.89,0.0246,294.36,103.96,67,Wholesale
ORD-101316,16-01-2025,South,Office Supplies,Paper,Office Supplies Paper,6094,At Risk,6,65.9,0.0577,372.6,96.32,53,Retail
ORD-101317,07-09-2024,Central,Furniture,Desk,Furniture Desk,3156,New,3,162.34,0.0617,456.96,189.93,37,Wholesale
ORD-101318,12-08-2022,Central,Apparel,Shirts,Apparel Shirts,4309,VIP,6,162.5,0.0268,948.83,356.34,67,Online
ORD-101319,04-06-2024,East,Office Supplies,Stationery,Office Supplies Stationery,2903,Regular,2,196.19,0.0622,367.95,79.04,32,Wholesale
ORD-101320,30-09-2024,North,Furniture,Desk,Furniture Desk,4907,At Risk,7,139.66,0.1952,786.82,162.68,65,Wholesale
ORD-101321,24-02-2023,Central,Furniture,Desk,Furniture Desk,4876,New,4,114.62,0.0787,422.42,81.63,69,Wholesale
ORD-101322,18-09-2022,Central,Electronics,Laptop,Electronics Laptop,2171,Regular,5,127.84,0.0322,618.62,218.31,71,Online
ORD-101323,03-11-2024,Central,Office Supplies,Binders,Office Supplies Binders,6611,VIP,4,164.12,0.1118,583.09,212.1,29,Wholesale
ORD-101324,12-04-2022,East,Apparel,Jackets,Apparel Jackets,2224,VIP,3,175.82,0.0493,501.46,155.72,55,Wholesale
ORD-101325,08-12-2023,North,Office Supplies,Binders,Office Supplies Binders,2195,New,5,25.31,0.0226,123.69,27.59,65,Retail
ORD-101326,11-08-2022,South,Apparel,Accessories,Apparel Accessories,1273,VIP,6,126.23,0.0149,746.09,174.67,33,Wholesale
ORD-101327,16-07-2022,Central,Office Supplies,Paper,Office Supplies Paper,4192,VIP,7,42.41,0.0417,284.49,60.57,60,Wholesale
ORD-101328,25-11-2022,North,Office Supplies,Ink,Office Supplies Ink,4029,VIP,6,89.72,0.0337,520.2,161.66,52,Wholesale
ORD-101329,06-03-2023,Central,Apparel,Footwear,Apparel Footwear,6743,Regular,3,199.04,0.0177,586.52,236.12,47,Wholesale
ORD-101330,30-11-2024,North,Furniture,Lighting,Furniture Lighting,3536,New,1,95.53,0.0402,91.69,18.18,69,Retail
ORD-101331,19-01-2023,West,Electronics,Accessories,Electronics Accessories,5251,New,7,111.2,0.0227,760.7,182.26,35,Wholesale
ORD-101332,30-10-2023,Central,Electronics,Accessories,Electronics Accessories,4463,Regular,5,183,0.0234,893.62,267.73,42,Retail
ORD-101333,24-07-2024,North,Apparel,Shirts,Apparel Shirts,6063,At Risk,7,102.88,0.0858,658.33,213.58,38,Online
ORD-101334,06-12-2022,North,Office Supplies,Binders,Office Supplies Binders,4639,New,5,166.44,0.0684,775.25,311.91,45,Online
ORD-101335,15-01-2022,West,Apparel,Accessories,Apparel Accessories,3708,New,3,171.72,0.0623,483.06,154.62,50,Retail
ORD-101336,31-07-2023,South,Apparel,Shirts,Apparel Shirts,6089,VIP,6,39.66,0.1079,212.29,82.7,25,Online
ORD-101337,22-04-2023,East,Apparel,Accessories,Apparel Accessories,2968,Regular,2,125.42,0.0266,244.18,80.04,53,Online
ORD-101338,09-09-2022,North,Electronics,Accessories,Electronics Accessories,2481,Regular,7,47.53,0.0052,330.98,127.45,52,Retail
ORD-101339,13-09-2022,West,Office Supplies,Paper,Office Supplies Paper,3848,New,5,67.56,0.0241,329.66,69.4,50,Retail
ORD-101340,13-10-2023,West,Electronics,Phone,Electronics Phone,4314,New,5,207.09,0.1287,902.16,362.27,54,Retail
ORD-101341,08-07-2024,North,Electronics,Phone,Electronics Phone,5587,New,3,36.98,0.0858,101.42,38.23,45,Wholesale
ORD-101342,10-04-2025,East,Furniture,Lighting,Furniture Lighting,2029,Regular,5,189.2,0.1001,851.28,161.46,37,Retail
ORD-101343,29-04-2023,West,Apparel,Footwear,Apparel Footwear,3240,New,7,89.61,0.0389,602.88,201.48,55,Online
ORD-101344,07-01-2024,East,Furniture,Chair,Furniture Chair,1185,Regular,5,64.52,0.0626,302.41,88.76,66,Wholesale
ORD-101345,14-10-2022,North,Furniture,Chair,Furniture Chair,5031,New,1,113.99,0.0856,104.23,23.75,54,Wholesale
ORD-101346,18-12-2024,East,Electronics,Phone,Electronics Phone,4133,New,1,31.67,0.0431,30.31,10.18,61,Online
ORD-101347,14-06-2023,South,Apparel,Shirts,Apparel Shirts,3920,New,4,182.5,0.1336,632.47,162.92,69,Wholesale
ORD-101348,24-07-2022,North,Furniture,Lighting,Furniture Lighting,6261,Regular,4,76.68,0.0828,281.33,86.88,24,Wholesale
ORD-101349,27-02-2023,Central,Apparel,Shirts,Apparel Shirts,6768,VIP,3,168.35,0.0342,487.76,175.56,65,Retail
ORD-101350,07-12-2024,West,Office Supplies,Paper,Office Supplies Paper,1153,Regular,3,164.52,0.0675,460.26,177.99,26,Retail
ORD-101351,14-10-2024,Central,Furniture,Chair,Furniture Chair,1881,At Risk,1,56.31,0.1081,50.22,19.37,32,Retail
ORD-101352,29-12-2022,Central,Electronics,Laptop,Electronics Laptop,3960,VIP,4,54.31,0.0828,199.24,43.18,29,Online
ORD-101353,01-08-2024,East,Apparel,Shirts,Apparel Shirts,6361,Regular,7,96.05,0.2034,535.6,212.27,69,Wholesale
ORD-101354,05-09-2024,South,Office Supplies,Stationery,Office Supplies Stationery,2525,VIP,3,113.25,0.0693,316.2,70.42,71,Online
ORD-101355,11-01-2022,Central,Apparel,Shirts,Apparel Shirts,1333,At Risk,6,98.33,0.0636,552.45,167.27,24,Retail
ORD-101356,23-04-2022,North,Apparel,Jackets,Apparel Jackets,4956,Regular,2,215.99,0.1225,379.05,146.34,58,Wholesale
ORD-101357,09-09-2024,North,Apparel,Jackets,Apparel Jackets,1682,At Risk,7,78.53,0.0151,541.41,181.37,63,Wholesale
ORD-101358,01-03-2022,Central,Apparel,Jackets,Apparel Jackets,1123,Regular,5,197.63,0.0308,957.68,301.88,55,Wholesale
ORD-101359,19-04-2022,West,Office Supplies,Binders,Office Supplies Binders,4279,Regular,4,85.04,0.0528,322.2,117.49,27,Online
ORD-101360,20-01-2023,North,Office Supplies,Ink,Office Supplies Ink,2276,Regular,6,179.08,0.0469,1024.06,388.12,22,Online
ORD-101361,14-04-2023,South,Office Supplies,Paper,Office Supplies Paper,1146,VIP,4,105.54,0.0459,402.79,154.65,63,Online
ORD-101362,03-04-2025,West,Furniture,Lighting,Furniture Lighting,1203,At Risk,4,126.07,0.0651,471.45,115.74,27,Retail
ORD-101363,16-08-2024,South,Electronics,Tablet,Electronics Tablet,4398,Regular,5,188.16,0.0559,888.17,172.35,46,Wholesale
ORD-101364,06-11-2023,West,Office Supplies,Binders,Office Supplies Binders,1337,Regular,5,69.95,0.0448,334.1,63.85,32,Retail
ORD-101365,08-05-2022,East,Furniture,Chair,Furniture Chair,6768,At Risk,3,82.3,0.0564,232.97,53.92,49,Retail
ORD-101366,19-01-2023,West,Apparel,Shirts,Apparel Shirts,4773,Regular,2,49.42,0.0376,95.13,21.56,23,Retail
ORD-101367,12-03-2024,East,Electronics,Tablet,Electronics Tablet,5027,Regular,6,96.35,0.0215,565.65,107.59,26,Retail
ORD-101368,06-07-2023,South,Electronics,Tablet,Electronics Tablet,5749,VIP,5,140.08,0.1265,611.78,142.61,68,Online
ORD-101369,29-01-2023,South,Electronics,Tablet,Electronics Tablet,2816,Regular,7,138.64,0.043,928.76,298.65,35,Online
ORD-101370,20-01-2024,Central,Furniture,Lighting,Furniture Lighting,2305,VIP,2,153.6,0.0625,287.99,103.81,32,Online
ORD-101371,21-03-2024,Central,Office Supplies,Paper,Office Supplies Paper,3710,New,3,107.16,0.0475,306.22,102.66,55,Wholesale
ORD-101372,13-10-2023,Central,Office Supplies,Ink,Office Supplies Ink,2879,Regular,5,169.02,0.0657,789.62,191.43,45,Retail
ORD-101373,31-12-2024,Central,Electronics,Laptop,Electronics Laptop,4737,VIP,2,166.54,0.0686,310.22,127.23,45,Wholesale
ORD-101374,28-08-2024,North,Apparel,Shirts,Apparel Shirts,4489,New,3,44.03,0.0452,126.12,44.23,31,Online
ORD-101375,23-07-2022,South,Electronics,Accessories,Electronics Accessories,6647,Regular,2,117.32,0.0695,218.32,45.06,71,Online
ORD-101376,18-01-2023,North,Electronics,Accessories,Electronics Accessories,1401,VIP,1,155.73,0.1318,135.21,52.4,46,Wholesale
ORD-101377,29-05-2022,Central,Apparel,Footwear,Apparel Footwear,5889,At Risk,3,62.47,0.1173,165.42,45.86,70,Wholesale
ORD-101378,20-05-2024,Central,Electronics,Phone,Electronics Phone,6402,Regular,1,57.68,0.1938,46.5,9.74,56,Online
ORD-101379,24-10-2022,East,Apparel,Accessories,Apparel Accessories,5033,New,5,99.75,0.0376,480,186.22,47,Retail
ORD-101380,14-05-2023,East,Office Supplies,Ink,Office Supplies Ink,5402,Regular,4,32.11,0.0363,123.78,31.99,36,Online
ORD-101381,14-01-2023,Central,Apparel,Footwear,Apparel Footwear,1606,New,6,135.47,0.0792,748.43,236.33,21,Online
ORD-101382,14-01-2024,Central,Electronics,Laptop,Electronics Laptop,6397,New,1,134.68,0.0476,128.27,36.15,25,Retail
ORD-101383,03-12-2022,South,Furniture,Storage,Furniture Storage,4473,New,6,198.84,0.0139,1176.4,298.69,71,Wholesale
ORD-101384,05-10-2024,West,Furniture,Lighting,Furniture Lighting,5015,Regular,7,196.77,0.0872,1257.23,315.99,47,Online
ORD-101385,06-03-2022,North,Apparel,Jackets,Apparel Jackets,2962,At Risk,5,167.77,0.0875,765.43,297.13,64,Online
ORD-101386,14-12-2024,North,Furniture,Chair,Furniture Chair,1634,VIP,5,136.04,0.0157,669.49,195.99,34,Online
ORD-101387,28-10-2023,North,Apparel,Footwear,Apparel Footwear,6558,New,3,184.58,0.0601,520.47,141.9,24,Online
ORD-101388,31-10-2023,East,Office Supplies,Ink,Office Supplies Ink,2445,At Risk,4,54.05,0.0054,215.02,79.79,39,Wholesale
ORD-101389,18-06-2022,East,Electronics,Tablet,Electronics Tablet,5974,Regular,6,86.1,0.044,493.86,90.66,44,Retail
ORD-101390,22-11-2024,West,Furniture,Chair,Furniture Chair,1216,VIP,1,177.9,0.0321,172.19,40.04,26,Retail
ORD-101391,29-08-2023,East,Furniture,Chair,Furniture Chair,4693,At Risk,7,82.59,0.1134,512.56,134.6,44,Retail
ORD-101392,13-01-2025,West,Furniture,Desk,Furniture Desk,2999,New,3,152.03,0.0971,411.82,108.33,52,Retail
ORD-101393,19-03-2024,Central,Furniture,Desk,Furniture Desk,5656,Regular,6,30.83,0.0427,177.08,37.31,31,Online
ORD-101394,28-04-2023,West,Electronics,Phone,Electronics Phone,6355,VIP,5,124.9,0.0371,601.36,151.7,37,Online
ORD-101395,05-12-2023,South,Electronics,Laptop,Electronics Laptop,1603,New,1,185.18,0.0795,170.45,59.63,58,Online
ORD-101396,12-05-2023,South,Apparel,Footwear,Apparel Footwear,5036,New,7,163.59,0.0448,1093.86,448.11,45,Retail
ORD-101397,31-07-2022,North,Apparel,Footwear,Apparel Footwear,6568,VIP,3,157.61,0.1358,408.61,171.43,65,Retail
ORD-101398,19-11-2022,West,Electronics,Tablet,Electronics Tablet,4413,Regular,1,65.96,0.0409,63.26,13.32,37,Retail
ORD-101399,13-06-2023,West,Office Supplies,Ink,Office Supplies Ink,4055,VIP,3,77.15,0.1063,206.85,75.73,46,Online
ORD-101400,11-02-2022,East,Office Supplies,Binders,Office Supplies Binders,6599,Regular,6,93.64,0.072,521.4,120.79,41,Retail
ORD-101401,16-06-2024,Central,Furniture,Lighting,Furniture Lighting,5192,VIP,6,95.56,0.1086,511.11,198.33,34,Online
ORD-101402,01-03-2025,South,Electronics,Phone,Electronics Phone,6417,New,3,142.46,0.0229,417.6,127.8,57,Retail
ORD-101403,29-10-2022,South,Electronics,Phone,Electronics Phone,2652,At Risk,7,170.37,0.052,1130.63,361.46,34,Retail
ORD-101404,14-09-2022,Central,Electronics,Laptop,Electronics Laptop,1649,VIP,2,180.21,0.0527,341.44,126.82,21,Retail
ORD-101405,14-10-2023,West,Electronics,Phone,Electronics Phone,4858,Regular,5,26.97,0.0735,124.93,30.83,52,Online
ORD-101406,02-02-2022,Central,Office Supplies,Stationery,Office Supplies Stationery,3544,Regular,7,67.82,0.0861,433.86,120.34,28,Retail
ORD-101407,03-01-2024,West,Electronics,Accessories,Electronics Accessories,6736,VIP,6,60.63,0.1173,321.09,81.05,51,Wholesale
ORD-101408,21-10-2023,South,Electronics,Phone,Electronics Phone,4749,Regular,6,166.22,0.0325,964.91,377.87,57,Wholesale
ORD-101409,14-05-2024,West,Apparel,Shirts,Apparel Shirts,3583,New,1,97.37,0.0789,89.69,34.38,28,Online
ORD-101410,30-07-2024,West,Office Supplies,Ink,Office Supplies Ink,2016,Regular,4,143.64,0.0825,527.18,171.81,48,Online
ORD-101411,26-03-2024,North,Apparel,Footwear,Apparel Footwear,6805,VIP,2,136.91,0.0567,258.29,89.49,50,Wholesale
ORD-101412,04-02-2023,South,Electronics,Accessories,Electronics Accessories,1377,VIP,6,146.64,0.0585,828.39,152.18,42,Wholesale
ORD-101413,19-02-2024,Central,Office Supplies,Ink,Office Supplies Ink,1169,Regular,4,180.36,0.081,663.01,159.94,33,Wholesale
ORD-101414,12-07-2022,West,Electronics,Accessories,Electronics Accessories,5726,Regular,1,196.87,0.0563,185.79,38.63,41,Wholesale
ORD-101415,30-12-2022,South,Apparel,Footwear,Apparel Footwear,4781,VIP,6,40.1,0.1426,206.29,85.49,22,Retail
ORD-101416,05-05-2024,West,Furniture,Storage,Furniture Storage,2811,Regular,5,40,0.0685,186.31,34.33,27,Wholesale
ORD-101417,10-02-2025,Central,Apparel,Jackets,Apparel Jackets,2934,New,6,152.3,0.0865,834.78,318.03,68,Wholesale
ORD-101418,01-03-2025,West,Furniture,Lighting,Furniture Lighting,3963,New,1,130.92,0.0354,126.28,28.18,39,Retail
ORD-101419,10-09-2023,North,Office Supplies,Ink,Office Supplies Ink,1306,Regular,3,177.18,0.1017,477.49,167.04,60,Online
ORD-101420,07-04-2025,South,Furniture,Desk,Furniture Desk,4064,Regular,4,97.29,0.0517,369.03,130.18,53,Wholesale
ORD-101421,21-03-2024,East,Electronics,Accessories,Electronics Accessories,3747,New,4,189.36,0.0984,682.88,126.12,33,Retail
ORD-101422,16-09-2022,North,Furniture,Storage,Furniture Storage,1076,Regular,6,219.9,0.1251,1154.37,453.96,57,Wholesale
ORD-101423,14-04-2023,North,Electronics,Accessories,Electronics Accessories,1270,VIP,4,163.39,0.0395,627.76,177.62,48,Wholesale
ORD-101424,26-08-2024,Central,Office Supplies,Stationery,Office Supplies Stationery,1131,VIP,1,30.94,0.021,30.29,12.53,71,Online
ORD-101425,01-08-2023,East,Apparel,Jackets,Apparel Jackets,1153,Regular,5,165.56,0.0573,780.35,209.32,44,Retail
ORD-101426,19-11-2024,East,Furniture,Lighting,Furniture Lighting,1662,VIP,6,179.92,0.1597,907.14,323.17,30,Online
ORD-101427,11-02-2025,North,Apparel,Footwear,Apparel Footwear,4197,VIP,7,140.41,0.093,891.49,227.4,26,Online
ORD-101428,05-02-2025,North,Apparel,Jackets,Apparel Jackets,2560,Regular,7,181.07,0.045,1210.46,244.01,27,Wholesale
ORD-101429,24-03-2023,South,Apparel,Shirts,Apparel Shirts,3448,At Risk,1,214.26,0.0374,206.25,56.68,26,Wholesale
ORD-101430,14-02-2025,South,Electronics,Tablet,Electronics Tablet,4988,New,5,213.14,0.0689,992.27,364.9,33,Online
ORD-101431,12-12-2022,Central,Furniture,Lighting,Furniture Lighting,5065,VIP,4,142.88,0.0597,537.38,141.48,63,Retail
ORD-101432,30-03-2024,Central,Furniture,Storage,Furniture Storage,5971,VIP,2,55.87,0.1596,93.9,24.08,59,Wholesale
ORD-101433,13-09-2024,North,Apparel,Accessories,Apparel Accessories,4408,New,7,53.33,0.0386,358.89,87.65,49,Retail
ORD-101434,12-03-2022,South,Apparel,Shirts,Apparel Shirts,2301,VIP,3,50.62,0.0965,137.21,45.05,54,Retail
ORD-101435,14-09-2024,South,Apparel,Shirts,Apparel Shirts,3283,VIP,4,53.28,0.0947,192.94,49.29,53,Online
ORD-101436,24-11-2023,North,Apparel,Shirts,Apparel Shirts,1915,VIP,2,100.92,0.104,180.86,41.63,56,Online
ORD-101437,24-10-2022,Central,Furniture,Desk,Furniture Desk,4418,VIP,2,55.56,0.0316,107.61,37.95,28,Retail
ORD-101438,30-05-2022,South,Furniture,Desk,Furniture Desk,4407,VIP,3,144.55,0.0924,393.59,93.07,32,Online
ORD-101439,24-12-2022,North,Office Supplies,Binders,Office Supplies Binders,5204,VIP,1,111.09,0.0577,104.68,20.75,60,Wholesale
ORD-101440,07-09-2022,East,Electronics,Accessories,Electronics Accessories,1509,VIP,3,72.43,0.0578,204.72,59.46,69,Online
ORD-101441,10-05-2022,West,Apparel,Jackets,Apparel Jackets,3891,Regular,5,135.62,0.0311,657.02,154.08,68,Online
ORD-101442,25-02-2025,West,Electronics,Accessories,Electronics Accessories,2469,VIP,4,125.83,0.0853,460.39,108,23,Retail
ORD-101443,04-01-2022,West,Electronics,Phone,Electronics Phone,5243,VIP,5,219.14,0.0124,1082.07,444.9,50,Wholesale
ORD-101444,14-04-2025,South,Apparel,Shirts,Apparel Shirts,3982,Regular,1,203.53,0.0275,197.92,76.25,56,Online
ORD-101445,15-09-2023,South,Furniture,Storage,Furniture Storage,6767,New,1,118.21,0.0749,109.36,31.88,33,Online
ORD-101446,16-07-2024,North,Apparel,Accessories,Apparel Accessories,3676,VIP,3,216.23,0.1052,580.46,207.57,47,Wholesale
ORD-101447,01-09-2023,Central,Furniture,Storage,Furniture Storage,4572,New,6,93.98,0.0239,550.42,136.26,45,Online
ORD-101448,31-05-2023,East,Electronics,Accessories,Electronics Accessories,2921,Regular,2,153.76,0.0184,301.85,58.89,67,Online
ORD-101449,15-04-2024,North,Office Supplies,Ink,Office Supplies Ink,5538,At Risk,3,127.1,0.0465,363.59,87.27,68,Wholesale
ORD-101450,08-02-2022,North,Electronics,Accessories,Electronics Accessories,2836,At Risk,5,98.68,0.0549,466.31,136.96,24,Online
ORD-101451,04-01-2024,North,Furniture,Desk,Furniture Desk,1911,New,5,159.25,0.0885,725.79,268.05,41,Wholesale
ORD-101452,10-05-2023,South,Electronics,Accessories,Electronics Accessories,6980,New,1,205.91,0.0423,197.19,44.39,30,Retail
ORD-101453,26-11-2024,West,Apparel,Footwear,Apparel Footwear,3344,Regular,6,110.97,0.0458,635.36,176.76,68,Wholesale
ORD-101454,16-09-2022,North,Apparel,Accessories,Apparel Accessories,6662,New,3,130.18,0.1369,337.07,78.3,71,Online
ORD-101455,25-10-2022,North,Electronics,Phone,Electronics Phone,2377,New,5,43.36,0.0481,206.38,49.73,25,Wholesale
ORD-101456,25-02-2025,South,Apparel,Footwear,Apparel Footwear,2474,New,1,144.77,0.0637,135.55,50.58,47,Online
ORD-101457,08-08-2024,Central,Apparel,Footwear,Apparel Footwear,3443,New,5,33.6,0.0932,152.33,37.85,27,Wholesale
ORD-101458,06-06-2024,East,Apparel,Shirts,Apparel Shirts,1282,Regular,7,25.66,0.0904,163.39,36.29,28,Online
ORD-101459,01-04-2025,West,Electronics,Accessories,Electronics Accessories,3884,VIP,5,135.11,0.1569,569.56,136.31,50,Retail
ORD-101460,24-05-2024,West,Furniture,Storage,Furniture Storage,4193,Regular,3,210.26,0.0212,617.41,185.6,47,Online
ORD-101461,28-04-2024,East,Electronics,Phone,Electronics Phone,4992,VIP,6,107.49,0.0543,609.92,185.11,31,Wholesale
ORD-101462,08-06-2023,East,Furniture,Lighting,Furniture Lighting,6366,At Risk,3,68.46,0.1131,182.15,51.39,27,Wholesale
ORD-101463,04-10-2024,West,Electronics,Tablet,Electronics Tablet,1665,Regular,1,210.5,0.1204,185.15,45.1,59,Retail
ORD-101464,28-03-2022,East,Office Supplies,Stationery,Office Supplies Stationery,5887,Regular,1,54.64,0.0153,53.8,11.5,56,Retail
ORD-101465,14-09-2024,South,Electronics,Phone,Electronics Phone,1480,VIP,3,197.64,0.0154,583.81,198.23,67,Online
ORD-101466,07-10-2024,Central,Apparel,Shirts,Apparel Shirts,6955,At Risk,2,35.17,0.0827,64.52,26.11,53,Wholesale
ORD-101467,27-03-2025,North,Electronics,Tablet,Electronics Tablet,2855,VIP,3,114.17,0.1739,282.95,53.87,39,Retail
ORD-101468,09-12-2022,East,Furniture,Storage,Furniture Storage,4893,New,7,105.85,0.0978,668.51,185.49,56,Online
ORD-101469,08-06-2023,East,Office Supplies,Stationery,Office Supplies Stationery,6250,Regular,5,171.9,0.0408,824.4,287.84,40,Wholesale
ORD-101470,03-03-2025,East,Apparel,Accessories,Apparel Accessories,6984,New,4,160.6,0.1517,544.94,183.68,32,Online
ORD-101471,19-06-2022,Central,Office Supplies,Paper,Office Supplies Paper,4500,Regular,1,147.14,0.055,139.05,56.12,59,Wholesale
ORD-101472,01-02-2023,Central,Office Supplies,Stationery,Office Supplies Stationery,6351,New,3,120.17,0.0023,359.67,65.54,40,Retail
ORD-101473,04-06-2023,South,Electronics,Laptop,Electronics Laptop,6993,VIP,5,94.06,0.0803,432.52,151.71,48,Retail
ORD-101474,14-02-2023,East,Apparel,Shirts,Apparel Shirts,6536,Regular,7,60.03,0.0393,403.69,76.28,71,Retail
ORD-101475,03-05-2023,West,Office Supplies,Ink,Office Supplies Ink,3214,New,3,148.49,0.0525,422.06,92.7,42,Online
ORD-101476,24-02-2023,South,Electronics,Laptop,Electronics Laptop,2975,At Risk,2,191.95,0.008,380.81,102.59,27,Retail
ORD-101477,10-10-2024,West,Furniture,Lighting,Furniture Lighting,3891,At Risk,1,216.35,0.1176,190.91,60.39,52,Wholesale
ORD-101478,07-09-2024,Central,Furniture,Lighting,Furniture Lighting,3942,Regular,2,79.88,0.0843,146.29,31.73,27,Wholesale
ORD-101479,13-02-2025,Central,Office Supplies,Ink,Office Supplies Ink,4926,Regular,5,115.87,0.1021,520.17,183.56,65,Retail
ORD-101480,03-05-2024,West,Furniture,Lighting,Furniture Lighting,2956,New,6,44.94,0.0593,253.66,96.31,57,Wholesale
ORD-101481,30-04-2024,East,Electronics,Laptop,Electronics Laptop,6513,Regular,3,116.88,0.0672,327.09,123.85,53,Online
ORD-101482,26-06-2023,South,Office Supplies,Stationery,Office Supplies Stationery,1755,New,1,76.3,0.1011,68.59,13.94,64,Wholesale
ORD-101483,08-12-2024,South,Apparel,Accessories,Apparel Accessories,3027,At Risk,6,70.91,0.0705,395.45,143.34,31,Wholesale
ORD-101484,08-03-2023,West,Apparel,Accessories,Apparel Accessories,3269,New,6,176.45,0.0351,1021.56,365.65,38,Retail
ORD-101485,15-09-2024,West,Apparel,Shirts,Apparel Shirts,2308,Regular,7,214.04,0.072,1390.4,375.57,43,Retail
ORD-101486,21-10-2023,West,Electronics,Phone,Electronics Phone,1657,VIP,4,71.12,0.1295,247.63,94.58,57,Online
ORD-101487,25-05-2024,Central,Electronics,Tablet,Electronics Tablet,5763,Regular,7,76.51,0.1594,450.22,99,68,Online
ORD-101488,25-05-2022,West,Apparel,Accessories,Apparel Accessories,4508,Regular,4,127.63,0.0029,509.05,191.09,69,Online
ORD-101489,06-09-2023,West,Furniture,Desk,Furniture Desk,1538,New,6,34.98,0.0301,203.57,80.56,28,Online
ORD-101490,07-05-2023,North,Electronics,Accessories,Electronics Accessories,3398,At Risk,6,41.67,0.0078,248.08,99.87,29,Retail
ORD-101491,03-08-2023,East,Furniture,Lighting,Furniture Lighting,3869,New,3,65.89,0.026,192.53,59.22,61,Online
ORD-101492,24-06-2024,West,Electronics,Laptop,Electronics Laptop,1396,Regular,4,121.77,0.0266,474.12,187.95,50,Online
ORD-101493,15-05-2024,West,Office Supplies,Binders,Office Supplies Binders,1901,VIP,4,201.46,0.0853,737.12,139.75,37,Wholesale
ORD-101494,17-01-2022,South,Apparel,Jackets,Apparel Jackets,6887,VIP,3,26.07,0.0357,75.42,18.87,65,Online
ORD-101495,24-03-2023,East,Office Supplies,Ink,Office Supplies Ink,2067,Regular,7,189.06,0.0792,1218.59,252.25,65,Retail
ORD-101496,26-02-2025,North,Electronics,Laptop,Electronics Laptop,1154,New,2,191.07,0.0872,348.82,92.82,35,Wholesale
ORD-101497,21-11-2024,South,Office Supplies,Binders,Office Supplies Binders,5675,Regular,1,159.31,0.0239,155.5,54.06,54,Online
ORD-101498,14-05-2022,West,Office Supplies,Paper,Office Supplies Paper,1090,New,6,51.64,0.0375,298.22,123.87,51,Wholesale
ORD-101499,16-05-2023,South,Electronics,Laptop,Electronics Laptop,3172,Regular,7,119.12,0.0642,780.34,194.68,62,Wholesale
ORD-101500,20-12-2022,Central,Apparel,Footwear,Apparel Footwear,5880,VIP,3,118.15,0.1069,316.54,104.58,35,Retail
ORD-101501,26-03-2025,North,Electronics,Phone,Electronics Phone,4065,New,5,153.46,0.1204,674.93,207.07,33,Wholesale
ORD-101502,15-05-2022,North,Apparel,Accessories,Apparel Accessories,4100,Regular,7,204,0.0144,1407.44,344.94,27,Retail
ORD-101503,17-01-2024,East,Furniture,Storage,Furniture Storage,5774,Regular,7,210.86,0.0944,1336.7,495.94,59,Retail
ORD-101504,07-11-2024,North,Electronics,Phone,Electronics Phone,2059,Regular,5,59.08,0.0459,281.83,57.55,68,Retail
ORD-101505,27-05-2023,Central,Furniture,Lighting,Furniture Lighting,3793,Regular,7,148.71,0.1303,905.37,281.55,70,Online
ORD-101506,29-09-2023,East,Electronics,Accessories,Electronics Accessories,4774,New,2,94.55,0.1064,168.98,63.22,48,Retail
ORD-101507,21-08-2022,West,Apparel,Footwear,Apparel Footwear,5895,At Risk,5,40.78,0.0344,196.89,80.04,69,Wholesale
ORD-101508,12-10-2024,South,Apparel,Footwear,Apparel Footwear,5353,VIP,6,149.22,0.0704,832.26,170.35,32,Wholesale
ORD-101509,29-10-2023,West,Office Supplies,Ink,Office Supplies Ink,4094,New,4,88.51,0.0498,336.42,97.83,66,Wholesale
ORD-101510,30-06-2024,West,Apparel,Jackets,Apparel Jackets,1228,Regular,4,205.07,0.1442,701.97,151.38,56,Wholesale
ORD-101511,25-03-2025,East,Apparel,Jackets,Apparel Jackets,3951,New,3,199.15,0.0423,572.16,186.96,25,Wholesale
ORD-101512,11-07-2022,West,Electronics,Laptop,Electronics Laptop,4365,Regular,4,88.67,0.1483,302.08,94.91,22,Retail
ORD-101513,14-04-2024,West,Office Supplies,Stationery,Office Supplies Stationery,4345,Regular,4,107.22,0.1069,383.02,88.28,63,Wholesale
ORD-101514,26-12-2024,Central,Electronics,Accessories,Electronics Accessories,1293,Regular,5,151.8,0.0402,728.5,230.41,39,Wholesale
ORD-101515,16-11-2024,West,Office Supplies,Paper,Office Supplies Paper,6425,New,7,152.32,0.0494,1013.58,183.8,38,Retail
ORD-101516,17-01-2022,East,Office Supplies,Binders,Office Supplies Binders,4908,VIP,5,74.95,0.0298,363.57,107.8,69,Retail
ORD-101517,19-02-2023,North,Furniture,Storage,Furniture Storage,2829,At Risk,4,100.57,0.0349,388.23,93.62,41,Online
ORD-101518,04-05-2023,West,Electronics,Tablet,Electronics Tablet,4249,VIP,5,30.66,0.0632,143.62,52.18,46,Online
ORD-101519,23-08-2024,West,Apparel,Shirts,Apparel Shirts,1536,At Risk,5,41.55,0.1272,181.32,35.19,52,Retail
ORD-101520,21-03-2024,West,Apparel,Accessories,Apparel Accessories,6765,Regular,4,157.7,0.0159,620.77,203.47,21,Online
ORD-101521,12-01-2024,Central,Electronics,Accessories,Electronics Accessories,4197,New,4,72.23,0.0575,272.29,59.21,67,Online
ORD-101522,05-09-2022,South,Furniture,Storage,Furniture Storage,5610,New,2,178.73,0.0098,353.96,64.62,25,Retail
ORD-101523,18-11-2022,East,Apparel,Footwear,Apparel Footwear,3633,New,2,198.71,0.1525,336.82,96.27,24,Wholesale
ORD-101524,03-06-2023,Central,Apparel,Footwear,Apparel Footwear,1834,New,6,20.27,0.0288,118.11,42.15,48,Wholesale
ORD-101525,01-03-2025,Central,Apparel,Accessories,Apparel Accessories,1870,New,7,50.66,0.092,322,105.37,50,Retail
ORD-101526,18-11-2023,Central,Apparel,Jackets,Apparel Jackets,1507,At Risk,5,191.79,0.0505,910.5,348.7,52,Wholesale
ORD-101527,01-10-2022,South,Furniture,Chair,Furniture Chair,6242,New,3,185.33,0.1286,484.51,106.38,57,Retail
ORD-101528,27-07-2022,South,Apparel,Shirts,Apparel Shirts,5102,At Risk,6,82.46,0.1402,425.42,116.76,50,Online
ORD-101529,01-07-2024,North,Office Supplies,Stationery,Office Supplies Stationery,6353,At Risk,2,37.4,0.1248,65.46,26.01,55,Wholesale
ORD-101530,03-09-2022,Central,Apparel,Shirts,Apparel Shirts,1353,New,5,136.39,0.1104,606.65,214.46,40,Retail
ORD-101531,09-03-2024,Central,Furniture,Storage,Furniture Storage,2622,VIP,6,23.96,0.0389,138.17,44.6,25,Online
ORD-101532,22-02-2025,North,Electronics,Laptop,Electronics Laptop,2148,Regular,3,179.51,0.0304,522.16,114.66,62,Wholesale
ORD-101533,24-09-2024,North,Office Supplies,Paper,Office Supplies Paper,5592,New,6,116.99,0.1308,610.15,116.5,41,Wholesale
ORD-101534,17-01-2022,West,Electronics,Phone,Electronics Phone,2593,At Risk,1,136.48,0.099,122.97,38.12,40,Retail
ORD-101535,02-03-2025,East,Apparel,Shirts,Apparel Shirts,1871,New,5,166.95,0.0217,816.63,283.78,41,Wholesale
ORD-101536,03-11-2024,Central,Electronics,Accessories,Electronics Accessories,1100,Regular,7,122,0.0916,775.78,176.98,49,Wholesale
ORD-101537,30-04-2023,East,Apparel,Accessories,Apparel Accessories,6896,Regular,6,48.42,0.1031,260.56,65.42,35,Online
ORD-101538,23-07-2022,West,Electronics,Tablet,Electronics Tablet,2493,At Risk,6,23.98,0.0716,133.58,49.38,57,Wholesale
ORD-101539,16-08-2024,North,Electronics,Laptop,Electronics Laptop,3538,Regular,5,207.28,0.0307,1004.55,305.09,49,Wholesale
ORD-101540,08-01-2025,North,Electronics,Tablet,Electronics Tablet,1580,VIP,7,193.8,0.1369,1170.88,482.81,33,Online
ORD-101541,29-10-2024,South,Office Supplies,Paper,Office Supplies Paper,1424,At Risk,7,120.72,0.008,838.29,256.82,31,Wholesale
ORD-101542,31-07-2024,West,Electronics,Phone,Electronics Phone,5945,New,4,103.9,0.0739,384.91,94.23,32,Retail
ORD-101543,15-12-2022,West,Apparel,Shirts,Apparel Shirts,2982,At Risk,6,160.82,0.0801,887.66,361.03,62,Online
ORD-101544,10-01-2025,Central,Furniture,Chair,Furniture Chair,2136,VIP,1,138.42,0.0212,135.49,26.45,62,Wholesale
ORD-101545,24-09-2024,Central,Apparel,Shirts,Apparel Shirts,2421,Regular,3,44.21,0.1163,117.2,49.11,21,Retail
ORD-101546,06-01-2025,South,Office Supplies,Paper,Office Supplies Paper,4501,At Risk,2,179.24,0.0407,343.9,119.7,51,Online
ORD-101547,28-05-2024,West,Electronics,Laptop,Electronics Laptop,5145,New,4,163.6,0.1381,564.06,183.71,45,Wholesale
ORD-101548,05-02-2022,Central,Apparel,Footwear,Apparel Footwear,2885,VIP,3,187.73,0.1275,491.36,202.87,44,Online
ORD-101549,13-02-2024,South,Electronics,Tablet,Electronics Tablet,2586,Regular,7,80.85,0.0574,533.47,146.4,21,Wholesale
ORD-101550,24-03-2022,North,Apparel,Jackets,Apparel Jackets,1917,VIP,4,62.18,0.0154,244.9,86.9,41,Wholesale
ORD-101551,01-09-2023,West,Apparel,Accessories,Apparel Accessories,2202,At Risk,4,120.99,0.086,442.36,161.74,38,Online
ORD-101552,12-11-2022,East,Electronics,Tablet,Electronics Tablet,2720,VIP,6,100.54,0.0959,545.39,213.76,34,Wholesale
ORD-101553,13-09-2023,West,Office Supplies,Stationery,Office Supplies Stationery,5269,New,5,123.67,0.112,549.1,113.64,25,Retail
ORD-101554,17-01-2023,Central,Apparel,Footwear,Apparel Footwear,1838,New,2,91.58,0.169,152.2,44.44,24,Retail
ORD-101555,16-02-2023,East,Furniture,Lighting,Furniture Lighting,4724,VIP,5,83.7,0.0827,383.87,69.43,32,Online
ORD-101556,10-06-2024,North,Apparel,Jackets,Apparel Jackets,3821,New,1,107.46,0.0826,98.58,26.54,69,Retail
ORD-101557,10-03-2022,East,Electronics,Laptop,Electronics Laptop,6853,At Risk,1,21.13,0.0599,19.86,5.29,27,Retail
ORD-101558,21-08-2022,Central,Office Supplies,Binders,Office Supplies Binders,2223,At Risk,1,22.07,0.0908,20.07,3.74,27,Online
ORD-101559,17-09-2023,Central,Furniture,Chair,Furniture Chair,6274,Regular,1,202.27,0.0227,197.67,69.09,61,Online
ORD-101560,26-12-2024,West,Electronics,Accessories,Electronics Accessories,6342,Regular,3,164.11,0.0628,461.39,162.18,68,Wholesale
ORD-101561,23-11-2022,West,Electronics,Phone,Electronics Phone,6062,Regular,2,121.3,0.093,220.04,51.21,38,Wholesale
ORD-101562,22-09-2024,East,Electronics,Tablet,Electronics Tablet,4780,At Risk,3,145.07,0.0503,413.3,132.26,26,Online
ORD-101563,27-02-2024,Central,Furniture,Chair,Furniture Chair,1873,Regular,4,20.26,0.0644,75.82,24.81,54,Wholesale
ORD-101564,26-09-2023,Central,Office Supplies,Stationery,Office Supplies Stationery,6278,Regular,7,209.2,0.0454,1397.86,266.9,49,Wholesale
ORD-101565,25-12-2023,North,Electronics,Accessories,Electronics Accessories,3823,New,3,108.38,0.029,315.7,126.97,26,Wholesale
ORD-101566,09-08-2023,West,Office Supplies,Paper,Office Supplies Paper,3917,At Risk,2,206.06,0.0313,399.23,137.58,25,Retail
ORD-101567,17-10-2023,West,Apparel,Jackets,Apparel Jackets,4389,Regular,5,25.68,0.0337,124.07,46.21,45,Online
ORD-101568,05-07-2024,South,Apparel,Jackets,Apparel Jackets,2471,Regular,7,77.62,0.0401,521.54,185.17,70,Wholesale
ORD-101569,07-01-2022,North,Apparel,Accessories,Apparel Accessories,4947,New,4,107.65,0.1494,366.27,115.37,33,Retail
ORD-101570,29-01-2022,Central,Furniture,Storage,Furniture Storage,6575,At Risk,1,116.4,0.0441,111.27,24.54,64,Online
ORD-101571,03-12-2022,West,Furniture,Lighting,Furniture Lighting,3971,VIP,4,105.53,0.0632,395.46,130.17,65,Wholesale
ORD-101572,08-05-2023,Central,Apparel,Accessories,Apparel Accessories,2731,Regular,3,133.62,0.1117,356.08,69.27,49,Online
ORD-101573,01-06-2024,South,Apparel,Footwear,Apparel Footwear,4964,Regular,7,39.41,0.0793,253.99,83.84,66,Retail
ORD-101574,12-03-2023,East,Electronics,Phone,Electronics Phone,2275,VIP,3,212.57,0.0156,627.78,211.74,61,Wholesale
ORD-101575,03-11-2023,North,Office Supplies,Stationery,Office Supplies Stationery,3411,Regular,4,34.17,0.0692,127.23,39.51,39,Online
ORD-101576,18-06-2024,Central,Office Supplies,Binders,Office Supplies Binders,5349,VIP,7,175.78,0.0801,1131.95,416.43,34,Online
ORD-101577,01-07-2023,North,Electronics,Accessories,Electronics Accessories,1658,At Risk,1,133.59,0.1057,119.48,44.04,58,Online
ORD-101578,12-09-2022,Central,Apparel,Jackets,Apparel Jackets,3083,Regular,5,141.96,0.0552,670.62,253.72,65,Retail
ORD-101579,16-01-2024,South,Furniture,Lighting,Furniture Lighting,6202,Regular,5,100.66,0.0507,477.78,163.59,21,Wholesale
ORD-101580,17-10-2022,North,Electronics,Phone,Electronics Phone,5564,New,2,162.88,0.0456,310.91,69.28,63,Online
ORD-101581,20-01-2024,West,Furniture,Chair,Furniture Chair,2160,New,4,176.09,0.034,680.43,181.71,62,Retail
ORD-101582,13-03-2022,East,Electronics,Phone,Electronics Phone,6325,At Risk,3,20.52,0.0786,56.72,18.6,23,Retail
ORD-101583,27-10-2022,East,Furniture,Lighting,Furniture Lighting,1802,Regular,6,154.44,0.0814,851.18,273.49,21,Retail
ORD-101584,13-01-2022,Central,Apparel,Footwear,Apparel Footwear,3458,Regular,2,58.71,0.0793,108.11,45.35,64,Wholesale
ORD-101585,10-11-2023,Central,Electronics,Phone,Electronics Phone,5294,New,4,116.82,0.0041,465.38,89.44,63,Wholesale
ORD-101586,25-07-2023,North,Electronics,Phone,Electronics Phone,2422,Regular,5,55.48,0.0163,272.87,57.42,27,Wholesale
ORD-101587,12-02-2022,West,Furniture,Desk,Furniture Desk,2512,Regular,3,141.05,0.079,389.74,158.06,23,Online
ORD-101588,20-08-2022,North,Electronics,Phone,Electronics Phone,5065,VIP,5,214.17,0.1356,925.68,342.5,62,Retail
ORD-101589,03-08-2022,Central,Apparel,Accessories,Apparel Accessories,6997,At Risk,2,153.03,0.0745,283.26,101.88,35,Wholesale
ORD-101590,01-12-2024,South,Office Supplies,Paper,Office Supplies Paper,2096,New,5,122.47,0.0319,592.79,209.26,49,Online
ORD-101591,31-08-2022,South,Apparel,Shirts,Apparel Shirts,4551,VIP,6,97.12,0.0417,558.4,118.73,55,Wholesale
ORD-101592,25-09-2022,South,Electronics,Accessories,Electronics Accessories,3775,Regular,7,122.74,0.0288,834.43,203.42,62,Wholesale
ORD-101593,16-10-2024,East,Furniture,Desk,Furniture Desk,4803,Regular,6,121.76,0.103,655.33,213.1,24,Retail
ORD-101594,22-10-2022,East,Furniture,Storage,Furniture Storage,2676,VIP,6,21.15,0.0387,122,48.84,25,Retail
ORD-101595,16-05-2024,North,Apparel,Footwear,Apparel Footwear,5647,Regular,1,213.16,0.1233,186.88,58.06,28,Online
ORD-101596,15-05-2024,South,Apparel,Jackets,Apparel Jackets,3851,At Risk,7,215.31,0.0739,1395.81,439.77,64,Online
ORD-101597,22-04-2024,Central,Furniture,Storage,Furniture Storage,5202,New,7,80.76,0.0386,543.52,150.2,40,Online
ORD-101598,15-07-2022,North,Apparel,Jackets,Apparel Jackets,6943,At Risk,4,44.48,0.0206,174.26,61.63,53,Online
ORD-101599,29-06-2023,East,Apparel,Footwear,Apparel Footwear,6530,Regular,4,167.59,0.0492,637.35,259.46,28,Online
ORD-101600,22-07-2024,East,Furniture,Desk,Furniture Desk,6319,Regular,4,68.61,0.0445,262.24,73.83,50,Online
ORD-101601,17-04-2023,East,Furniture,Chair,Furniture Chair,2647,Regular,7,130.06,0.0845,833.48,310.32,25,Online
ORD-101602,27-12-2022,South,Office Supplies,Paper,Office Supplies Paper,2917,New,4,62.41,0.082,229.16,53.41,42,Retail
ORD-101603,27-09-2024,West,Electronics,Tablet,Electronics Tablet,6241,New,6,29.18,0.1239,153.38,62.19,34,Retail
ORD-101604,02-07-2024,Central,Electronics,Laptop,Electronics Laptop,5964,Regular,5,105.23,0.0062,522.87,192.31,58,Wholesale
ORD-101605,25-07-2023,East,Apparel,Accessories,Apparel Accessories,6002,Regular,5,135.9,0.1198,598.09,203.16,66,Online
ORD-101606,15-10-2024,East,Furniture,Desk,Furniture Desk,6376,Regular,3,66.51,0.0331,192.92,41.61,37,Retail
ORD-101607,26-01-2024,Central,Electronics,Laptop,Electronics Laptop,1119,VIP,4,111.39,0.0194,436.93,161.02,43,Retail
ORD-101608,13-03-2023,Central,Office Supplies,Binders,Office Supplies Binders,1464,At Risk,4,38.23,0.0809,140.54,32.92,56,Wholesale
ORD-101609,22-05-2024,North,Furniture,Chair,Furniture Chair,1499,Regular,3,162.23,0.0611,456.96,182.42,70,Retail
ORD-101610,22-08-2022,West,Furniture,Chair,Furniture Chair,5627,VIP,4,202.52,0.0611,760.57,154.15,26,Online
ORD-101611,02-07-2022,West,Apparel,Jackets,Apparel Jackets,3598,Regular,5,84.95,0.0387,408.33,152.22,48,Wholesale
ORD-101612,28-03-2023,West,Apparel,Shirts,Apparel Shirts,3406,New,4,212.61,0.0385,817.66,176.46,29,Wholesale
ORD-101613,14-08-2023,North,Furniture,Lighting,Furniture Lighting,6810,Regular,3,56.93,0.0692,158.98,57.37,50,Wholesale
ORD-101614,28-05-2024,South,Apparel,Shirts,Apparel Shirts,6957,New,1,113.68,0.081,104.47,27.57,24,Online
ORD-101615,18-01-2025,North,Apparel,Footwear,Apparel Footwear,6772,Regular,2,103.14,0.0565,194.63,54.04,25,Online
ORD-101616,01-10-2022,North,Apparel,Jackets,Apparel Jackets,1687,Regular,3,149.39,0.0632,419.85,76.66,49,Online
ORD-101617,21-09-2024,South,Office Supplies,Ink,Office Supplies Ink,4215,Regular,1,68,0.0608,63.87,18.2,52,Wholesale
ORD-101618,15-03-2024,North,Electronics,Tablet,Electronics Tablet,5639,At Risk,6,141.77,0.0673,793.37,224.88,71,Wholesale
ORD-101619,23-10-2023,Central,Apparel,Jackets,Apparel Jackets,1305,Regular,4,181.85,0.0303,705.37,277.15,41,Retail
ORD-101620,15-11-2024,West,Apparel,Jackets,Apparel Jackets,6886,New,5,129.76,0.0536,614.03,114.51,64,Online
ORD-101621,01-11-2024,West,Office Supplies,Binders,Office Supplies Binders,2247,New,6,154.61,0.0649,867.41,279.97,35,Wholesale
ORD-101622,14-06-2022,South,Furniture,Storage,Furniture Storage,6929,VIP,5,92.08,0.0057,457.79,93.53,52,Online
ORD-101623,01-11-2024,South,Apparel,Shirts,Apparel Shirts,1357,Regular,1,33.34,0.1213,29.3,9.09,35,Wholesale
ORD-101624,28-08-2022,East,Apparel,Jackets,Apparel Jackets,6085,VIP,3,206.05,0.0802,568.55,139.52,56,Wholesale
ORD-101625,29-12-2024,East,Electronics,Accessories,Electronics Accessories,1003,Regular,6,128.66,0.0655,721.39,290.31,54,Retail
ORD-101626,14-12-2024,South,Furniture,Storage,Furniture Storage,1584,New,4,127,0.1521,430.71,89.78,22,Online
ORD-101627,10-06-2023,South,Electronics,Accessories,Electronics Accessories,5924,At Risk,6,168.95,0.0628,950.03,336.75,34,Online
ORD-101628,16-01-2025,Central,Office Supplies,Stationery,Office Supplies Stationery,5290,New,7,211.61,0.0323,1433.44,409.14,65,Retail
ORD-101629,01-04-2025,Central,Electronics,Accessories,Electronics Accessories,4601,At Risk,6,212.11,0.0418,1219.42,478.55,44,Retail
ORD-101630,24-06-2024,West,Furniture,Lighting,Furniture Lighting,3064,Regular,4,99.57,0.1159,352.12,129.45,24,Retail
ORD-101631,20-02-2024,North,Furniture,Lighting,Furniture Lighting,3284,New,3,61.63,0.0509,175.48,66.7,47,Wholesale
ORD-101632,26-03-2024,South,Apparel,Jackets,Apparel Jackets,2390,Regular,1,31.32,0.0522,29.69,10.28,61,Online
ORD-101633,18-09-2022,North,Office Supplies,Paper,Office Supplies Paper,4060,Regular,5,80.26,0.0493,381.51,69.39,31,Online
ORD-101634,05-03-2025,North,Furniture,Storage,Furniture Storage,2819,New,3,218.03,0.0412,627.14,256.99,37,Online
ORD-101635,01-12-2022,East,Apparel,Jackets,Apparel Jackets,6086,VIP,7,189.84,0.0257,1294.69,338.93,70,Retail
ORD-101636,09-06-2024,West,Furniture,Chair,Furniture Chair,6831,VIP,4,100.11,0.0305,388.22,96.3,61,Online
ORD-101637,09-05-2024,East,Apparel,Footwear,Apparel Footwear,5759,VIP,1,167.15,0.0516,158.53,29.71,22,Online
ORD-101638,28-09-2024,West,Furniture,Lighting,Furniture Lighting,3426,VIP,2,80.32,0.0547,151.85,40.53,26,Retail
ORD-101639,23-09-2024,North,Office Supplies,Paper,Office Supplies Paper,1602,At Risk,7,64.88,0.071,421.93,82.63,70,Wholesale
ORD-101640,15-09-2024,Central,Electronics,Tablet,Electronics Tablet,2855,Regular,6,40.15,0.0774,222.25,43.29,32,Online
ORD-101641,08-07-2024,North,Electronics,Phone,Electronics Phone,2384,New,5,197.79,0.0494,940.09,345.19,57,Online
ORD-101642,10-07-2023,East,Apparel,Shirts,Apparel Shirts,1309,VIP,7,92.12,0.0644,603.32,221.79,55,Wholesale
ORD-101643,12-04-2024,East,Office Supplies,Binders,Office Supplies Binders,4847,VIP,5,89.93,0.0896,409.35,119.28,53,Online
ORD-101644,25-04-2024,Central,Apparel,Shirts,Apparel Shirts,6555,Regular,5,77.44,0.0825,355.27,138.03,25,Online
ORD-101645,28-09-2023,East,Furniture,Desk,Furniture Desk,5430,Regular,2,158.41,0.0902,288.25,101.45,60,Retail
ORD-101646,16-07-2022,West,Furniture,Desk,Furniture Desk,1461,VIP,2,218.1,0.047,415.7,107,34,Wholesale
ORD-101647,13-11-2022,West,Electronics,Tablet,Electronics Tablet,2988,New,3,208.25,0.0383,600.84,226.97,71,Online
ORD-101648,06-08-2023,Central,Apparel,Jackets,Apparel Jackets,6441,Regular,2,87.97,0.1404,151.24,56.7,25,Online
ORD-101649,04-06-2022,Central,Office Supplies,Binders,Office Supplies Binders,4003,New,5,169.18,0.0516,802.23,191.81,70,Online
ORD-101650,20-12-2023,North,Furniture,Chair,Furniture Chair,1255,New,5,158.49,0.1087,706.29,277.08,55,Retail
ORD-101651,07-06-2023,South,Apparel,Accessories,Apparel Accessories,4931,Regular,5,101.2,0.0479,481.78,177.07,22,Retail
ORD-101652,08-11-2022,South,Apparel,Jackets,Apparel Jackets,2833,Regular,2,158.79,0.06,298.54,67.45,55,Retail
ORD-101653,20-11-2022,East,Office Supplies,Binders,Office Supplies Binders,5411,VIP,3,43.48,0.0955,117.98,33.97,67,Online
ORD-101654,25-01-2022,East,Electronics,Tablet,Electronics Tablet,1700,New,6,43.92,0.1104,234.43,50.4,31,Retail
ORD-101655,19-09-2023,West,Apparel,Jackets,Apparel Jackets,3085,New,3,154.18,0.0818,424.72,131.55,45,Wholesale
ORD-101656,18-01-2025,West,Furniture,Lighting,Furniture Lighting,1833,At Risk,5,35.99,0.108,160.52,65.53,37,Online
ORD-101657,25-09-2024,East,Apparel,Accessories,Apparel Accessories,2395,New,3,63.04,0.0845,173.13,50.16,39,Wholesale
ORD-101658,12-06-2024,West,Furniture,Lighting,Furniture Lighting,1611,Regular,1,30.62,0.0734,28.37,9.35,57,Wholesale
ORD-101659,27-03-2025,South,Office Supplies,Binders,Office Supplies Binders,1094,New,5,120,0.0757,554.59,221.93,35,Online
ORD-101660,07-04-2023,South,Office Supplies,Ink,Office Supplies Ink,1585,VIP,2,207.42,0.1087,369.76,118.03,40,Retail
ORD-101661,27-10-2024,East,Office Supplies,Stationery,Office Supplies Stationery,2175,Regular,2,202.78,0.1385,349.38,71.28,61,Retail
ORD-101662,14-03-2022,East,Apparel,Shirts,Apparel Shirts,1411,Regular,7,105.74,0.0206,724.9,277.15,63,Wholesale
ORD-101663,16-06-2024,Central,Apparel,Footwear,Apparel Footwear,5973,Regular,4,124.04,0.0596,466.58,171.48,26,Retail
ORD-101664,15-04-2022,Central,Furniture,Desk,Furniture Desk,3504,At Risk,4,108.38,0.0625,406.43,96.49,58,Wholesale
ORD-101665,13-05-2024,North,Office Supplies,Binders,Office Supplies Binders,4821,New,4,93.79,0.037,361.27,140.74,53,Online
ORD-101666,01-07-2022,Central,Office Supplies,Paper,Office Supplies Paper,6372,New,4,22.31,0.04,85.67,28.61,50,Wholesale
ORD-101667,11-03-2023,South,Office Supplies,Ink,Office Supplies Ink,5276,VIP,5,43.54,0.0328,210.56,58.18,58,Wholesale
ORD-101668,03-09-2023,East,Office Supplies,Ink,Office Supplies Ink,2377,At Risk,4,99.59,0.1111,354.1,90.35,56,Retail
ORD-101669,13-01-2025,West,Electronics,Laptop,Electronics Laptop,4274,New,2,100.28,0.0664,187.23,77.11,27,Wholesale
ORD-101670,08-11-2024,North,Electronics,Phone,Electronics Phone,1405,Regular,6,81.22,0.0515,462.2,161.71,57,Wholesale
ORD-101671,09-09-2024,Central,Office Supplies,Paper,Office Supplies Paper,1752,Regular,6,182.05,0.0713,1014.4,221.95,61,Wholesale
ORD-101672,02-10-2024,North,Apparel,Accessories,Apparel Accessories,2364,Regular,3,83.24,0.039,239.98,43.56,29,Retail
ORD-101673,24-01-2024,Central,Office Supplies,Stationery,Office Supplies Stationery,5866,New,3,117.49,0.0748,326.1,103.7,53,Retail
ORD-101674,14-04-2022,South,Office Supplies,Stationery,Office Supplies Stationery,3010,At Risk,3,64.94,0.029,189.18,47.52,28,Online
ORD-101675,25-04-2022,West,Electronics,Phone,Electronics Phone,2962,New,3,82.09,0.0725,228.42,51.1,29,Online
ORD-101676,15-03-2023,West,Electronics,Phone,Electronics Phone,2569,At Risk,4,53.68,0.0722,199.21,70.06,26,Wholesale
ORD-101677,03-12-2023,West,Apparel,Footwear,Apparel Footwear,3457,VIP,4,197.69,0.0983,712.99,218.25,35,Wholesale
ORD-101678,05-09-2024,North,Electronics,Phone,Electronics Phone,4523,New,6,99.37,0.1625,499.31,186.36,66,Online
ORD-101679,03-05-2024,East,Office Supplies,Paper,Office Supplies Paper,6286,New,1,177.87,0.0536,168.33,37.54,57,Online
ORD-101680,19-12-2022,West,Office Supplies,Binders,Office Supplies Binders,3350,Regular,3,86.7,0.0537,246.14,90.54,37,Wholesale
ORD-101681,24-11-2024,North,Electronics,Accessories,Electronics Accessories,5939,Regular,5,33.7,0.0203,165.09,51.06,24,Retail
ORD-101682,24-08-2023,West,Furniture,Chair,Furniture Chair,6223,New,6,139.84,0.0776,773.96,258.52,40,Wholesale
ORD-101683,22-01-2024,West,Electronics,Laptop,Electronics Laptop,5898,New,4,148.14,0.0893,539.67,214.18,55,Online
ORD-101684,13-05-2024,Central,Electronics,Laptop,Electronics Laptop,1285,Regular,1,75.98,0.0351,73.32,27.39,57,Online
ORD-101685,18-03-2023,South,Office Supplies,Binders,Office Supplies Binders,4335,Regular,3,159.13,0.0596,448.93,139.71,57,Online
ORD-101686,16-08-2024,East,Apparel,Accessories,Apparel Accessories,3700,Regular,4,28.15,0.0342,108.75,23.68,29,Online
ORD-101687,31-01-2025,South,Electronics,Laptop,Electronics Laptop,5948,VIP,3,188.09,0.1238,494.43,147.22,28,Retail
ORD-101688,13-05-2022,North,Apparel,Shirts,Apparel Shirts,6534,At Risk,7,204.72,0.0897,1304.52,253.94,56,Wholesale
ORD-101689,20-06-2023,East,Electronics,Accessories,Electronics Accessories,3641,At Risk,7,202.38,0.0852,1295.99,338.09,29,Wholesale
ORD-101690,27-01-2022,South,Apparel,Shirts,Apparel Shirts,4859,New,1,116.95,0.1119,103.86,19.13,44,Wholesale
ORD-101691,28-05-2023,North,Furniture,Lighting,Furniture Lighting,2268,Regular,3,196.74,0.1387,508.38,120.44,68,Retail
ORD-101692,19-05-2023,East,Office Supplies,Paper,Office Supplies Paper,2638,New,7,22.85,0.1207,140.64,27.19,64,Online
ORD-101693,14-04-2024,West,Electronics,Tablet,Electronics Tablet,6885,New,1,191.13,0.1279,166.69,41.14,57,Wholesale
ORD-101694,01-03-2023,Central,Electronics,Accessories,Electronics Accessories,3223,At Risk,7,61.97,0.0266,422.26,130.98,67,Wholesale
ORD-101695,06-10-2024,South,Electronics,Accessories,Electronics Accessories,5538,Regular,4,171.4,0.0694,638.04,224.98,29,Online
ORD-101696,17-08-2024,North,Office Supplies,Binders,Office Supplies Binders,4794,New,3,188.08,0.0643,527.95,146.08,29,Wholesale
ORD-101697,18-11-2024,Central,Furniture,Lighting,Furniture Lighting,5828,VIP,4,125.22,0.0419,479.9,92.48,61,Retail
ORD-101698,19-05-2023,North,Office Supplies,Stationery,Office Supplies Stationery,1736,Regular,1,80.37,0.0777,74.12,15.13,27,Online
ORD-101699,10-02-2024,Central,Furniture,Chair,Furniture Chair,5716,VIP,6,119.17,0.0564,674.69,236.71,33,Online
ORD-101700,23-10-2024,South,Apparel,Footwear,Apparel Footwear,1760,VIP,2,47.93,0.0711,89.05,16.14,56,Wholesale
ORD-101701,04-04-2022,West,Office Supplies,Ink,Office Supplies Ink,1324,Regular,1,34.14,0.0286,33.16,9.05,67,Retail
ORD-101702,07-05-2024,West,Furniture,Lighting,Furniture Lighting,1960,Regular,5,157.25,0.0589,739.94,153.55,27,Wholesale
ORD-101703,04-06-2024,South,Furniture,Desk,Furniture Desk,6937,At Risk,7,136.79,0.0381,921.05,253.82,40,Wholesale
ORD-101704,19-09-2022,West,Electronics,Accessories,Electronics Accessories,4162,New,2,36.11,0.041,69.26,14.71,32,Retail
ORD-101705,26-01-2022,West,Office Supplies,Binders,Office Supplies Binders,6571,Regular,1,36.47,0.0516,34.59,13.96,23,Retail
ORD-101706,16-03-2023,South,Apparel,Shirts,Apparel Shirts,4491,At Risk,1,139.97,0.0443,133.76,51.9,28,Online
ORD-101707,08-04-2023,East,Apparel,Jackets,Apparel Jackets,2896,New,3,134.71,0.0949,365.76,113.14,41,Wholesale
ORD-101708,19-04-2023,North,Apparel,Shirts,Apparel Shirts,1215,At Risk,6,155.34,0.0365,898,235.47,47,Online
ORD-101709,11-07-2024,North,Electronics,Laptop,Electronics Laptop,3904,New,4,214.08,0.0555,808.8,232.24,58,Online
ORD-101710,11-05-2022,East,Electronics,Laptop,Electronics Laptop,2161,Regular,1,49.87,0.0604,46.86,14.95,43,Online
ORD-101711,07-09-2024,North,Electronics,Tablet,Electronics Tablet,1427,Regular,1,88.69,0.0667,82.77,26.87,60,Wholesale
ORD-101712,02-12-2024,Central,Furniture,Lighting,Furniture Lighting,3742,Regular,5,151.14,0.1406,649.47,160.75,26,Retail
ORD-101713,09-01-2025,West,Apparel,Accessories,Apparel Accessories,1113,Regular,4,156.14,0.0557,589.78,132.95,59,Retail
ORD-101714,27-12-2022,East,Office Supplies,Binders,Office Supplies Binders,2336,New,7,191.6,0.0203,1313.94,396.86,66,Online
ORD-101715,16-01-2022,Central,Electronics,Tablet,Electronics Tablet,4979,VIP,3,171.84,0.0565,486.37,116.99,42,Online
ORD-101716,13-07-2024,South,Office Supplies,Ink,Office Supplies Ink,2821,Regular,3,163.95,0.0988,443.26,109.94,32,Online
ORD-101717,23-05-2023,Central,Office Supplies,Stationery,Office Supplies Stationery,4662,New,6,157.82,0.0397,909.36,237.61,66,Online
ORD-101718,01-09-2024,East,Furniture,Chair,Furniture Chair,6961,Regular,7,95.23,0.0851,609.9,184.68,70,Retail
ORD-101719,25-01-2025,West,Apparel,Shirts,Apparel Shirts,1938,At Risk,6,20.71,0.0632,116.41,37.2,43,Online
ORD-101720,03-10-2022,North,Office Supplies,Ink,Office Supplies Ink,3089,VIP,3,139.73,0.0519,397.45,123.85,63,Online
ORD-101721,07-08-2022,East,Office Supplies,Paper,Office Supplies Paper,3811,Regular,4,117.3,0.087,428.38,140.99,25,Retail
ORD-101722,23-05-2022,West,Electronics,Phone,Electronics Phone,4187,VIP,7,186.68,0.0443,1248.91,370.47,46,Online
ORD-101723,24-03-2024,East,Electronics,Tablet,Electronics Tablet,5016,New,2,78.98,0.0159,155.45,32.73,26,Wholesale
ORD-101724,03-12-2022,South,Electronics,Accessories,Electronics Accessories,5181,New,5,102.24,0.0284,496.68,183.86,45,Wholesale
ORD-101725,04-03-2022,East,Apparel,Accessories,Apparel Accessories,5223,VIP,2,208.62,0.0511,395.93,137.15,51,Wholesale
ORD-101726,09-07-2022,Central,Furniture,Chair,Furniture Chair,5890,Regular,1,46.33,0.0592,43.59,16.14,70,Online
ORD-101727,01-10-2023,North,Furniture,Desk,Furniture Desk,2695,VIP,7,41.3,0.0209,283.07,108.45,50,Retail
ORD-101728,14-05-2024,South,Apparel,Shirts,Apparel Shirts,2856,New,5,199.84,0.1115,887.77,207.37,54,Retail
ORD-101729,02-09-2022,Central,Office Supplies,Paper,Office Supplies Paper,6275,Regular,3,156.11,0.0925,425.01,172.12,71,Retail
ORD-101730,28-09-2024,Central,Furniture,Chair,Furniture Chair,3873,At Risk,2,47.45,0.0748,87.81,27,49,Online
ORD-101731,12-04-2023,South,Office Supplies,Stationery,Office Supplies Stationery,1018,VIP,2,183.64,0.074,340.09,141.11,38,Retail
ORD-101732,27-12-2024,East,Office Supplies,Paper,Office Supplies Paper,5181,At Risk,6,215.69,0.0283,1257.46,408.21,35,Online
ORD-101733,28-02-2022,East,Office Supplies,Paper,Office Supplies Paper,5488,Regular,5,40.87,0.1528,173.14,70.83,30,Online
ORD-101734,12-10-2022,West,Office Supplies,Binders,Office Supplies Binders,4738,Regular,6,162.45,0.0224,952.88,198.29,50,Online
ORD-101735,08-05-2024,North,Office Supplies,Stationery,Office Supplies Stationery,3575,New,4,71.24,0.0784,262.61,67.53,43,Retail
ORD-101736,30-09-2022,West,Apparel,Accessories,Apparel Accessories,4398,Regular,7,149.85,0.0955,948.82,270.58,36,Retail
ORD-101737,26-02-2022,Central,Electronics,Tablet,Electronics Tablet,5432,New,3,65.45,0.0877,179.13,55.53,28,Retail
ORD-101738,06-07-2023,West,Furniture,Desk,Furniture Desk,2737,VIP,1,67.54,0.0858,61.74,13.14,32,Online
ORD-101739,14-12-2023,Central,Apparel,Jackets,Apparel Jackets,1951,New,4,75.91,0.062,284.81,100.44,51,Wholesale
ORD-101740,10-01-2025,East,Apparel,Footwear,Apparel Footwear,2870,At Risk,6,61.94,0.0686,346.13,130.51,28,Wholesale
ORD-101741,07-06-2023,East,Office Supplies,Paper,Office Supplies Paper,4033,New,6,51.83,0.1523,263.61,84.19,25,Retail
ORD-101742,08-01-2022,South,Apparel,Jackets,Apparel Jackets,1004,At Risk,2,63.34,0.1379,109.21,30.36,33,Wholesale
ORD-101743,10-08-2024,East,Electronics,Tablet,Electronics Tablet,6146,At Risk,1,167.93,0.0784,154.77,51.91,35,Retail
ORD-101744,06-03-2022,East,Apparel,Shirts,Apparel Shirts,5864,VIP,6,65.71,0.0651,368.61,67.16,38,Online
ORD-101745,28-07-2024,West,Electronics,Accessories,Electronics Accessories,6090,Regular,5,212.52,0.1624,890,212.56,44,Wholesale
ORD-101746,24-01-2024,Central,Apparel,Footwear,Apparel Footwear,6704,Regular,4,171.2,0.0163,673.63,274.25,52,Retail
ORD-101747,14-02-2022,South,Apparel,Accessories,Apparel Accessories,3505,At Risk,1,167.43,0.0601,157.37,39.79,25,Online
ORD-101748,07-06-2022,South,Furniture,Desk,Furniture Desk,3720,Regular,2,102.39,0.0226,200.15,56.45,56,Retail
ORD-101749,09-07-2024,North,Apparel,Jackets,Apparel Jackets,4270,Regular,2,189.91,0.0142,374.44,139.59,38,Online
ORD-101750,14-09-2023,North,Furniture,Chair,Furniture Chair,5076,New,5,115.25,0.1023,517.33,193.98,62,Wholesale
ORD-101751,14-08-2023,East,Apparel,Shirts,Apparel Shirts,5800,New,7,146.69,0.0308,995.21,320.68,34,Online
ORD-101752,03-07-2024,Central,Apparel,Jackets,Apparel Jackets,4687,Regular,2,63.77,0.0393,122.53,37.96,45,Online
ORD-101753,12-11-2022,East,Office Supplies,Stationery,Office Supplies Stationery,6687,New,2,218.47,0.0416,418.77,132.59,43,Wholesale
ORD-101754,19-01-2025,East,Furniture,Storage,Furniture Storage,2806,VIP,1,38.98,0.0066,38.72,15.96,42,Online
ORD-101755,28-03-2024,East,Apparel,Shirts,Apparel Shirts,3302,Regular,4,175.41,0.0271,682.62,236.92,34,Retail
ORD-101756,24-07-2023,North,Electronics,Accessories,Electronics Accessories,1489,VIP,7,218.95,0.0109,1515.95,515.31,48,Online
ORD-101757,25-06-2023,East,Apparel,Footwear,Apparel Footwear,2797,VIP,7,81.6,0.0354,550.98,129.22,49,Wholesale
ORD-101758,29-03-2022,West,Apparel,Shirts,Apparel Shirts,6889,Regular,5,206.18,0.0352,994.61,334.9,25,Online
ORD-101759,19-05-2023,Central,Furniture,Lighting,Furniture Lighting,2430,At Risk,6,70.16,0.0744,389.64,88.39,48,Wholesale
ORD-101760,04-08-2023,South,Electronics,Tablet,Electronics Tablet,5636,VIP,3,57.84,0.0138,171.13,64.1,30,Retail
ORD-101761,01-02-2025,North,Office Supplies,Paper,Office Supplies Paper,5694,At Risk,3,77.93,0.0432,223.68,79.82,50,Retail
ORD-101762,16-11-2024,North,Electronics,Accessories,Electronics Accessories,4089,Regular,4,133.52,0.1179,471.13,103.94,29,Online
ORD-101763,18-01-2022,East,Electronics,Tablet,Electronics Tablet,5825,At Risk,3,26.26,0.0375,75.82,15.6,36,Retail
ORD-101764,26-07-2022,North,Apparel,Jackets,Apparel Jackets,6192,At Risk,5,217.17,0.0313,1051.85,217.48,31,Wholesale
ORD-101765,13-03-2022,South,Office Supplies,Paper,Office Supplies Paper,2296,New,1,101.04,0.0969,91.25,19.38,28,Online
ORD-101766,23-06-2023,Central,Furniture,Storage,Furniture Storage,6995,New,4,80.08,0.0829,293.76,70.42,63,Retail
ORD-101767,23-05-2023,South,Furniture,Lighting,Furniture Lighting,6975,At Risk,3,132.39,0.0492,377.63,87.5,54,Online
ORD-101768,10-09-2024,Central,Electronics,Tablet,Electronics Tablet,3028,Regular,4,84.96,0.0559,320.84,112.45,69,Retail
ORD-101769,13-09-2024,West,Office Supplies,Binders,Office Supplies Binders,1011,New,4,30.11,0.0089,119.37,42.38,46,Wholesale
ORD-101770,19-07-2022,North,Furniture,Chair,Furniture Chair,5912,VIP,3,161.46,0.1338,419.57,120.48,24,Online
ORD-101771,13-02-2022,North,Electronics,Tablet,Electronics Tablet,6251,VIP,2,82.88,0.0247,161.66,51.38,31,Wholesale
ORD-101772,21-03-2024,North,Office Supplies,Binders,Office Supplies Binders,1914,VIP,5,89.31,0.0316,432.45,125.18,45,Online
ORD-101773,28-01-2025,West,Furniture,Desk,Furniture Desk,5388,Regular,5,28.43,0.0577,133.95,47.47,52,Online
ORD-101774,06-12-2023,West,Office Supplies,Ink,Office Supplies Ink,2717,Regular,2,52.42,0.0844,95.99,18.82,26,Retail
ORD-101775,09-06-2022,West,Furniture,Lighting,Furniture Lighting,4837,Regular,2,205.7,0.1105,365.96,124.61,64,Online
ORD-101776,20-01-2024,East,Electronics,Phone,Electronics Phone,5132,New,6,147.35,0.0877,806.52,307.13,29,Retail
ORD-101777,03-01-2024,East,Electronics,Laptop,Electronics Laptop,1746,New,3,71.67,0.0086,213.15,61.69,59,Wholesale
ORD-101778,08-04-2023,East,Furniture,Desk,Furniture Desk,4434,New,7,151.85,0.1415,912.58,212.23,51,Online
ORD-101779,27-01-2024,East,Apparel,Accessories,Apparel Accessories,4838,Regular,7,210.89,0.0924,1339.76,280.05,57,Online
ORD-101780,03-02-2024,East,Electronics,Laptop,Electronics Laptop,3231,Regular,4,75.24,0.0528,285.08,113.08,69,Retail
ORD-101781,26-05-2022,North,Office Supplies,Ink,Office Supplies Ink,5203,New,1,130.07,0.052,123.31,34.76,40,Wholesale
ORD-101782,30-01-2023,East,Furniture,Storage,Furniture Storage,1069,VIP,2,54.44,0.0992,98.08,21.46,64,Online
ORD-101783,27-04-2022,East,Furniture,Desk,Furniture Desk,6082,New,3,160.12,0.1461,410.18,113.02,63,Wholesale
ORD-101784,29-07-2023,Central,Office Supplies,Binders,Office Supplies Binders,4936,New,3,207.2,0.0445,593.91,133.11,41,Retail
ORD-101785,13-10-2023,Central,Electronics,Tablet,Electronics Tablet,4711,Regular,2,156.56,0.1379,269.95,56.63,23,Retail
ORD-101786,06-03-2025,West,Furniture,Storage,Furniture Storage,1529,Regular,6,160.18,0.0129,948.65,385.7,26,Wholesale
ORD-101787,14-03-2022,East,Electronics,Phone,Electronics Phone,2729,VIP,7,136.57,0.1176,843.52,279.72,60,Online
ORD-101788,30-06-2024,East,Apparel,Jackets,Apparel Jackets,3857,At Risk,3,120.57,0.1314,314.19,96.49,27,Wholesale
ORD-101789,16-10-2024,West,Furniture,Storage,Furniture Storage,5302,Regular,3,163.64,0.0576,462.67,103.65,35,Online
ORD-101790,19-06-2024,East,Office Supplies,Binders,Office Supplies Binders,2648,At Risk,7,31.21,0.0348,210.86,62.75,65,Wholesale
ORD-101791,10-01-2025,South,Electronics,Laptop,Electronics Laptop,3336,Regular,2,136.33,0.0814,250.46,102.34,36,Retail
ORD-101792,12-02-2024,South,Electronics,Phone,Electronics Phone,2821,New,6,26.32,0.1548,133.48,44.77,59,Online
ORD-101793,16-10-2023,North,Electronics,Laptop,Electronics Laptop,5980,VIP,7,114.42,0.1235,702.01,136.46,51,Online
ORD-101794,20-04-2023,Central,Furniture,Desk,Furniture Desk,2253,At Risk,3,128.31,0.0101,381.06,99.35,29,Online
ORD-101795,16-10-2022,Central,Furniture,Storage,Furniture Storage,2319,VIP,5,183.97,0.0465,877.05,173.38,21,Wholesale
ORD-101796,15-12-2023,Central,Apparel,Jackets,Apparel Jackets,4726,New,2,143.57,0.0827,263.39,80.31,24,Online
ORD-101797,14-05-2024,North,Electronics,Tablet,Electronics Tablet,3616,At Risk,2,39.61,0.0224,77.45,16.13,47,Retail
ORD-101798,23-02-2024,North,Electronics,Phone,Electronics Phone,1344,VIP,6,87.1,0.0497,496.65,207.74,44,Wholesale
ORD-101799,27-03-2022,North,Apparel,Accessories,Apparel Accessories,1186,New,1,193.58,0.0176,190.17,44.48,47,Retail
ORD-101800,05-01-2022,West,Office Supplies,Ink,Office Supplies Ink,2328,VIP,6,200.26,0.0172,1180.86,314.74,29,Wholesale
ORD-101801,02-05-2024,West,Furniture,Lighting,Furniture Lighting,2066,Regular,7,123.63,0.0323,837.46,307.18,59,Retail
ORD-101802,07-06-2023,East,Office Supplies,Binders,Office Supplies Binders,1306,Regular,4,153.34,0.1078,547.23,209.76,33,Wholesale
ORD-101803,07-06-2024,North,Electronics,Accessories,Electronics Accessories,1245,At Risk,7,68.98,0.1377,416.37,153.69,30,Online
ORD-101804,29-10-2024,East,Furniture,Storage,Furniture Storage,4022,Regular,6,24.32,0.0653,136.39,52.53,33,Online
ORD-101805,22-10-2024,South,Electronics,Tablet,Electronics Tablet,3082,Regular,3,51.68,0.0265,150.93,54.35,42,Online
ORD-101806,09-07-2023,West,Office Supplies,Binders,Office Supplies Binders,3157,Regular,7,49.12,0.1577,289.6,59.6,61,Retail
ORD-101807,02-10-2024,Central,Office Supplies,Binders,Office Supplies Binders,1846,New,6,145.68,0.0502,830.23,317.71,38,Online
ORD-101808,16-03-2025,West,Apparel,Accessories,Apparel Accessories,6905,VIP,5,184.4,0.1044,825.73,272.17,43,Retail
ORD-101809,24-06-2023,East,Office Supplies,Binders,Office Supplies Binders,2357,New,6,218.52,0.1316,1138.55,267.91,48,Retail
ORD-101810,21-03-2022,West,Electronics,Phone,Electronics Phone,4811,VIP,7,156.03,0.0816,1003.03,261.35,32,Wholesale
ORD-101811,07-08-2023,East,Office Supplies,Ink,Office Supplies Ink,2051,New,1,30.05,0.0559,28.37,5.63,64,Wholesale
ORD-101812,24-01-2025,South,Furniture,Storage,Furniture Storage,4396,VIP,1,115.1,0.0367,110.87,29.75,50,Retail
ORD-101813,02-04-2024,Central,Furniture,Desk,Furniture Desk,3242,Regular,2,32.69,0.0196,64.1,26.32,32,Wholesale
ORD-101814,11-02-2025,Central,Apparel,Footwear,Apparel Footwear,4403,New,2,28.15,0.0142,55.5,13.41,59,Wholesale
ORD-101815,08-01-2022,North,Electronics,Laptop,Electronics Laptop,4513,New,6,119.43,0.0488,681.6,133.9,64,Wholesale
ORD-101816,30-07-2023,South,Office Supplies,Stationery,Office Supplies Stationery,6541,New,7,115.49,0.0392,776.71,294.41,60,Online
ORD-101817,29-01-2023,North,Apparel,Jackets,Apparel Jackets,3221,At Risk,3,30.86,0.0736,85.77,16.16,45,Online
ORD-101818,08-04-2023,East,Office Supplies,Ink,Office Supplies Ink,6775,VIP,7,151.97,0.0312,1030.56,384.15,32,Online
ORD-101819,17-06-2022,South,Office Supplies,Ink,Office Supplies Ink,6289,VIP,5,200.05,0.1234,876.79,301.44,24,Retail
ORD-101820,31-03-2024,North,Furniture,Lighting,Furniture Lighting,4497,VIP,1,125.69,0.0063,124.9,44.17,45,Online
ORD-101821,30-12-2024,North,Electronics,Laptop,Electronics Laptop,4710,At Risk,5,177.32,0.0594,833.97,333.17,41,Wholesale
ORD-101822,05-01-2025,Central,Electronics,Phone,Electronics Phone,3410,VIP,1,217.5,0.0298,211.01,77.2,61,Retail
ORD-101823,20-11-2024,North,Apparel,Footwear,Apparel Footwear,5675,VIP,3,178.86,0.0219,524.81,175.83,28,Retail
ORD-101824,09-01-2024,South,Electronics,Accessories,Electronics Accessories,6971,Regular,3,192.61,0.0922,524.56,173.82,30,Wholesale
ORD-101825,30-08-2022,West,Electronics,Laptop,Electronics Laptop,1376,Regular,7,104.81,0.0623,687.98,125.08,40,Online
ORD-101826,18-06-2023,West,Apparel,Jackets,Apparel Jackets,6598,New,3,177.51,0.0171,523.42,213,64,Online
ORD-101827,02-04-2022,South,Apparel,Shirts,Apparel Shirts,5504,Regular,4,162.2,0.0695,603.73,155.96,31,Online
ORD-101828,30-09-2024,East,Electronics,Laptop,Electronics Laptop,4216,New,1,158.53,0.0597,149.07,55.37,70,Wholesale
ORD-101829,14-09-2024,East,Furniture,Desk,Furniture Desk,3272,Regular,4,36.13,0.0636,135.33,56.84,25,Online
ORD-101830,27-04-2024,South,Apparel,Accessories,Apparel Accessories,6728,Regular,7,162.74,0.0578,1073.28,248.58,64,Online
ORD-101831,31-07-2023,West,Furniture,Storage,Furniture Storage,6614,Regular,4,103.71,0.0555,391.81,96.01,52,Wholesale
ORD-101832,21-06-2023,East,Apparel,Footwear,Apparel Footwear,5915,At Risk,3,42.42,0.0676,118.66,27.76,54,Retail
ORD-101833,11-05-2022,South,Furniture,Desk,Furniture Desk,4044,Regular,7,51,0.0408,342.45,134.79,57,Online
ORD-101834,06-12-2024,South,Apparel,Accessories,Apparel Accessories,6893,Regular,2,69.24,0.0237,135.19,26.13,23,Online
ORD-101835,09-08-2022,Central,Electronics,Accessories,Electronics Accessories,2688,At Risk,1,183.41,0.0594,172.51,42.81,52,Wholesale
ORD-101836,05-03-2022,South,Electronics,Laptop,Electronics Laptop,3428,At Risk,2,151.57,0.0379,291.66,73.03,54,Wholesale
ORD-101837,24-10-2023,North,Apparel,Shirts,Apparel Shirts,4717,Regular,4,166.33,0.0508,631.51,171.94,35,Retail
ORD-101838,13-09-2024,East,Office Supplies,Paper,Office Supplies Paper,4734,New,4,208.52,0.0483,793.78,149.93,23,Online
ORD-101839,03-01-2025,East,Furniture,Chair,Furniture Chair,5249,Regular,2,155.2,0.0292,301.32,122.31,49,Online
ORD-101840,18-09-2024,Central,Office Supplies,Paper,Office Supplies Paper,2760,At Risk,3,206.26,0.1347,535.45,200.8,33,Retail
ORD-101841,23-10-2024,Central,Apparel,Shirts,Apparel Shirts,1220,Regular,4,79.55,0.058,299.74,116.01,26,Wholesale
ORD-101842,28-01-2022,North,Furniture,Desk,Furniture Desk,5718,At Risk,5,109.83,0.0702,510.58,117.71,28,Wholesale
ORD-101843,04-09-2024,South,Furniture,Desk,Furniture Desk,1424,Regular,6,92.31,0.0671,516.68,189.53,49,Wholesale
ORD-101844,14-11-2023,North,Apparel,Jackets,Apparel Jackets,3495,VIP,5,34.16,0.1027,153.26,29.52,48,Wholesale
ORD-101845,06-01-2023,North,Apparel,Footwear,Apparel Footwear,5958,At Risk,6,168.82,0.0724,939.62,187.68,65,Retail
ORD-101846,08-02-2025,East,Apparel,Shirts,Apparel Shirts,2239,At Risk,4,134.29,0.0617,503.99,204.71,63,Online
ORD-101847,12-12-2024,North,Apparel,Footwear,Apparel Footwear,2288,VIP,6,72.07,0.0187,424.32,155.49,49,Wholesale
ORD-101848,10-08-2023,West,Electronics,Laptop,Electronics Laptop,2973,VIP,3,58.55,0.0476,167.29,41.5,31,Online
ORD-101849,03-03-2025,East,Apparel,Accessories,Apparel Accessories,6570,VIP,6,52.37,0.1603,263.84,100.99,30,Online
ORD-101850,07-04-2025,East,Furniture,Chair,Furniture Chair,2777,Regular,2,97.8,0.0919,177.62,51.77,67,Retail
ORD-101851,07-03-2022,South,Electronics,Tablet,Electronics Tablet,6309,Regular,3,178.17,0.1287,465.74,161.81,46,Wholesale
ORD-101852,11-09-2023,Central,Electronics,Laptop,Electronics Laptop,4374,Regular,2,53.39,0.0395,102.56,26.59,21,Wholesale
ORD-101853,10-10-2023,South,Apparel,Accessories,Apparel Accessories,5980,At Risk,4,47.6,0.0205,186.5,55.59,63,Online
ORD-101854,03-08-2024,East,Furniture,Lighting,Furniture Lighting,1162,Regular,4,80.65,0.0998,290.41,85.45,26,Online
ORD-101855,17-04-2024,West,Electronics,Phone,Electronics Phone,1928,New,3,138.5,0.0736,384.93,119.6,38,Wholesale
ORD-101856,23-11-2023,West,Furniture,Lighting,Furniture Lighting,3899,At Risk,5,176.22,0.0351,850.22,336.88,67,Retail
ORD-101857,25-06-2023,South,Office Supplies,Stationery,Office Supplies Stationery,1396,New,6,209.03,0.0157,1234.43,321.68,42,Online
ORD-101858,28-01-2025,South,Furniture,Chair,Furniture Chair,3970,At Risk,1,89.75,0.1691,74.58,13.9,71,Online
ORD-101859,14-06-2024,Central,Apparel,Accessories,Apparel Accessories,3037,At Risk,4,126.99,0.0871,463.71,102.95,32,Online
ORD-101860,28-09-2023,Central,Electronics,Accessories,Electronics Accessories,6995,VIP,2,144.54,0.079,266.24,96.38,46,Retail
ORD-101861,31-08-2022,North,Electronics,Phone,Electronics Phone,6647,Regular,5,147.7,0.0615,693.09,140.48,68,Wholesale
ORD-101862,26-01-2023,Central,Furniture,Storage,Furniture Storage,2456,Regular,7,204.34,0.0918,1299.06,238.77,51,Wholesale
ORD-101863,30-09-2023,Central,Electronics,Phone,Electronics Phone,6484,VIP,3,148.83,0.0233,436.1,132.46,69,Wholesale
ORD-101864,07-02-2023,West,Electronics,Accessories,Electronics Accessories,2940,At Risk,2,144.37,0.0591,271.68,105.13,36,Retail
ORD-101865,19-04-2023,North,Office Supplies,Stationery,Office Supplies Stationery,6609,Regular,6,154.22,0.0461,882.67,297.93,30,Wholesale
ORD-101866,18-05-2022,South,Office Supplies,Stationery,Office Supplies Stationery,4965,At Risk,3,193.98,0.0368,560.55,111.45,33,Retail
ORD-101867,05-04-2025,Central,Apparel,Footwear,Apparel Footwear,2588,New,5,112.97,0.0357,544.69,152.43,60,Retail
ORD-101868,28-07-2023,East,Apparel,Shirts,Apparel Shirts,2723,VIP,6,186.04,0.0262,1086.98,311.12,39,Wholesale
ORD-101869,05-08-2023,East,Furniture,Desk,Furniture Desk,2072,At Risk,3,49.56,0.0476,141.61,49.1,69,Wholesale
ORD-101870,25-03-2025,Central,Office Supplies,Binders,Office Supplies Binders,4724,New,2,141.29,0.0931,256.27,51.56,48,Online
ORD-101871,28-10-2022,East,Apparel,Shirts,Apparel Shirts,1720,At Risk,7,216.79,0.0622,1423.2,282.84,26,Online
ORD-101872,25-12-2024,West,Apparel,Accessories,Apparel Accessories,6339,VIP,1,131.98,0.0383,126.93,40.36,26,Wholesale
ORD-101873,14-01-2024,West,Furniture,Storage,Furniture Storage,2563,Regular,6,86.07,0.0154,508.46,200.11,60,Wholesale
ORD-101874,03-03-2023,North,Electronics,Tablet,Electronics Tablet,1968,VIP,3,120.69,0.0938,328.12,117.93,24,Online
ORD-101875,27-01-2024,West,Apparel,Footwear,Apparel Footwear,1255,At Risk,3,54.69,0.0486,156.1,50.13,54,Wholesale
ORD-101876,13-01-2025,East,Apparel,Accessories,Apparel Accessories,6264,VIP,7,121.41,0.0073,843.63,207.53,61,Wholesale
ORD-101877,14-03-2023,Central,Apparel,Accessories,Apparel Accessories,3218,At Risk,2,41.51,0.0791,76.45,28.35,26,Retail
ORD-101878,19-02-2025,East,Apparel,Accessories,Apparel Accessories,1534,Regular,5,66.25,0.0334,320.18,104.15,24,Online
ORD-101879,30-03-2023,Central,Furniture,Desk,Furniture Desk,5093,VIP,4,148.99,0.033,576.3,123.14,52,Online
ORD-101880,03-08-2024,Central,Furniture,Desk,Furniture Desk,1668,New,7,44.85,0.0535,297.14,124.53,52,Retail
ORD-101881,18-08-2023,South,Electronics,Tablet,Electronics Tablet,4357,New,1,100.13,0.0676,93.36,27.42,65,Online
ORD-101882,05-02-2022,Central,Apparel,Accessories,Apparel Accessories,2939,VIP,4,116.2,0.0188,456.06,108.81,60,Online
ORD-101883,14-08-2023,Central,Apparel,Shirts,Apparel Shirts,3930,Regular,3,143.79,0.0616,404.81,82.17,54,Wholesale
ORD-101884,07-03-2022,West,Electronics,Tablet,Electronics Tablet,6190,VIP,5,68.14,0.1,306.64,113.52,62,Retail
ORD-101885,05-10-2024,North,Furniture,Storage,Furniture Storage,2122,New,5,102.43,0.0162,503.87,166.88,39,Wholesale
ORD-101886,28-10-2023,West,Furniture,Chair,Furniture Chair,1711,Regular,5,178.62,0.0569,842.27,283.47,70,Online
ORD-101887,28-11-2023,Central,Apparel,Footwear,Apparel Footwear,5832,New,5,137.3,0.0189,673.56,204.87,33,Wholesale
ORD-101888,06-03-2022,South,Electronics,Tablet,Electronics Tablet,6497,At Risk,2,211.13,0.024,412.11,118.83,22,Retail
ORD-101889,14-09-2023,East,Apparel,Shirts,Apparel Shirts,4145,New,2,42.49,0.1695,70.58,17.69,35,Online
ORD-101890,15-05-2023,East,Apparel,Shirts,Apparel Shirts,3254,Regular,6,217.58,0.0476,1243.33,460.54,71,Wholesale
ORD-101891,03-11-2024,North,Office Supplies,Binders,Office Supplies Binders,3241,Regular,4,148.66,0.1278,518.62,120.28,64,Wholesale
ORD-101892,31-08-2024,North,Electronics,Laptop,Electronics Laptop,4981,Regular,2,202.07,0.0663,377.34,134.28,64,Wholesale
ORD-101893,07-06-2024,East,Apparel,Accessories,Apparel Accessories,2734,New,2,208.41,0.0155,410.37,159.43,65,Online
ORD-101894,27-12-2022,East,Apparel,Jackets,Apparel Jackets,6107,Regular,2,84.8,0.0604,159.35,48.84,23,Retail
ORD-101895,28-10-2023,West,Office Supplies,Ink,Office Supplies Ink,5463,VIP,5,217.02,0.0483,1032.71,208.14,49,Retail
ORD-101896,25-08-2022,North,Apparel,Jackets,Apparel Jackets,4254,Regular,4,102.63,0.0587,386.43,111.11,27,Retail
ORD-101897,23-08-2022,West,Electronics,Accessories,Electronics Accessories,2348,Regular,6,181.29,0.0654,1016.63,250.69,47,Wholesale
ORD-101898,21-01-2025,North,Electronics,Phone,Electronics Phone,3949,Regular,5,133.97,0.0162,659,148.48,63,Retail
ORD-101899,18-03-2022,South,Apparel,Jackets,Apparel Jackets,5917,At Risk,3,35.33,0.0803,97.48,29.34,69,Retail
ORD-101900,18-12-2022,Central,Office Supplies,Ink,Office Supplies Ink,4923,At Risk,3,89.3,0.0329,259.09,102.4,62,Wholesale
ORD-101901,25-05-2024,North,Office Supplies,Stationery,Office Supplies Stationery,1549,Regular,2,210.48,0.0178,413.45,115.8,41,Online
ORD-101902,08-05-2024,Central,Electronics,Accessories,Electronics Accessories,6796,New,6,109.98,0.0683,614.78,202.74,53,Retail
ORD-101903,08-07-2023,North,Electronics,Accessories,Electronics Accessories,2438,Regular,7,173.94,0.0599,1144.65,464.32,22,Wholesale
ORD-101904,09-09-2023,South,Apparel,Footwear,Apparel Footwear,1219,Regular,1,184.33,0.1636,154.17,47.1,56,Online
ORD-101905,16-05-2022,North,Apparel,Accessories,Apparel Accessories,3654,At Risk,1,209.32,0.0372,201.54,40.28,60,Retail
ORD-101906,12-01-2022,West,Office Supplies,Paper,Office Supplies Paper,6853,Regular,1,191.69,0.0086,190.05,76.31,44,Wholesale
ORD-101907,12-09-2022,South,Electronics,Laptop,Electronics Laptop,3675,Regular,5,37.85,0.0397,181.73,65.49,32,Retail
ORD-101908,24-09-2024,West,Furniture,Chair,Furniture Chair,6324,New,5,29.82,0.1108,132.58,49.8,30,Retail
ORD-101909,18-07-2024,South,Electronics,Tablet,Electronics Tablet,4239,New,2,86.4,0.0467,164.74,65.89,63,Wholesale
ORD-101910,10-07-2023,South,Furniture,Storage,Furniture Storage,3750,New,6,69.18,0.0128,409.77,73.9,37,Wholesale
ORD-101911,22-01-2025,Central,Office Supplies,Ink,Office Supplies Ink,2288,Regular,1,159.7,0.0151,157.3,37.92,22,Online
ORD-101912,28-05-2024,South,Office Supplies,Ink,Office Supplies Ink,5755,New,3,172.41,0.0557,488.44,200.32,28,Wholesale
ORD-101913,09-09-2023,East,Electronics,Tablet,Electronics Tablet,1192,New,5,84.46,0.0854,386.24,112.95,71,Retail
ORD-101914,22-08-2023,West,Furniture,Chair,Furniture Chair,6786,Regular,6,33.53,0.0228,196.59,71.24,42,Wholesale
ORD-101915,05-11-2022,Central,Furniture,Lighting,Furniture Lighting,2329,VIP,6,121.57,0.0153,718.29,138.94,42,Wholesale
ORD-101916,07-02-2023,Central,Electronics,Accessories,Electronics Accessories,3246,Regular,4,39.47,0.0295,153.22,39.04,36,Wholesale
ORD-101917,02-02-2023,Central,Furniture,Desk,Furniture Desk,6042,At Risk,7,83.39,0.041,559.79,172.18,34,Wholesale
ORD-101918,11-08-2023,West,Office Supplies,Paper,Office Supplies Paper,1698,At Risk,6,176.01,0.0518,1001.39,310.83,44,Wholesale
ORD-101919,08-01-2022,North,Furniture,Chair,Furniture Chair,4795,New,3,155.59,0.068,435.01,86.03,34,Retail
ORD-101920,04-03-2025,South,Office Supplies,Binders,Office Supplies Binders,2249,Regular,6,186.44,0.0599,1051.66,411.15,57,Wholesale
ORD-101921,16-10-2024,North,Electronics,Tablet,Electronics Tablet,3005,VIP,2,118.02,0.046,225.19,75.42,36,Online
ORD-101922,07-08-2024,North,Furniture,Lighting,Furniture Lighting,5699,Regular,7,121.96,0.0369,822.19,335.13,24,Wholesale
ORD-101923,06-09-2023,North,Apparel,Footwear,Apparel Footwear,5920,Regular,4,76.65,0.0365,295.41,112.96,56,Retail
ORD-101924,17-01-2025,Central,Office Supplies,Ink,Office Supplies Ink,2321,Regular,3,38.2,0.1276,99.98,18.65,41,Wholesale
ORD-101925,16-05-2022,South,Office Supplies,Ink,Office Supplies Ink,1971,New,2,181.38,0.0326,350.93,91.25,23,Online
ORD-101926,02-04-2025,South,Furniture,Storage,Furniture Storage,4281,Regular,2,181.92,0.0346,351.25,76.25,71,Retail
ORD-101927,20-05-2024,Central,Apparel,Footwear,Apparel Footwear,2542,Regular,5,57.44,0.0204,281.35,62.2,69,Online
ORD-101928,16-07-2022,West,Apparel,Jackets,Apparel Jackets,3298,New,3,57.29,0.1044,153.93,48.62,68,Retail
ORD-101929,30-08-2023,Central,Office Supplies,Paper,Office Supplies Paper,1284,New,3,122.24,0.0466,349.62,128.31,56,Wholesale
ORD-101930,13-12-2024,North,Office Supplies,Paper,Office Supplies Paper,4940,Regular,1,177.51,0.0257,172.94,40.35,21,Wholesale
ORD-101931,24-11-2023,West,Furniture,Storage,Furniture Storage,5844,New,2,211.82,0.1592,356.18,85.21,53,Retail
ORD-101932,16-08-2023,South,Apparel,Shirts,Apparel Shirts,2538,New,2,113.48,0.0406,217.76,77.55,29,Wholesale
ORD-101933,25-12-2023,West,Electronics,Laptop,Electronics Laptop,4094,VIP,5,46.16,0.1353,199.58,75.86,54,Wholesale
ORD-101934,13-04-2024,South,Apparel,Shirts,Apparel Shirts,1465,New,6,183.17,0.1328,953.06,369.91,21,Online
ORD-101935,15-02-2024,West,Furniture,Chair,Furniture Chair,2434,At Risk,5,140.07,0.0493,665.81,134.59,67,Wholesale
ORD-101936,06-11-2022,East,Apparel,Accessories,Apparel Accessories,4576,New,2,146.09,0.0718,271.2,59.66,64,Retail
ORD-101937,31-12-2024,North,Apparel,Accessories,Apparel Accessories,2431,New,7,140.37,0.1202,864.52,240.9,30,Wholesale
ORD-101938,20-03-2023,East,Apparel,Accessories,Apparel Accessories,3119,New,4,146.09,0.0871,533.45,208.71,56,Online
ORD-101939,10-10-2023,West,Office Supplies,Binders,Office Supplies Binders,5638,VIP,3,77.07,0.0343,223.28,93.1,66,Wholesale
ORD-101940,03-06-2023,West,Office Supplies,Stationery,Office Supplies Stationery,5584,VIP,2,137.11,0.1397,235.9,68.38,43,Retail
ORD-101941,29-03-2023,South,Furniture,Chair,Furniture Chair,1239,New,3,164.98,0.1201,435.52,83.43,26,Wholesale
ORD-101942,18-04-2023,West,Office Supplies,Paper,Office Supplies Paper,1676,Regular,4,160.37,0.0883,584.83,126.59,26,Online
ORD-101943,13-01-2024,Central,Office Supplies,Stationery,Office Supplies Stationery,5939,New,7,41.05,0.1109,255.47,88.06,34,Retail
ORD-101944,14-11-2023,South,Apparel,Footwear,Apparel Footwear,5596,Regular,1,71.85,0.0386,69.08,22.84,29,Online
ORD-101945,01-09-2024,Central,Furniture,Chair,Furniture Chair,3800,At Risk,3,37.19,0.1157,98.66,30.52,39,Retail
ORD-101946,03-02-2022,West,Furniture,Lighting,Furniture Lighting,3853,Regular,4,89.18,0.0655,333.35,89.12,59,Retail
ORD-101947,06-03-2023,North,Apparel,Jackets,Apparel Jackets,5804,Regular,2,138.37,0.1722,229.09,52.08,36,Retail
ORD-101948,29-06-2023,East,Electronics,Tablet,Electronics Tablet,1124,New,6,115.02,0.0655,644.93,130.22,65,Wholesale
ORD-101949,03-05-2023,East,Apparel,Accessories,Apparel Accessories,6106,Regular,7,126.1,0.0186,866.26,281.06,34,Online
ORD-101950,29-05-2022,North,Electronics,Tablet,Electronics Tablet,6315,VIP,2,126.22,0.0799,232.28,46.7,47,Retail
ORD-101951,04-03-2022,West,Apparel,Accessories,Apparel Accessories,6239,Regular,4,178.01,0.1345,616.28,151.87,71,Online
ORD-101952,26-01-2024,North,Furniture,Desk,Furniture Desk,3768,VIP,3,214.14,0.0336,620.85,197.67,45,Wholesale
ORD-101953,04-08-2023,West,Electronics,Tablet,Electronics Tablet,3632,Regular,1,64.43,0.0498,61.22,12.51,49,Online
ORD-101954,29-11-2022,South,Furniture,Storage,Furniture Storage,3917,VIP,2,190.54,0.0383,366.5,79.07,59,Retail
ORD-101955,28-10-2024,North,Apparel,Jackets,Apparel Jackets,5393,Regular,4,69.39,0.0844,254.13,92.18,53,Retail
ORD-101956,16-08-2022,East,Office Supplies,Stationery,Office Supplies Stationery,5156,New,1,190.38,0.0514,180.6,57.72,53,Retail
ORD-101957,30-07-2023,Central,Apparel,Accessories,Apparel Accessories,3414,New,2,111.54,0.0535,211.15,86.77,40,Online
ORD-101958,16-10-2024,North,Electronics,Tablet,Electronics Tablet,5092,At Risk,7,101.53,0.037,684.39,265.76,63,Retail
ORD-101959,11-05-2022,West,Electronics,Phone,Electronics Phone,6691,New,5,105.3,0.031,510.2,204.93,46,Retail
ORD-101960,26-01-2024,Central,Apparel,Jackets,Apparel Jackets,6689,Regular,6,119.12,0.0537,676.31,267.7,63,Retail
ORD-101961,30-08-2024,South,Furniture,Storage,Furniture Storage,6622,Regular,1,70.14,0.0629,65.73,16.89,43,Wholesale
ORD-101962,05-04-2025,Central,Office Supplies,Ink,Office Supplies Ink,3483,Regular,5,62.35,0.0402,299.22,107.43,29,Retail
ORD-101963,19-06-2023,East,Office Supplies,Paper,Office Supplies Paper,5653,Regular,6,180.76,0.0217,1060.98,430.81,56,Retail
ORD-101964,06-07-2024,East,Furniture,Lighting,Furniture Lighting,3555,At Risk,2,53.02,0.0054,105.46,32.99,59,Wholesale
ORD-101965,06-07-2022,North,Apparel,Jackets,Apparel Jackets,5464,New,5,43.22,0.1659,180.25,34.84,48,Wholesale
ORD-101966,01-09-2023,North,Office Supplies,Ink,Office Supplies Ink,2213,At Risk,1,180.15,0.0337,174.07,38.35,25,Retail
ORD-101967,21-08-2022,Central,Electronics,Phone,Electronics Phone,1048,New,2,163.86,0.0985,295.44,71.92,61,Retail
ORD-101968,15-11-2023,North,Furniture,Storage,Furniture Storage,4539,At Risk,2,215.75,0.1513,366.22,68.07,53,Online
ORD-101969,22-11-2022,East,Electronics,Tablet,Electronics Tablet,5335,At Risk,6,48.66,0.0476,278.07,61.02,24,Retail
ORD-101970,28-02-2024,North,Apparel,Footwear,Apparel Footwear,3146,At Risk,5,61.94,0.1505,263.1,66.61,37,Retail
ORD-101971,26-01-2025,North,Apparel,Shirts,Apparel Shirts,5739,Regular,1,58.89,0.0584,55.45,19.62,39,Wholesale
ORD-101972,06-06-2024,Central,Furniture,Chair,Furniture Chair,3082,VIP,7,61.59,0.0747,398.93,84.83,62,Wholesale
ORD-101973,21-02-2022,North,Furniture,Storage,Furniture Storage,5668,At Risk,2,62.95,0.0606,118.27,26.58,47,Wholesale
ORD-101974,16-09-2022,North,Apparel,Jackets,Apparel Jackets,1928,Regular,4,115.6,0.0494,439.56,127.12,51,Wholesale
ORD-101975,03-03-2022,North,Electronics,Phone,Electronics Phone,4198,Regular,3,73.34,0.0276,213.94,85.89,30,Retail
ORD-101976,03-03-2023,West,Electronics,Tablet,Electronics Tablet,4066,New,7,156.51,0.0619,1027.77,233.34,28,Wholesale
ORD-101977,30-06-2022,East,Electronics,Accessories,Electronics Accessories,4332,New,5,140.02,0.0796,644.37,243.76,57,Wholesale
ORD-101978,26-03-2023,East,Office Supplies,Paper,Office Supplies Paper,2158,VIP,6,84.15,0.1212,443.72,142.43,48,Retail
ORD-101979,15-05-2024,West,Electronics,Tablet,Electronics Tablet,6688,New,4,65.59,0.0607,246.43,57.91,27,Retail
ORD-101980,30-05-2023,East,Electronics,Accessories,Electronics Accessories,3027,New,7,59.79,0.0576,394.44,73.44,37,Online
ORD-101981,25-04-2023,South,Furniture,Lighting,Furniture Lighting,5753,At Risk,4,35.64,0.0883,129.97,25.79,60,Online
ORD-101982,14-03-2024,East,Electronics,Laptop,Electronics Laptop,6817,New,5,96.16,0.126,420.24,124.69,24,Retail
ORD-101983,02-02-2022,North,Furniture,Desk,Furniture Desk,4703,VIP,7,153.76,0.0304,1043.63,307.48,46,Retail
ORD-101984,18-09-2022,East,Electronics,Accessories,Electronics Accessories,1411,Regular,3,67.33,0.0783,186.17,74.6,26,Wholesale
ORD-101985,10-08-2022,West,Office Supplies,Binders,Office Supplies Binders,2832,Regular,6,177.03,0.0488,1010.31,285.92,66,Retail
ORD-101986,12-12-2023,Central,Furniture,Storage,Furniture Storage,3746,At Risk,4,206.03,0.0587,775.75,297.73,42,Online
ORD-101987,28-10-2022,South,Furniture,Storage,Furniture Storage,6595,VIP,2,183.34,0.0951,331.82,69.18,35,Wholesale
ORD-101988,03-05-2024,Central,Apparel,Footwear,Apparel Footwear,3036,VIP,5,79.18,0.0382,380.76,149.48,59,Wholesale
ORD-101989,20-09-2022,East,Electronics,Phone,Electronics Phone,1712,Regular,3,157.89,0.1387,407.98,132.76,53,Wholesale
ORD-101990,16-05-2024,West,Apparel,Shirts,Apparel Shirts,5995,New,2,81.11,0.0617,152.22,34.68,32,Wholesale
ORD-101991,05-02-2025,North,Office Supplies,Paper,Office Supplies Paper,3413,VIP,5,177.24,0.116,783.37,162.1,36,Wholesale
ORD-101992,19-01-2025,West,Electronics,Laptop,Electronics Laptop,1999,Regular,7,183.45,0.0761,1186.4,350.81,40,Wholesale
ORD-101993,17-01-2023,North,Electronics,Accessories,Electronics Accessories,2383,VIP,3,110.08,0.0661,308.4,121.16,23,Wholesale
ORD-101994,13-07-2023,East,Electronics,Accessories,Electronics Accessories,1499,New,1,78.48,0.144,67.18,18.9,23,Online
ORD-101995,03-05-2022,Central,Electronics,Phone,Electronics Phone,1765,At Risk,4,171.33,0.0211,670.85,159.43,35,Wholesale
ORD-101996,23-08-2024,West,Furniture,Chair,Furniture Chair,4211,New,3,165.16,0.1382,426.98,110.02,57,Online
ORD-101997,10-10-2022,South,Electronics,Accessories,Electronics Accessories,5049,New,1,48.96,0.0186,48.05,12.21,34,Retail
ORD-101998,04-04-2025,North,Apparel,Shirts,Apparel Shirts,6677,Regular,3,142.46,0.08,393.2,146.68,27,Online
ORD-101999,04-12-2023,Central,Electronics,Laptop,Electronics Laptop,4402,At Risk,2,166.52,0.0517,315.81,91.24,66,Online
ORD-102000,25-03-2024,Central,Office Supplies,Ink,Office Supplies Ink,1051,New,2,34.86,0.039,67,13.55,36,Wholesale
ORD-102001,17-01-2025,West,Apparel,Accessories,Apparel Accessories,4133,New,3,44.3,0.0838,121.77,44.65,66,Online
ORD-102002,12-08-2022,West,Apparel,Shirts,Apparel Shirts,1804,VIP,6,152.68,0.1172,808.68,203.13,49,Retail
ORD-102003,19-02-2022,North,Electronics,Tablet,Electronics Tablet,2661,New,3,55.41,0.0738,153.96,42.6,22,Wholesale
ORD-102004,16-11-2023,North,Office Supplies,Ink,Office Supplies Ink,4978,Regular,1,47.94,0.058,45.16,9.81,55,Online
ORD-102005,03-11-2022,East,Apparel,Footwear,Apparel Footwear,2984,New,7,207.03,0.0669,1352.25,506.65,59,Retail
ORD-102006,19-01-2024,Central,Apparel,Jackets,Apparel Jackets,1246,New,6,41.06,0.0592,231.78,78.65,21,Wholesale
ORD-102007,07-11-2022,Central,Office Supplies,Paper,Office Supplies Paper,3426,Regular,4,53.08,0.0912,192.96,77.17,70,Retail
ORD-102008,19-03-2022,West,Apparel,Shirts,Apparel Shirts,5588,At Risk,1,201.34,0.036,194.09,69.91,52,Online
ORD-102009,15-11-2024,North,Electronics,Phone,Electronics Phone,5326,New,6,59.91,0.2217,279.77,109.15,70,Online
ORD-102010,01-10-2024,East,Furniture,Storage,Furniture Storage,1701,New,4,115.92,0.0379,446.13,180.83,34,Retail
ORD-102011,25-01-2025,South,Office Supplies,Ink,Office Supplies Ink,5730,Regular,5,112.7,0.0739,521.86,172,21,Wholesale
ORD-102012,10-07-2024,West,Furniture,Desk,Furniture Desk,4749,New,3,219.79,0.0192,646.69,202.2,56,Retail
ORD-102013,10-05-2023,North,Office Supplies,Ink,Office Supplies Ink,2982,Regular,2,64.95,0.0138,128.11,48.81,27,Online
ORD-102014,14-05-2024,North,Apparel,Footwear,Apparel Footwear,6221,At Risk,6,160.22,0.0813,883.19,343.86,60,Online
ORD-102015,10-02-2023,West,Office Supplies,Stationery,Office Supplies Stationery,4683,VIP,5,122.19,0.0748,565.27,139.91,33,Retail
ORD-102016,19-12-2023,South,Electronics,Phone,Electronics Phone,1706,At Risk,3,46.4,0.0402,133.6,37.2,24,Wholesale
ORD-102017,09-01-2024,West,Furniture,Storage,Furniture Storage,2536,Regular,3,114.27,0.0145,337.83,112.37,68,Online
ORD-102018,28-11-2022,East,Apparel,Accessories,Apparel Accessories,4315,At Risk,2,50.42,0.0341,97.4,30.99,58,Online
ORD-102019,26-09-2023,North,Furniture,Storage,Furniture Storage,4803,VIP,7,100.08,0.0865,639.94,187.28,37,Retail
ORD-102020,27-08-2024,North,Apparel,Jackets,Apparel Jackets,2387,At Risk,5,169.69,0.0184,832.85,271.08,22,Retail
ORD-102021,26-09-2023,North,Electronics,Laptop,Electronics Laptop,6134,VIP,7,170.34,0.0847,1091.33,419.72,36,Wholesale
ORD-102022,02-06-2023,East,Office Supplies,Binders,Office Supplies Binders,2951,New,5,46.47,0.0337,224.51,75.43,33,Wholesale
ORD-102023,26-09-2022,West,Furniture,Lighting,Furniture Lighting,6128,New,7,44.38,0.0499,295.15,87.06,70,Online
ORD-102024,28-04-2022,South,Apparel,Shirts,Apparel Shirts,1088,New,3,218.58,0.0451,626.18,134.38,25,Wholesale
ORD-102025,13-02-2022,North,Apparel,Footwear,Apparel Footwear,4282,New,3,38.04,0.0502,108.39,32.39,62,Retail
ORD-102026,10-05-2023,East,Furniture,Storage,Furniture Storage,6397,Regular,7,99.21,0.1196,611.43,127.95,61,Retail
ORD-102027,11-07-2024,East,Office Supplies,Ink,Office Supplies Ink,1020,VIP,6,174.77,0.0567,989.15,258.14,62,Retail
ORD-102028,16-04-2022,Central,Electronics,Tablet,Electronics Tablet,3304,VIP,2,171.14,0.1383,294.95,83.48,31,Wholesale
ORD-102029,09-08-2024,North,Furniture,Storage,Furniture Storage,2410,Regular,7,145.78,0.0118,1008.42,420.4,24,Retail
ORD-102030,06-07-2024,East,Electronics,Accessories,Electronics Accessories,5335,Regular,5,136.9,0.1155,605.45,218.53,60,Online
ORD-102031,11-06-2023,South,Apparel,Jackets,Apparel Jackets,2632,VIP,1,173.91,0.0068,172.73,42.41,51,Online
ORD-102032,08-12-2022,Central,Office Supplies,Stationery,Office Supplies Stationery,6243,New,7,137.79,0.0543,912.2,171.24,64,Online
ORD-102033,06-02-2025,East,Office Supplies,Ink,Office Supplies Ink,6851,Regular,2,171.06,0.0296,332.01,63.93,32,Retail
ORD-102034,21-02-2025,Central,Electronics,Accessories,Electronics Accessories,3935,Regular,2,95.1,0.0594,178.9,50.98,44,Wholesale
ORD-102035,18-09-2024,South,Electronics,Laptop,Electronics Laptop,6221,New,3,209.51,0.1175,554.7,172.4,25,Retail
ORD-102036,07-04-2022,North,Furniture,Chair,Furniture Chair,1167,Regular,1,148.82,0.0511,141.22,44.27,41,Retail
ORD-102037,22-01-2024,West,Apparel,Shirts,Apparel Shirts,4765,Regular,3,70.5,0.0401,203.02,47.94,24,Retail
ORD-102038,05-06-2023,North,Electronics,Accessories,Electronics Accessories,5607,At Risk,1,160.69,0.0989,144.8,46.12,39,Online
ORD-102039,15-01-2022,West,Electronics,Accessories,Electronics Accessories,1023,New,7,103.47,0.1005,651.51,244.57,34,Online
ORD-102040,14-10-2023,Central,Furniture,Chair,Furniture Chair,3026,New,5,110.49,0.096,499.41,143.56,60,Wholesale
ORD-102041,06-04-2025,West,Office Supplies,Binders,Office Supplies Binders,2585,VIP,2,65.82,0.0604,123.69,38.3,49,Wholesale
ORD-102042,18-03-2022,West,Apparel,Jackets,Apparel Jackets,4120,Regular,3,180.73,0.0468,516.79,99.93,41,Wholesale
ORD-102043,28-08-2024,West,Office Supplies,Paper,Office Supplies Paper,4531,Regular,6,86.22,0.0727,479.69,121.08,61,Retail
ORD-102044,23-11-2023,West,Furniture,Desk,Furniture Desk,5054,VIP,6,104.74,0.1528,532.38,154.66,49,Wholesale
ORD-102045,03-06-2024,South,Electronics,Laptop,Electronics Laptop,5089,VIP,7,152.57,0.0497,1014.94,404.6,41,Online
ORD-102046,16-08-2022,North,Furniture,Chair,Furniture Chair,5444,Regular,5,204.25,0.0379,982.57,322.68,27,Wholesale
ORD-102047,12-04-2023,South,Electronics,Tablet,Electronics Tablet,4447,VIP,5,150.34,0.0463,716.89,251.08,34,Online
ORD-102048,24-02-2025,North,Furniture,Lighting,Furniture Lighting,2423,Regular,4,207.17,0.2061,657.86,146.93,41,Retail
ORD-102049,27-11-2023,East,Apparel,Footwear,Apparel Footwear,1003,New,2,21.36,0.0438,40.85,12.37,40,Retail
ORD-102050,23-03-2023,West,Office Supplies,Paper,Office Supplies Paper,6019,New,4,156.11,0.0654,583.58,155.24,57,Wholesale
ORD-102051,10-05-2023,West,Office Supplies,Binders,Office Supplies Binders,6430,VIP,1,183.48,0.0381,176.49,73.22,46,Retail
ORD-102052,18-12-2022,North,Office Supplies,Stationery,Office Supplies Stationery,2518,New,7,22.9,0.0495,152.36,33.56,53,Wholesale
ORD-102053,08-01-2022,North,Electronics,Accessories,Electronics Accessories,1161,At Risk,4,88.35,0.068,329.37,106.89,58,Retail
ORD-102054,10-05-2022,Central,Apparel,Footwear,Apparel Footwear,2434,Regular,5,27.36,0.0813,125.68,29.44,61,Wholesale
ORD-102055,08-01-2025,Central,Furniture,Lighting,Furniture Lighting,3098,New,7,206.36,0.0678,1346.65,459.14,58,Retail
ORD-102056,10-01-2025,West,Office Supplies,Binders,Office Supplies Binders,2090,Regular,2,114.54,0.0677,213.57,61.52,36,Wholesale
ORD-102057,10-05-2024,West,Furniture,Desk,Furniture Desk,1465,Regular,1,113.95,0.1167,100.65,30.19,46,Wholesale
ORD-102058,21-12-2024,South,Furniture,Storage,Furniture Storage,1039,New,1,126.1,0.0314,122.14,41.72,59,Wholesale
ORD-102059,14-03-2024,Central,Office Supplies,Stationery,Office Supplies Stationery,4348,VIP,5,90.14,0.0276,438.27,119.38,69,Online
ORD-102060,26-06-2024,West,Apparel,Shirts,Apparel Shirts,6670,Regular,2,209.87,0.0237,409.78,144.44,46,Retail
ORD-102061,09-07-2024,West,Office Supplies,Ink,Office Supplies Ink,4309,At Risk,6,200.81,0.0654,1126.07,245.6,43,Wholesale
ORD-102062,07-07-2023,East,Furniture,Chair,Furniture Chair,3171,At Risk,7,67.39,0.0207,461.96,173.3,33,Online
ORD-102063,06-05-2022,East,Office Supplies,Binders,Office Supplies Binders,4791,Regular,5,109.97,0.0467,524.19,156.72,29,Online
ORD-102064,17-07-2022,East,Electronics,Accessories,Electronics Accessories,3698,VIP,1,130.52,0.0918,118.54,36.55,33,Retail
ORD-102065,01-01-2025,South,Electronics,Tablet,Electronics Tablet,1397,VIP,3,201.14,0.0361,581.65,135.59,26,Wholesale
ORD-102066,14-09-2023,South,Office Supplies,Binders,Office Supplies Binders,1557,Regular,4,162.13,0.0392,623.1,215.68,48,Retail
ORD-102067,09-02-2023,West,Furniture,Storage,Furniture Storage,1410,Regular,4,157.34,0.0377,605.64,191.9,39,Wholesale
ORD-102068,06-05-2023,East,Furniture,Desk,Furniture Desk,4580,Regular,6,189,0.0635,1062.03,332.71,58,Retail
ORD-102069,27-08-2022,Central,Office Supplies,Paper,Office Supplies Paper,6475,Regular,3,124.55,0.0354,360.42,112.02,49,Retail
ORD-102070,23-01-2022,South,Furniture,Storage,Furniture Storage,1173,Regular,3,100.97,0.0614,284.31,66.02,65,Retail
ORD-102071,27-01-2022,West,Electronics,Accessories,Electronics Accessories,5051,At Risk,5,175.93,0.1221,772.24,174.12,58,Retail
ORD-102072,23-09-2023,North,Furniture,Lighting,Furniture Lighting,5784,New,4,21.5,0.0395,82.6,29.23,69,Wholesale
ORD-102073,11-11-2022,East,Electronics,Tablet,Electronics Tablet,1588,New,5,209.13,0.124,915.97,213.42,26,Online
ORD-102074,17-05-2024,Central,Apparel,Jackets,Apparel Jackets,3937,New,7,52.09,0.021,356.97,104.83,35,Wholesale
ORD-102075,25-06-2023,Central,Office Supplies,Stationery,Office Supplies Stationery,2225,New,7,169.19,0.1125,1051.15,221.2,67,Online
ORD-102076,03-05-2022,North,Office Supplies,Paper,Office Supplies Paper,4828,At Risk,1,33.23,0.0425,31.82,12.08,50,Wholesale
ORD-102077,26-08-2022,North,Apparel,Jackets,Apparel Jackets,5832,Regular,4,94.77,0.0566,357.63,99.3,35,Retail
ORD-102078,25-06-2023,West,Furniture,Desk,Furniture Desk,6052,New,5,98.11,0.1251,429.17,140.96,22,Retail
ORD-102079,19-02-2022,North,Furniture,Desk,Furniture Desk,5679,Regular,7,208.34,0.0697,1356.78,520.87,44,Wholesale
ORD-102080,09-09-2022,East,Furniture,Desk,Furniture Desk,3232,Regular,4,89.57,0.0894,326.24,115.33,48,Wholesale
ORD-102081,31-05-2024,North,Electronics,Phone,Electronics Phone,1356,Regular,5,98.96,0.0452,472.45,154.43,69,Retail
ORD-102082,19-02-2024,Central,Electronics,Tablet,Electronics Tablet,5648,VIP,3,49.84,0.0894,136.15,26.38,52,Retail
ORD-102083,17-04-2024,North,Furniture,Chair,Furniture Chair,1842,Regular,4,209.38,0.0429,801.58,328.8,31,Retail
ORD-102084,22-05-2024,West,Electronics,Laptop,Electronics Laptop,2446,VIP,4,84.29,0.0914,306.35,110.42,55,Wholesale
ORD-102085,19-09-2023,East,Office Supplies,Binders,Office Supplies Binders,5323,Regular,1,43.27,0.0389,41.59,15.75,33,Online
ORD-102086,01-07-2024,East,Furniture,Chair,Furniture Chair,3610,VIP,5,64.87,0.0429,310.43,120.06,63,Online
ORD-102087,08-11-2022,East,Furniture,Storage,Furniture Storage,2619,New,4,97.86,0.1028,351.19,93.61,40,Wholesale
ORD-102088,15-06-2024,West,Electronics,Accessories,Electronics Accessories,4457,Regular,6,172.3,0.0718,959.54,253.21,38,Wholesale
ORD-102089,11-01-2024,South,Apparel,Shirts,Apparel Shirts,2983,New,2,191.59,0.0419,367.14,116.86,39,Wholesale
ORD-102090,23-02-2023,Central,Furniture,Lighting,Furniture Lighting,3891,New,6,84.55,0.0729,470.3,111.25,51,Retail
ORD-102091,29-06-2022,West,Office Supplies,Paper,Office Supplies Paper,6083,Regular,7,136.82,0.0373,922.04,256.34,22,Retail
ORD-102092,30-12-2022,Central,Office Supplies,Paper,Office Supplies Paper,5975,Regular,3,80.1,0.0555,226.96,92.99,35,Online
ORD-102093,16-02-2022,East,Apparel,Accessories,Apparel Accessories,2560,New,6,79.45,0.0557,450.14,183.91,36,Retail
ORD-102094,07-02-2022,West,Apparel,Jackets,Apparel Jackets,5340,VIP,3,199.32,0.0651,559.03,197.97,25,Online
ORD-102095,24-07-2024,West,Apparel,Shirts,Apparel Shirts,3175,At Risk,2,188.25,0.0735,348.82,72.18,71,Wholesale
ORD-102096,10-11-2024,South,Furniture,Desk,Furniture Desk,3208,At Risk,5,182,0.0359,877.34,171.23,42,Retail
ORD-102097,17-06-2023,South,Office Supplies,Stationery,Office Supplies Stationery,1082,At Risk,7,190.06,0.1012,1195.76,462.87,27,Wholesale
ORD-102098,10-10-2022,North,Apparel,Shirts,Apparel Shirts,3495,Regular,6,147.93,0.0794,817.12,177.91,53,Online
ORD-102099,03-03-2023,East,Electronics,Accessories,Electronics Accessories,5758,VIP,7,89.16,0.1064,557.7,163.39,36,Wholesale
ORD-102100,25-02-2025,East,Furniture,Storage,Furniture Storage,1633,New,4,51.44,0.0536,194.73,58.65,70,Online
ORD-102101,07-09-2022,South,Office Supplies,Paper,Office Supplies Paper,6126,Regular,1,115.42,0.035,111.38,33.52,71,Online
ORD-102102,04-12-2023,North,Electronics,Laptop,Electronics Laptop,3343,Regular,6,219.36,0.0187,1291.53,516.91,41,Wholesale
ORD-102103,01-12-2022,West,Office Supplies,Ink,Office Supplies Ink,5955,Regular,6,31.5,0.039,181.63,65.07,36,Wholesale
ORD-102104,06-12-2024,South,Electronics,Phone,Electronics Phone,6764,New,3,34.15,0.1183,90.33,16.5,39,Wholesale
ORD-102105,30-01-2024,South,Electronics,Accessories,Electronics Accessories,4067,Regular,4,95.03,0.1026,341.1,121.48,51,Wholesale
ORD-102106,29-06-2023,East,Apparel,Accessories,Apparel Accessories,1258,At Risk,1,41.57,0.0899,37.83,11.7,24,Wholesale
ORD-102107,15-01-2023,West,Furniture,Desk,Furniture Desk,4890,VIP,4,185.97,0.058,700.71,240.49,47,Online
ORD-102108,02-10-2024,West,Furniture,Lighting,Furniture Lighting,1866,Regular,5,170.89,0.0497,812.01,267.03,52,Retail
ORD-102109,23-02-2023,West,Furniture,Storage,Furniture Storage,1103,At Risk,4,207.93,0.0843,761.57,249.79,38,Wholesale
ORD-102110,11-09-2023,North,Apparel,Footwear,Apparel Footwear,3354,VIP,1,175.21,0.0935,158.83,56.37,29,Online
ORD-102111,21-03-2024,West,Electronics,Accessories,Electronics Accessories,6712,Regular,5,69.5,0.1445,297.27,58.64,47,Wholesale
ORD-102112,15-04-2024,South,Office Supplies,Binders,Office Supplies Binders,1537,New,1,90.74,0.0404,87.07,36.18,22,Online
ORD-102113,08-03-2023,South,Electronics,Accessories,Electronics Accessories,3530,Regular,7,144.74,0.1159,895.77,331.25,39,Online
ORD-102114,01-07-2023,North,Furniture,Lighting,Furniture Lighting,1981,VIP,2,200.48,0.0196,393.11,106.3,62,Wholesale
ORD-102115,10-11-2024,Central,Furniture,Desk,Furniture Desk,4516,VIP,4,70,0.0615,262.77,60.17,54,Online
ORD-102116,15-12-2022,North,Electronics,Phone,Electronics Phone,1571,VIP,2,196.42,0.0173,386.06,88.55,24,Wholesale
ORD-102117,15-05-2022,Central,Office Supplies,Paper,Office Supplies Paper,2813,At Risk,5,51.25,0.019,251.39,64.51,22,Retail
ORD-102118,15-03-2023,West,Office Supplies,Stationery,Office Supplies Stationery,1034,Regular,1,96.98,0.1234,85.01,25.26,22,Wholesale
ORD-102119,02-05-2024,North,Apparel,Shirts,Apparel Shirts,1438,Regular,4,43.87,0.0574,165.41,53.5,34,Retail
ORD-102120,29-09-2022,South,Office Supplies,Binders,Office Supplies Binders,6879,Regular,5,108.92,0.0334,526.41,208.13,52,Retail
ORD-102121,25-11-2024,South,Apparel,Accessories,Apparel Accessories,1147,VIP,1,20.04,0.0318,19.4,7.16,33,Wholesale
ORD-102122,10-04-2024,East,Apparel,Jackets,Apparel Jackets,5085,New,5,140.9,0.1243,616.96,173.57,21,Retail
ORD-102123,16-03-2024,South,Apparel,Footwear,Apparel Footwear,1363,Regular,1,83.54,0.0675,77.9,30.29,40,Online
ORD-102124,24-07-2023,South,Electronics,Tablet,Electronics Tablet,2062,New,4,217.06,0.0913,788.98,300.3,32,Retail
ORD-102125,27-12-2022,East,Electronics,Laptop,Electronics Laptop,1082,Regular,1,70.48,0.1163,62.28,14.16,25,Retail
ORD-102126,29-04-2023,Central,Electronics,Laptop,Electronics Laptop,4939,Regular,1,26.12,0.032,25.28,7.27,30,Wholesale
ORD-102127,06-02-2025,South,Furniture,Chair,Furniture Chair,4368,VIP,3,78.38,0.0701,218.65,79.45,42,Wholesale
ORD-102128,27-11-2024,Central,Electronics,Laptop,Electronics Laptop,6174,VIP,4,168.1,0.0478,640.27,146.79,25,Online
ORD-102129,06-09-2023,East,Furniture,Desk,Furniture Desk,6325,Regular,4,22.6,0.0909,82.18,28.95,54,Wholesale
ORD-102130,16-11-2022,West,Electronics,Laptop,Electronics Laptop,2632,VIP,6,160.75,0.0895,878.15,361.29,70,Online
ORD-102131,27-04-2023,North,Furniture,Storage,Furniture Storage,6866,New,5,54.92,0.0476,261.52,86.11,45,Retail
ORD-102132,07-05-2024,South,Electronics,Laptop,Electronics Laptop,3842,Regular,6,137,0.077,758.7,142.84,54,Retail
ORD-102133,25-04-2024,North,Office Supplies,Paper,Office Supplies Paper,2802,Regular,5,64.21,0.0179,315.3,107.7,53,Wholesale
ORD-102134,19-08-2022,West,Electronics,Tablet,Electronics Tablet,6597,New,5,23.12,0.0348,111.58,45.82,24,Online
ORD-102135,09-12-2023,East,Apparel,Footwear,Apparel Footwear,5403,Regular,4,130.61,0.0349,504.18,180.07,33,Retail
ORD-102136,18-01-2023,East,Furniture,Lighting,Furniture Lighting,4450,New,2,79.98,0.1747,132.02,50.66,62,Wholesale
ORD-102137,25-02-2023,South,Apparel,Jackets,Apparel Jackets,6593,Regular,2,76.54,0.084,140.22,41.77,34,Retail
ORD-102138,28-12-2022,North,Apparel,Shirts,Apparel Shirts,6748,Regular,5,60.27,0.1576,253.85,65.81,35,Online
ORD-102139,11-07-2023,North,Apparel,Shirts,Apparel Shirts,5153,Regular,6,209.44,0.0484,1195.79,457.99,38,Retail
ORD-102140,24-09-2023,Central,Electronics,Laptop,Electronics Laptop,2993,VIP,5,36.5,0.094,165.34,66.05,50,Retail
ORD-102141,02-11-2024,Central,Office Supplies,Stationery,Office Supplies Stationery,1368,Regular,3,73.16,0.058,206.75,50.54,61,Online
ORD-102142,26-04-2023,West,Apparel,Shirts,Apparel Shirts,3455,New,1,204.13,0.0659,190.69,37.75,49,Online
ORD-102143,08-02-2024,North,Electronics,Phone,Electronics Phone,3266,New,2,161.12,0.0499,306.15,103.6,48,Retail
ORD-102144,23-06-2022,South,Apparel,Jackets,Apparel Jackets,5896,New,3,20.82,0.1016,56.11,17.47,41,Retail
ORD-102145,20-12-2022,South,Electronics,Phone,Electronics Phone,1139,VIP,1,139.06,0.0426,133.14,36.17,35,Online
ORD-102146,06-06-2022,West,Apparel,Shirts,Apparel Shirts,1083,VIP,2,92.88,0.0932,168.45,52.2,61,Wholesale
ORD-102147,01-07-2023,South,Office Supplies,Binders,Office Supplies Binders,1270,Regular,1,202.6,0.0627,189.9,36.31,25,Online
ORD-102148,18-10-2022,South,Furniture,Lighting,Furniture Lighting,4276,New,6,112.82,0.0914,615.04,223.17,35,Retail
ORD-102149,03-12-2024,West,Office Supplies,Stationery,Office Supplies Stationery,4596,New,4,76.43,0.0634,286.32,85.41,47,Online
ORD-102150,15-01-2022,South,Furniture,Desk,Furniture Desk,3822,Regular,6,113.2,0.0267,661.05,254.91,53,Retail
ORD-102151,06-05-2024,West,Apparel,Accessories,Apparel Accessories,1456,VIP,5,75.05,0.0859,343.01,78.77,51,Retail
ORD-102152,02-10-2024,South,Apparel,Jackets,Apparel Jackets,4722,VIP,6,218.64,0.0057,1304.35,486.77,70,Retail
ORD-102153,06-03-2023,North,Office Supplies,Stationery,Office Supplies Stationery,1918,VIP,5,124.02,0.1041,555.57,167.94,28,Wholesale
ORD-102154,19-12-2022,South,Apparel,Accessories,Apparel Accessories,1388,New,5,59.6,0.0192,292.27,105.83,33,Wholesale
ORD-102155,11-11-2024,Central,Furniture,Storage,Furniture Storage,6806,At Risk,3,168.38,0.0961,456.59,130.22,67,Online
ORD-102156,13-05-2022,East,Furniture,Lighting,Furniture Lighting,4030,VIP,3,103.9,0.0115,308.11,117.69,41,Retail
ORD-102157,27-09-2023,South,Apparel,Shirts,Apparel Shirts,5047,Regular,7,99.94,0.0154,688.84,182.53,34,Retail
ORD-102158,28-01-2022,West,Apparel,Footwear,Apparel Footwear,4367,New,1,41.22,0.1105,36.66,6.9,38,Online
ORD-102159,03-03-2025,East,Furniture,Chair,Furniture Chair,2873,Regular,6,102.27,0.0319,594.04,177.54,47,Retail
ORD-102160,13-12-2023,North,Apparel,Accessories,Apparel Accessories,3903,VIP,4,133.34,0.0671,497.56,161.77,28,Retail
ORD-102161,17-05-2022,North,Apparel,Accessories,Apparel Accessories,1822,At Risk,7,48.91,0.0513,324.82,131.3,46,Wholesale
ORD-102162,03-09-2024,Central,Furniture,Lighting,Furniture Lighting,4693,New,2,170.32,0.0568,321.28,129.41,38,Online
ORD-102163,28-07-2024,East,Furniture,Storage,Furniture Storage,3657,Regular,4,174.58,0.0601,656.32,165.87,52,Online
ORD-102164,06-12-2022,East,Apparel,Accessories,Apparel Accessories,6840,VIP,3,86.39,0.011,256.32,95.87,70,Online
ORD-102165,11-11-2022,Central,Furniture,Chair,Furniture Chair,2472,At Risk,5,121.92,0.0172,599.11,194.1,53,Retail
ORD-102166,31-08-2023,North,Furniture,Chair,Furniture Chair,5527,Regular,5,120.7,0.0554,570.04,219.65,66,Online
ORD-102167,06-03-2023,East,Furniture,Desk,Furniture Desk,2123,VIP,3,215.74,0.0385,622.27,149.45,37,Online
ORD-102168,05-07-2023,South,Apparel,Shirts,Apparel Shirts,6893,New,1,68.53,0.1055,61.3,11.28,26,Wholesale
ORD-102169,20-09-2022,East,Furniture,Chair,Furniture Chair,5487,VIP,5,131.8,0.0484,627.09,176.47,70,Online
ORD-102170,27-03-2022,Central,Apparel,Footwear,Apparel Footwear,5130,Regular,5,64.65,0.0147,318.48,99.09,23,Online
ORD-102171,24-01-2024,West,Furniture,Desk,Furniture Desk,5607,Regular,1,57.98,0.0564,54.71,16.68,30,Online
ORD-102172,02-12-2024,Central,Apparel,Accessories,Apparel Accessories,5516,Regular,6,202.71,0.0501,1155.3,419.09,36,Retail
ORD-102173,04-03-2023,South,Electronics,Tablet,Electronics Tablet,1320,VIP,5,88.43,0.0297,429,158.21,55,Online
ORD-102174,01-04-2023,Central,Office Supplies,Stationery,Office Supplies Stationery,2097,VIP,1,36.88,0.054,34.89,8.01,24,Online
ORD-102175,04-09-2022,West,Electronics,Laptop,Electronics Laptop,1119,At Risk,6,196.02,0.032,1138.5,423.25,63,Online
ORD-102176,21-06-2024,Central,Apparel,Footwear,Apparel Footwear,5991,At Risk,5,68.19,0.0506,323.7,76.73,32,Retail
ORD-102177,08-03-2022,East,Furniture,Chair,Furniture Chair,6063,At Risk,3,80.74,0.0429,231.82,85.07,65,Online
ORD-102178,15-03-2022,North,Furniture,Lighting,Furniture Lighting,4584,Regular,1,51.16,0.06,48.09,13.17,32,Retail
ORD-102179,10-05-2022,West,Office Supplies,Ink,Office Supplies Ink,1898,New,3,54.8,0.078,151.58,48.28,62,Online
ORD-102180,22-03-2022,Central,Apparel,Jackets,Apparel Jackets,6685,New,1,150.04,0.0368,144.52,37.92,29,Wholesale
ORD-102181,15-03-2024,East,Furniture,Storage,Furniture Storage,6225,At Risk,3,21.78,0.0435,62.49,12.23,47,Online
ORD-102182,23-07-2023,North,Apparel,Accessories,Apparel Accessories,2320,VIP,4,67.41,0.0265,262.49,81.94,41,Online
ORD-102183,30-10-2023,West,Furniture,Desk,Furniture Desk,4828,New,7,30.19,0.0559,199.52,62.8,28,Online
ORD-102184,15-04-2022,West,Furniture,Lighting,Furniture Lighting,1148,VIP,4,102.69,0.0882,374.53,120.21,27,Wholesale
ORD-102185,02-11-2022,South,Office Supplies,Paper,Office Supplies Paper,1330,VIP,4,74.46,0.1258,260.38,97.57,56,Retail
ORD-102186,06-10-2023,North,Electronics,Phone,Electronics Phone,4017,VIP,7,108.39,0.1045,679.42,156.16,71,Online
ORD-102187,07-10-2024,South,Office Supplies,Ink,Office Supplies Ink,3813,Regular,3,215.04,0.125,564.51,176.84,63,Wholesale
ORD-102188,28-06-2022,North,Electronics,Phone,Electronics Phone,4023,Regular,2,162.64,0.1847,265.19,61.03,31,Online
ORD-102189,12-08-2022,East,Apparel,Jackets,Apparel Jackets,3470,New,4,83.51,0.0446,319.13,64.21,46,Online
ORD-102190,26-11-2023,Central,Furniture,Lighting,Furniture Lighting,4858,Regular,1,183.78,0.0621,172.36,45.28,49,Online
ORD-102191,07-12-2022,North,Electronics,Tablet,Electronics Tablet,6401,New,4,198.76,0.0153,782.91,263.27,41,Wholesale
ORD-102192,19-03-2022,West,Apparel,Accessories,Apparel Accessories,2511,VIP,2,70.98,0.0515,134.64,47.38,59,Online
ORD-102193,02-07-2023,North,Apparel,Accessories,Apparel Accessories,1482,Regular,5,210.9,0.0599,991.29,207.45,52,Retail
ORD-102194,01-09-2023,West,Apparel,Footwear,Apparel Footwear,1286,At Risk,7,203.84,0.0359,1375.67,300.29,65,Retail
ORD-102195,08-05-2023,West,Apparel,Shirts,Apparel Shirts,4360,Regular,6,214.63,0.0968,1163.07,242.27,66,Retail
ORD-102196,02-08-2024,North,Apparel,Jackets,Apparel Jackets,3713,New,4,43.07,0.0403,165.34,33.82,39,Online
ORD-102197,31-05-2022,South,Furniture,Storage,Furniture Storage,2167,VIP,6,45.91,0.0842,252.27,50.27,70,Retail
ORD-102198,13-03-2024,West,Furniture,Chair,Furniture Chair,3139,New,4,151.93,0.0408,582.95,110.46,67,Wholesale
ORD-102199,03-10-2023,South,Furniture,Desk,Furniture Desk,1046,New,5,170.14,0.1095,757.52,265.82,54,Online
ORD-102200,28-12-2022,South,Electronics,Tablet,Electronics Tablet,6025,New,3,195.39,0.0539,554.55,205.23,51,Retail
ORD-102201,15-12-2022,North,Apparel,Accessories,Apparel Accessories,5848,Regular,6,198.77,0.0563,1125.53,378.01,53,Online
ORD-102202,09-01-2025,East,Furniture,Storage,Furniture Storage,3979,VIP,5,49.37,0.0392,237.18,70.67,37,Online
ORD-102203,31-03-2022,North,Office Supplies,Ink,Office Supplies Ink,2381,Regular,7,52.93,0.0191,363.43,145.43,67,Wholesale
ORD-102204,19-01-2025,West,Apparel,Jackets,Apparel Jackets,2755,VIP,3,54.87,0.115,145.69,55.24,64,Wholesale
ORD-102205,25-02-2022,North,Office Supplies,Paper,Office Supplies Paper,1203,Regular,7,38.47,0.0707,250.25,87.08,30,Online
ORD-102206,28-07-2023,East,Apparel,Footwear,Apparel Footwear,4890,Regular,4,127.98,0.0229,500.22,200.73,65,Retail
ORD-102207,09-01-2023,East,Furniture,Chair,Furniture Chair,2901,Regular,1,188.75,0.0255,183.94,37.35,44,Retail
ORD-102208,27-03-2024,Central,Furniture,Desk,Furniture Desk,2428,VIP,1,58.74,0.0424,56.25,21.29,24,Wholesale
ORD-102209,30-12-2024,East,Furniture,Storage,Furniture Storage,1894,VIP,4,187.19,0.0392,719.39,260.91,57,Wholesale
ORD-102210,13-03-2025,East,Furniture,Storage,Furniture Storage,5642,VIP,2,191.78,0.0204,375.72,135.81,50,Retail
ORD-102211,23-09-2023,East,Furniture,Storage,Furniture Storage,6313,Regular,3,133.45,0.0426,383.31,90.06,43,Retail
ORD-102212,08-01-2023,North,Furniture,Chair,Furniture Chair,2609,VIP,6,118.51,0.0791,654.81,140.34,43,Online
ORD-102213,25-12-2024,South,Apparel,Accessories,Apparel Accessories,1440,New,5,206.77,0.1299,899.58,184.06,33,Wholesale
ORD-102214,09-10-2023,Central,Furniture,Storage,Furniture Storage,4604,New,4,188.01,0.0686,700.47,159.86,40,Wholesale
ORD-102215,12-01-2022,West,Office Supplies,Paper,Office Supplies Paper,3673,At Risk,3,66.48,0.1403,171.47,63.51,55,Retail
ORD-102216,29-04-2024,East,Electronics,Phone,Electronics Phone,4085,VIP,3,219.15,0.0492,625.11,187.22,37,Online
ORD-102217,17-12-2024,East,Office Supplies,Binders,Office Supplies Binders,5034,VIP,5,152.35,0.0154,750,152.93,66,Retail
ORD-102218,23-05-2022,South,Furniture,Lighting,Furniture Lighting,5723,New,4,71.12,0.0828,260.92,51.14,55,Online
ORD-102219,26-07-2023,Central,Apparel,Accessories,Apparel Accessories,4844,Regular,7,59.23,0.0993,373.45,121.7,62,Online
ORD-102220,19-11-2023,North,Electronics,Phone,Electronics Phone,4671,Regular,1,25.39,0.0202,24.88,6.86,45,Online
ORD-102221,20-06-2023,North,Furniture,Lighting,Furniture Lighting,3008,At Risk,4,83.02,0.0527,314.59,128.46,29,Online
ORD-102222,23-10-2023,East,Office Supplies,Paper,Office Supplies Paper,6964,At Risk,6,178.74,0.0472,1021.87,399.5,44,Wholesale
ORD-102223,23-08-2022,South,Furniture,Lighting,Furniture Lighting,5175,Regular,3,116.21,0.0318,337.55,98.21,41,Retail
ORD-102224,16-06-2024,North,Electronics,Accessories,Electronics Accessories,5187,VIP,6,210.21,0.0753,1166.26,255.3,70,Wholesale
ORD-102225,22-08-2024,South,Office Supplies,Ink,Office Supplies Ink,5409,Regular,7,108.73,0.0461,726.05,255.51,33,Wholesale
ORD-102226,19-04-2022,Central,Electronics,Accessories,Electronics Accessories,4882,New,4,50,0.0225,195.49,47.42,41,Retail
ORD-102227,23-09-2024,Central,Electronics,Laptop,Electronics Laptop,1242,At Risk,7,74.01,0.1522,439.23,177.52,23,Retail
ORD-102228,22-03-2024,West,Apparel,Jackets,Apparel Jackets,5914,Regular,6,114.61,0.0313,666.13,158.78,21,Retail
ORD-102229,15-10-2022,East,Furniture,Lighting,Furniture Lighting,6165,New,5,138.17,0.048,657.69,207.93,51,Online
ORD-102230,11-05-2024,South,Office Supplies,Paper,Office Supplies Paper,4081,New,2,78.35,0.1003,140.98,32.52,24,Wholesale
ORD-102231,13-12-2023,Central,Electronics,Phone,Electronics Phone,1237,Regular,7,69.94,0.1467,417.76,86.15,45,Wholesale
ORD-102232,31-12-2022,North,Electronics,Accessories,Electronics Accessories,1364,VIP,1,209.53,0.0395,201.25,54.46,32,Wholesale
ORD-102233,13-03-2022,North,Office Supplies,Binders,Office Supplies Binders,1861,At Risk,1,30.94,0.04,29.7,12.08,38,Retail
ORD-102234,05-12-2023,North,Furniture,Desk,Furniture Desk,3965,New,5,86.92,0.1127,385.63,142.26,66,Wholesale
ORD-102235,16-09-2024,East,Apparel,Jackets,Apparel Jackets,4760,At Risk,3,65.87,0.209,156.3,41.74,40,Wholesale
ORD-102236,04-01-2022,Central,Furniture,Chair,Furniture Chair,4536,At Risk,1,62.15,0.0481,59.16,24,52,Online
ORD-102237,13-01-2022,North,Apparel,Footwear,Apparel Footwear,3215,Regular,4,86.92,0.128,303.17,64,70,Wholesale
ORD-102238,17-08-2022,East,Furniture,Desk,Furniture Desk,1930,New,3,206.11,0.0255,602.53,122.07,38,Wholesale
ORD-102239,25-09-2024,West,Electronics,Tablet,Electronics Tablet,2480,Regular,6,114.72,0.034,664.9,194.06,25,Wholesale
ORD-102240,10-01-2025,North,Electronics,Phone,Electronics Phone,6019,New,2,118.93,0.0471,226.66,80.09,39,Retail
ORD-102241,06-10-2022,North,Office Supplies,Stationery,Office Supplies Stationery,2565,Regular,5,185.8,0.1209,816.65,177.5,50,Online
ORD-102242,29-09-2022,Central,Furniture,Desk,Furniture Desk,5437,VIP,6,111.43,0.0147,658.78,262.22,46,Online
ORD-102243,10-02-2025,East,Furniture,Chair,Furniture Chair,5993,VIP,3,195.9,0.0431,562.34,107.07,40,Online
ORD-102244,13-04-2024,North,Office Supplies,Paper,Office Supplies Paper,2901,At Risk,7,144.35,0.064,945.76,234.66,36,Online
ORD-102245,04-09-2024,West,Electronics,Phone,Electronics Phone,5944,New,6,73.05,0.0551,414.16,111.04,39,Retail
ORD-102246,12-01-2023,North,Office Supplies,Paper,Office Supplies Paper,4946,Regular,7,37.91,0.024,259.01,83.44,70,Online
ORD-102247,30-06-2024,North,Apparel,Jackets,Apparel Jackets,4439,New,4,22.05,0.1199,77.62,29.81,52,Wholesale
ORD-102248,27-04-2024,West,Office Supplies,Stationery,Office Supplies Stationery,5408,VIP,1,118.9,0.0303,115.3,30.68,69,Online
ORD-102249,18-07-2023,West,Electronics,Accessories,Electronics Accessories,1633,At Risk,6,74.75,0.0263,436.71,141.91,33,Online
ORD-102250,17-01-2024,South,Furniture,Lighting,Furniture Lighting,2129,New,6,97.3,0.0691,543.48,101.88,39,Wholesale
ORD-102251,22-11-2022,South,Apparel,Accessories,Apparel Accessories,2848,Regular,1,201.33,0.0735,186.52,39.75,33,Retail
ORD-102252,10-02-2023,North,Apparel,Jackets,Apparel Jackets,4761,Regular,6,122.08,0.1287,638.18,135.79,34,Online
ORD-102253,28-05-2024,West,Apparel,Jackets,Apparel Jackets,1106,Regular,7,53.28,0.0804,342.98,114.41,25,Wholesale
ORD-102254,26-09-2024,East,Apparel,Jackets,Apparel Jackets,4284,Regular,3,120.66,0.0613,339.8,79.13,35,Online
ORD-102255,04-08-2022,East,Apparel,Footwear,Apparel Footwear,4753,New,1,160.87,0.1317,139.68,41.12,55,Wholesale
ORD-102256,23-04-2024,West,Furniture,Lighting,Furniture Lighting,6059,Regular,4,175.18,0.0333,677.4,232.33,34,Retail
ORD-102257,06-04-2024,North,Electronics,Phone,Electronics Phone,6160,Regular,5,61.73,0.0679,287.68,76.82,46,Online
ORD-102258,10-05-2022,Central,Apparel,Accessories,Apparel Accessories,6259,Regular,2,150.52,0.0794,277.15,50.3,62,Wholesale
ORD-102259,01-09-2024,North,Furniture,Desk,Furniture Desk,1881,New,5,191.36,0.0274,930.58,285.76,38,Retail
ORD-102260,08-02-2025,West,Electronics,Accessories,Electronics Accessories,2591,New,3,84.86,0.0463,242.79,65.14,54,Online
ORD-102261,04-09-2023,South,Apparel,Jackets,Apparel Jackets,1098,Regular,6,139.57,0.051,794.74,328.39,61,Online
ORD-102262,07-09-2023,East,Furniture,Lighting,Furniture Lighting,3654,New,5,59.15,0.069,275.34,70.06,54,Wholesale
ORD-102263,19-08-2023,East,Office Supplies,Paper,Office Supplies Paper,2310,New,4,92.1,0.0778,339.75,98.11,65,Wholesale
ORD-102264,11-10-2023,South,Furniture,Lighting,Furniture Lighting,2417,VIP,2,75.92,0.1218,133.34,28.79,52,Wholesale
ORD-102265,21-12-2024,Central,Apparel,Footwear,Apparel Footwear,1823,VIP,5,39.55,0.1024,177.49,56.56,53,Wholesale
ORD-102266,23-06-2024,North,Office Supplies,Paper,Office Supplies Paper,5740,VIP,7,182.21,0.0893,1161.52,378.48,62,Retail
ORD-102267,03-07-2023,South,Electronics,Tablet,Electronics Tablet,2745,At Risk,7,74.4,0.0551,492.13,104.54,24,Online
ORD-102268,19-02-2022,West,Electronics,Laptop,Electronics Laptop,6435,VIP,4,172.78,0.0271,672.39,245.07,22,Retail
ORD-102269,14-11-2022,Central,Furniture,Storage,Furniture Storage,3475,New,4,118.82,0.0166,467.39,86.7,59,Online
ORD-102270,17-08-2023,South,Furniture,Chair,Furniture Chair,1204,New,2,78.77,0.0161,155,62.26,21,Online
ORD-102271,27-01-2022,Central,Electronics,Tablet,Electronics Tablet,5883,New,2,182.8,0.0365,352.27,75.23,46,Online
ORD-102272,07-05-2024,East,Apparel,Footwear,Apparel Footwear,5364,Regular,1,48.7,0.0544,46.05,9.64,35,Wholesale
ORD-102273,18-01-2023,South,Furniture,Lighting,Furniture Lighting,1075,New,1,140.73,0.0059,139.9,39.8,53,Online
ORD-102274,28-10-2024,North,Electronics,Tablet,Electronics Tablet,3133,At Risk,5,159.63,0.1746,658.77,206.6,65,Retail
ORD-102275,27-07-2024,North,Electronics,Phone,Electronics Phone,1574,VIP,2,132.56,0.0228,259.07,68.22,22,Online
ORD-102276,23-07-2024,Central,Apparel,Accessories,Apparel Accessories,1380,At Risk,1,212.94,0.0208,208.52,53.22,24,Online
ORD-102277,20-02-2022,East,Electronics,Tablet,Electronics Tablet,3019,VIP,1,30.81,0.0188,30.23,11.08,42,Wholesale
ORD-102278,17-05-2024,East,Office Supplies,Stationery,Office Supplies Stationery,6866,Regular,5,79.96,0.0671,372.98,141.38,65,Wholesale
ORD-102279,12-06-2024,West,Apparel,Jackets,Apparel Jackets,6632,Regular,3,61.91,0.0622,174.18,65.44,22,Online
ORD-102280,22-12-2023,East,Apparel,Footwear,Apparel Footwear,3087,At Risk,1,143.4,0.0531,135.78,28.07,63,Retail
ORD-102281,16-11-2023,East,Office Supplies,Ink,Office Supplies Ink,1233,VIP,7,47.27,0.0462,315.6,129.78,23,Wholesale
ORD-102282,19-01-2023,East,Office Supplies,Paper,Office Supplies Paper,4789,New,2,106.26,0.0443,203.11,74.95,54,Wholesale
ORD-102283,15-03-2022,West,Office Supplies,Ink,Office Supplies Ink,4919,VIP,5,75.41,0.0656,352.33,107.53,24,Wholesale
ORD-102284,26-10-2024,South,Furniture,Storage,Furniture Storage,1530,VIP,1,202.53,0.0547,191.45,35.86,60,Online
ORD-102285,11-03-2022,West,Furniture,Chair,Furniture Chair,6702,New,4,118.77,0.0664,443.52,116.97,42,Retail
ORD-102286,15-01-2023,West,Apparel,Footwear,Apparel Footwear,4808,Regular,7,37.81,0.0734,245.25,71.26,50,Retail
ORD-102287,07-07-2024,South,Apparel,Jackets,Apparel Jackets,6817,Regular,2,178.17,0.0225,348.33,103.28,39,Retail
ORD-102288,22-07-2023,North,Apparel,Jackets,Apparel Jackets,6824,New,2,122.78,0.0514,232.94,76.83,67,Wholesale
ORD-102289,31-10-2024,North,Office Supplies,Paper,Office Supplies Paper,5046,VIP,4,46.94,0.1063,167.79,55.19,63,Retail
ORD-102290,19-04-2023,North,Office Supplies,Stationery,Office Supplies Stationery,3240,At Risk,3,166.19,0.0061,495.51,179.63,43,Wholesale
ORD-102291,01-01-2025,East,Furniture,Desk,Furniture Desk,5574,At Risk,2,187.04,0.0162,368.02,124.92,28,Online
ORD-102292,30-08-2023,Central,Office Supplies,Ink,Office Supplies Ink,1883,Regular,6,71.11,0.0507,405.03,108.52,37,Online
ORD-102293,25-04-2024,West,Furniture,Desk,Furniture Desk,6753,VIP,1,43.62,0.1265,38.1,8.74,43,Retail
ORD-102294,16-10-2023,South,Furniture,Storage,Furniture Storage,6033,Regular,6,98.58,0.0415,566.95,163.59,38,Online
ORD-102295,26-03-2024,East,Electronics,Phone,Electronics Phone,1887,VIP,7,132.78,0.0071,922.86,372.56,30,Online
ORD-102296,17-03-2025,South,Furniture,Desk,Furniture Desk,2271,VIP,2,178.27,0.073,330.51,134.3,51,Online
ORD-102297,24-06-2022,North,Furniture,Lighting,Furniture Lighting,4132,New,3,99.34,0.0767,275.17,61.32,38,Wholesale
ORD-102298,01-01-2023,East,Electronics,Laptop,Electronics Laptop,5462,Regular,3,155.58,0.1444,399.35,81.23,36,Wholesale
ORD-102299,17-08-2024,North,Office Supplies,Binders,Office Supplies Binders,6065,At Risk,5,101.52,0.0393,487.66,194.96,39,Wholesale
ORD-102300,22-10-2024,East,Furniture,Lighting,Furniture Lighting,5107,Regular,6,86.63,0.1216,456.58,111.1,31,Online
ORD-102301,23-06-2024,East,Electronics,Laptop,Electronics Laptop,4336,Regular,3,29.04,0.0441,83.28,19.14,21,Online
ORD-102302,01-03-2022,East,Electronics,Tablet,Electronics Tablet,2582,VIP,2,96.89,0.06,182.15,43.46,56,Wholesale
ORD-102303,13-08-2022,Central,Furniture,Storage,Furniture Storage,5105,New,5,102.33,0.0576,482.16,113.85,70,Retail
ORD-102304,29-03-2023,South,Electronics,Accessories,Electronics Accessories,5365,Regular,2,161.13,0.0701,299.67,75.93,33,Retail
ORD-102305,15-09-2023,North,Furniture,Chair,Furniture Chair,2788,New,4,72.87,0.1066,260.42,100.12,44,Retail
ORD-102306,20-06-2024,North,Electronics,Phone,Electronics Phone,6671,VIP,2,195.56,0.0103,387.08,120.71,51,Wholesale
ORD-102307,17-11-2024,East,Electronics,Accessories,Electronics Accessories,1907,Regular,4,191.17,0.1205,672.57,227.85,49,Wholesale
ORD-102308,05-10-2024,West,Office Supplies,Stationery,Office Supplies Stationery,1192,VIP,5,174.19,0.0589,819.61,341.59,49,Wholesale
ORD-102309,05-08-2024,South,Furniture,Lighting,Furniture Lighting,6195,Regular,1,149.95,0.122,131.65,23.8,41,Wholesale
ORD-102310,05-10-2022,South,Electronics,Tablet,Electronics Tablet,1185,Regular,2,103.27,0.0514,195.93,75.84,51,Retail
ORD-102311,18-05-2024,East,Apparel,Shirts,Apparel Shirts,4101,At Risk,1,117.22,0.0887,106.82,22.59,22,Retail
ORD-102312,17-12-2023,North,Furniture,Storage,Furniture Storage,3168,VIP,7,120.81,0.0568,797.63,193.26,71,Wholesale
ORD-102313,14-01-2022,East,Apparel,Footwear,Apparel Footwear,2846,Regular,6,173.3,0.0878,948.54,396.17,39,Retail
ORD-102314,01-05-2024,South,Office Supplies,Paper,Office Supplies Paper,4108,VIP,3,41.53,0.097,112.51,33.55,28,Wholesale
ORD-102315,04-12-2023,South,Office Supplies,Ink,Office Supplies Ink,2754,Regular,6,26.56,0.0104,157.71,64,53,Wholesale
ORD-102316,21-03-2025,South,Furniture,Storage,Furniture Storage,3094,Regular,5,97.58,0.0254,475.51,172.76,52,Wholesale
ORD-102317,20-04-2022,West,Office Supplies,Binders,Office Supplies Binders,2493,VIP,3,46.48,0.1231,122.27,46.78,43,Wholesale
ORD-102318,20-04-2023,East,Electronics,Accessories,Electronics Accessories,4873,VIP,7,66.68,0.0213,456.82,112.42,43,Wholesale
ORD-102319,14-02-2024,Central,Office Supplies,Ink,Office Supplies Ink,1450,VIP,2,71.99,0.0284,139.89,51.83,30,Online
ORD-102320,23-10-2022,East,Electronics,Tablet,Electronics Tablet,4264,At Risk,2,116.27,0.1556,196.35,41.08,58,Retail
ORD-102321,31-07-2024,West,Furniture,Chair,Furniture Chair,6549,VIP,1,59.21,0.0273,57.59,16.2,63,Wholesale
ORD-102322,13-03-2022,South,Apparel,Accessories,Apparel Accessories,1254,At Risk,7,216.33,0.0722,1404.99,522.17,62,Online
ORD-102323,10-01-2023,Central,Apparel,Shirts,Apparel Shirts,2622,At Risk,4,156.99,0.0545,593.73,203.35,58,Wholesale
ORD-102324,12-11-2024,East,Furniture,Desk,Furniture Desk,5675,At Risk,4,21.52,0.0524,81.57,32.33,60,Online
ORD-102325,25-02-2024,West,Apparel,Shirts,Apparel Shirts,5667,VIP,7,116.99,0.0349,790.33,328.89,35,Online
ORD-102326,15-03-2025,Central,Furniture,Lighting,Furniture Lighting,6275,VIP,1,197.55,0.0899,179.8,56.72,63,Retail
ORD-102327,25-02-2022,Central,Electronics,Phone,Electronics Phone,5766,Regular,3,111.41,0.0398,320.93,100.92,40,Wholesale
ORD-102328,23-12-2023,South,Furniture,Desk,Furniture Desk,2276,At Risk,3,47.02,0.0266,137.3,56.89,52,Wholesale
ORD-102329,03-11-2022,South,Furniture,Desk,Furniture Desk,5054,VIP,6,124.76,0.067,698.4,251.01,32,Wholesale
ORD-102330,26-10-2024,West,Furniture,Storage,Furniture Storage,2829,Regular,2,181.2,0.0862,331.15,120,59,Wholesale
ORD-102331,20-01-2022,West,Office Supplies,Paper,Office Supplies Paper,1186,Regular,7,76.28,0.1031,478.92,135.59,42,Retail
ORD-102332,26-10-2023,East,Apparel,Shirts,Apparel Shirts,3474,At Risk,7,138.93,0.0227,950.47,267.35,39,Online
ORD-102333,03-05-2022,North,Apparel,Accessories,Apparel Accessories,5728,Regular,3,177.35,0.0622,498.98,118.24,28,Retail
ORD-102334,17-05-2022,South,Office Supplies,Ink,Office Supplies Ink,6532,VIP,4,81.64,0.0624,306.19,78.97,57,Wholesale
ORD-102335,28-07-2023,East,Electronics,Phone,Electronics Phone,1736,Regular,7,167.47,0.028,1139.43,259.8,25,Online
ORD-102336,16-07-2024,North,Apparel,Jackets,Apparel Jackets,4956,Regular,3,150,0.0518,426.71,166.26,71,Online
ORD-102337,20-05-2023,North,Office Supplies,Stationery,Office Supplies Stationery,6704,VIP,7,102.31,0.0794,659.33,223.36,45,Online
ORD-102338,11-06-2023,South,Electronics,Laptop,Electronics Laptop,6482,Regular,7,75.23,0.0491,500.77,165.98,56,Retail
ORD-102339,23-05-2022,East,Furniture,Storage,Furniture Storage,2608,VIP,5,83.66,0.0294,405.98,158.67,49,Wholesale
ORD-102340,29-12-2022,West,Furniture,Storage,Furniture Storage,4920,At Risk,7,157.11,0.0284,1068.52,425.87,42,Online
ORD-102341,14-11-2024,North,Office Supplies,Stationery,Office Supplies Stationery,3752,At Risk,2,71.76,0.1353,124.1,38.2,59,Online
ORD-102342,06-02-2025,South,Office Supplies,Stationery,Office Supplies Stationery,6792,Regular,1,201.14,0.074,186.25,42.79,41,Wholesale
ORD-102343,25-12-2024,North,Office Supplies,Binders,Office Supplies Binders,3014,Regular,1,173.2,0.0552,163.64,29.96,26,Wholesale
ORD-102344,01-08-2023,North,Electronics,Phone,Electronics Phone,2451,New,2,215.96,0.0275,420.06,169.91,51,Online
ORD-102345,06-08-2024,East,Office Supplies,Stationery,Office Supplies Stationery,2918,VIP,5,187.85,0.031,910.16,241.17,26,Retail
ORD-102346,07-04-2024,East,Electronics,Accessories,Electronics Accessories,1031,New,5,107.9,0.0426,516.52,123.47,39,Online
ORD-102347,18-12-2022,East,Office Supplies,Paper,Office Supplies Paper,4778,VIP,3,94.72,0.0554,268.42,109.74,59,Online
ORD-102348,25-09-2024,East,Furniture,Chair,Furniture Chair,3809,At Risk,6,128.01,0.0803,706.38,178.44,60,Retail
ORD-102349,07-04-2022,South,Office Supplies,Ink,Office Supplies Ink,1207,Regular,3,174.45,0.1446,447.68,119.3,46,Retail
ORD-102350,08-03-2023,West,Furniture,Desk,Furniture Desk,3071,New,6,182.34,0.1177,965.3,366.77,35,Retail
ORD-102351,21-01-2023,West,Furniture,Chair,Furniture Chair,1421,Regular,5,67.54,0.0479,321.53,80.68,57,Online
ORD-102352,22-12-2022,South,Electronics,Accessories,Electronics Accessories,1397,Regular,4,190.99,0.0572,720.24,275.78,40,Online
ORD-102353,29-03-2022,West,Office Supplies,Binders,Office Supplies Binders,6248,New,7,78.91,0.1379,476.2,106.19,41,Retail
ORD-102354,09-11-2022,North,Electronics,Accessories,Electronics Accessories,6755,VIP,6,170.96,0.0102,1015.26,363.07,30,Retail
ORD-102355,07-03-2023,West,Apparel,Footwear,Apparel Footwear,3444,At Risk,5,165.25,0.0353,797.12,227.14,65,Online
ORD-102356,28-08-2024,East,Apparel,Accessories,Apparel Accessories,3719,VIP,3,71.82,0.0831,197.55,44.44,22,Online
ORD-102357,08-07-2023,South,Electronics,Laptop,Electronics Laptop,3419,New,5,42.23,0.0869,192.8,48.42,62,Wholesale
ORD-102358,16-11-2023,Central,Office Supplies,Ink,Office Supplies Ink,6624,Regular,2,26.97,0.1121,47.9,18.89,35,Wholesale
ORD-102359,02-02-2025,Central,Apparel,Accessories,Apparel Accessories,6118,Regular,1,167.35,0.0769,154.48,58.62,40,Retail
ORD-102360,24-03-2024,South,Office Supplies,Stationery,Office Supplies Stationery,1993,Regular,1,159.49,0.1067,142.47,29.66,49,Retail
ORD-102361,28-06-2023,South,Apparel,Jackets,Apparel Jackets,3956,At Risk,6,55.77,0.0954,302.69,114.21,46,Retail
ORD-102362,08-08-2022,East,Apparel,Jackets,Apparel Jackets,1679,Regular,7,181.1,0.0073,1258.41,461.76,67,Wholesale
ORD-102363,17-07-2024,South,Electronics,Accessories,Electronics Accessories,4586,Regular,2,63.31,0.0759,117.02,40.73,35,Online
ORD-102364,20-08-2022,South,Furniture,Desk,Furniture Desk,1968,VIP,5,215.52,0.1479,918.22,170.57,62,Retail
ORD-102365,17-11-2022,South,Apparel,Shirts,Apparel Shirts,2423,Regular,5,131.6,0.0531,623.06,212.34,35,Wholesale
ORD-102366,30-12-2022,South,Furniture,Desk,Furniture Desk,4023,Regular,6,58.38,0.064,327.86,101.11,29,Wholesale
ORD-102367,07-08-2024,South,Electronics,Tablet,Electronics Tablet,6982,New,7,123.39,0.0764,797.71,214.61,57,Wholesale
ORD-102368,26-08-2023,Central,Apparel,Footwear,Apparel Footwear,1894,VIP,2,125.89,0.0131,248.47,98.82,37,Retail
ORD-102369,27-06-2024,West,Furniture,Storage,Furniture Storage,6118,New,4,25.76,0.0379,99.13,28.61,65,Online
ORD-102370,20-08-2022,North,Apparel,Accessories,Apparel Accessories,2562,Regular,1,45.44,0.0458,43.36,12.02,63,Online
ORD-102371,18-08-2023,South,Electronics,Tablet,Electronics Tablet,1025,New,2,140.94,0.0707,261.94,71.23,26,Wholesale
ORD-102372,28-04-2022,Central,Furniture,Desk,Furniture Desk,1045,Regular,1,112.49,0.1984,90.17,20.24,67,Wholesale
ORD-102373,31-05-2023,East,Furniture,Desk,Furniture Desk,5735,New,2,109.7,0.0297,212.88,87.81,21,Wholesale
ORD-102374,02-02-2025,East,Office Supplies,Stationery,Office Supplies Stationery,3209,VIP,5,174.28,0.0513,826.72,331.07,24,Online
ORD-102375,25-01-2024,Central,Office Supplies,Ink,Office Supplies Ink,3683,At Risk,4,58.03,0.0159,228.43,46.74,55,Wholesale
ORD-102376,19-03-2023,Central,Furniture,Chair,Furniture Chair,2808,VIP,1,163.04,0.133,141.36,39.8,32,Retail
ORD-102377,11-07-2023,Central,Furniture,Lighting,Furniture Lighting,1147,Regular,4,52.73,0.0695,196.26,70.87,46,Online
ORD-102378,20-02-2024,South,Furniture,Chair,Furniture Chair,6864,VIP,4,118.6,0.1212,416.88,147.48,67,Wholesale
ORD-102379,13-02-2025,North,Office Supplies,Ink,Office Supplies Ink,6058,At Risk,3,207.82,0.0796,573.82,208.47,52,Wholesale
ORD-102380,13-08-2024,Central,Furniture,Desk,Furniture Desk,4817,At Risk,4,110.93,0.2079,351.45,121.11,33,Wholesale
ORD-102381,18-12-2022,Central,Furniture,Desk,Furniture Desk,6622,At Risk,3,100.41,0.0429,288.31,55.07,70,Online
ORD-102382,14-09-2023,East,Apparel,Shirts,Apparel Shirts,3882,New,1,135.64,0.0674,126.5,41.8,42,Wholesale
ORD-102383,15-11-2024,South,Furniture,Storage,Furniture Storage,3034,At Risk,4,25.46,0.0624,95.49,32.68,62,Wholesale
ORD-102384,13-03-2023,Central,Electronics,Tablet,Electronics Tablet,6789,New,2,156.49,0.0289,303.93,72.13,31,Online
ORD-102385,03-09-2022,West,Furniture,Chair,Furniture Chair,4197,VIP,5,77.73,0.052,368.46,154.33,62,Retail
ORD-102386,30-06-2024,East,Apparel,Shirts,Apparel Shirts,1058,Regular,4,153.33,0.0981,553.12,203.56,39,Wholesale
ORD-102387,18-07-2023,Central,Apparel,Accessories,Apparel Accessories,6244,Regular,7,76.47,0.0011,534.72,131.76,34,Online
ORD-102388,09-08-2023,West,Electronics,Tablet,Electronics Tablet,5760,New,4,210.01,0.0575,791.77,250.32,58,Wholesale
ORD-102389,04-06-2023,South,Office Supplies,Paper,Office Supplies Paper,4857,New,7,199.5,0.0826,1281.09,465.57,22,Retail
ORD-102390,22-04-2023,South,Furniture,Lighting,Furniture Lighting,2019,At Risk,4,192.6,0.0215,753.87,278.52,64,Online
ORD-102391,03-10-2022,South,Furniture,Lighting,Furniture Lighting,5099,VIP,1,79.41,0.1419,68.14,24.44,37,Online
ORD-102392,10-04-2024,North,Apparel,Footwear,Apparel Footwear,2423,Regular,4,177.1,0.1429,607.19,169.95,39,Online
ORD-102393,15-02-2023,West,Office Supplies,Paper,Office Supplies Paper,3782,VIP,7,145.79,0.105,913.38,273.29,64,Wholesale
ORD-102394,05-05-2024,Central,Apparel,Jackets,Apparel Jackets,2615,At Risk,2,67.84,0.0865,123.95,51.4,23,Online
ORD-102395,07-03-2023,North,Electronics,Laptop,Electronics Laptop,1214,New,6,81.08,0.1061,434.88,155.07,61,Wholesale
ORD-102396,22-08-2023,West,Apparel,Shirts,Apparel Shirts,1231,New,6,57.38,0.1018,309.23,121.82,68,Retail
ORD-102397,12-12-2024,North,Electronics,Phone,Electronics Phone,3866,VIP,7,113.01,0.0721,734.03,307.6,42,Online
ORD-102398,31-07-2024,Central,Electronics,Tablet,Electronics Tablet,5110,New,2,120.67,0.0829,221.33,48.27,64,Retail
ORD-102399,09-02-2024,Central,Electronics,Laptop,Electronics Laptop,5487,At Risk,6,140.65,0.0514,800.54,188.29,54,Online
ORD-102400,07-11-2022,Central,Electronics,Tablet,Electronics Tablet,6330,New,6,57.04,0.0333,330.85,82.91,24,Wholesale
ORD-102401,19-02-2024,East,Apparel,Footwear,Apparel Footwear,5047,Regular,4,176.06,0.0702,654.78,142.03,33,Wholesale
ORD-102402,14-11-2022,North,Office Supplies,Ink,Office Supplies Ink,2886,Regular,3,218.65,0.032,634.93,263.91,66,Wholesale
ORD-102403,12-05-2023,East,Apparel,Shirts,Apparel Shirts,2916,New,6,150.63,0.0352,871.96,180.28,30,Retail
ORD-102404,30-09-2023,North,Office Supplies,Stationery,Office Supplies Stationery,4952,At Risk,7,177.81,0.018,1222.31,464.72,25,Wholesale
ORD-102405,02-07-2024,North,Furniture,Chair,Furniture Chair,2793,Regular,4,106.23,0.0526,402.57,104.82,68,Online
ORD-102406,02-07-2024,North,Office Supplies,Paper,Office Supplies Paper,6655,VIP,2,41.47,0.0315,80.33,17.85,35,Wholesale
ORD-102407,29-03-2024,North,Furniture,Lighting,Furniture Lighting,3759,At Risk,6,126.6,0.1471,647.9,196.84,27,Wholesale
ORD-102408,30-09-2022,South,Office Supplies,Ink,Office Supplies Ink,1012,VIP,1,197.61,0.0821,181.38,40.01,37,Retail
ORD-102409,19-12-2023,West,Furniture,Chair,Furniture Chair,6793,Regular,1,75.55,0.0903,68.72,24.06,32,Wholesale
ORD-102410,07-09-2024,West,Office Supplies,Binders,Office Supplies Binders,1332,At Risk,5,119.43,0.0307,578.82,130.82,37,Retail
ORD-102411,22-03-2022,North,Apparel,Shirts,Apparel Shirts,5908,New,4,181.84,0.0606,683.27,162.63,36,Wholesale
ORD-102412,08-04-2022,East,Apparel,Accessories,Apparel Accessories,6523,Regular,7,195.83,0.0012,1369.17,439.91,41,Online
ORD-102413,27-08-2023,West,Apparel,Jackets,Apparel Jackets,2531,New,6,76.2,0.0261,445.26,109.1,41,Online
ORD-102414,03-05-2023,Central,Furniture,Storage,Furniture Storage,5349,Regular,7,116.67,0.1075,728.93,212.05,43,Retail
ORD-102415,23-10-2023,North,Apparel,Jackets,Apparel Jackets,2586,Regular,3,211.49,0.1021,569.67,226.43,48,Online
ORD-102416,09-07-2024,Central,Electronics,Phone,Electronics Phone,1132,Regular,1,111.32,0.0273,108.28,34.02,54,Online
ORD-102417,24-11-2024,North,Electronics,Laptop,Electronics Laptop,3388,New,4,40.71,0.0475,155.1,41.59,27,Wholesale
ORD-102418,01-11-2022,Central,Office Supplies,Stationery,Office Supplies Stationery,6592,VIP,7,44.01,0.0966,278.31,51.97,32,Online
ORD-102419,16-03-2023,West,Electronics,Tablet,Electronics Tablet,3126,At Risk,3,98.57,0.0803,271.97,76.44,56,Retail
ORD-102420,16-03-2025,Central,Electronics,Laptop,Electronics Laptop,3055,Regular,5,105.97,0.0431,507.02,120.53,45,Online
ORD-102421,19-02-2025,West,Electronics,Tablet,Electronics Tablet,6518,VIP,6,191.52,0.044,1098.54,316.1,32,Wholesale
ORD-102422,24-10-2023,South,Electronics,Accessories,Electronics Accessories,4208,Regular,1,122.16,0.0441,116.78,21.48,29,Online
ORD-102423,07-07-2024,East,Furniture,Desk,Furniture Desk,2488,VIP,6,193.95,0.0646,1088.52,289.02,38,Online
ORD-102424,16-04-2024,West,Furniture,Desk,Furniture Desk,4769,At Risk,1,173.79,0.0963,157.06,46.89,71,Online
ORD-102425,09-03-2022,East,Electronics,Laptop,Electronics Laptop,5799,VIP,6,41.73,0.0526,237.21,92.94,31,Online
ORD-102426,16-06-2023,West,Apparel,Accessories,Apparel Accessories,2200,New,2,156.84,0.0213,307.01,117.56,42,Online
ORD-102427,05-12-2023,Central,Office Supplies,Ink,Office Supplies Ink,6643,New,3,214.87,0.0743,596.7,119.52,37,Wholesale
ORD-102428,26-03-2024,East,Office Supplies,Paper,Office Supplies Paper,5358,Regular,6,50.98,0.0303,296.62,112.58,62,Retail
ORD-102429,21-12-2022,South,Office Supplies,Ink,Office Supplies Ink,6645,Regular,4,73.86,0.0506,280.49,102.73,34,Retail
ORD-102430,11-09-2024,East,Apparel,Shirts,Apparel Shirts,3088,Regular,4,92.74,0.1098,330.22,73.45,70,Online
ORD-102431,24-09-2024,East,Furniture,Storage,Furniture Storage,6963,VIP,2,153.88,0.0673,287.05,53.45,22,Online
ORD-102432,12-05-2023,East,Electronics,Accessories,Electronics Accessories,2127,At Risk,2,34.2,0.0556,64.59,18.3,67,Retail
ORD-102433,16-08-2022,South,Apparel,Shirts,Apparel Shirts,4944,At Risk,3,167.66,0.0748,465.38,128.33,24,Online
ORD-102434,11-02-2022,Central,Electronics,Phone,Electronics Phone,3979,New,5,153.35,0.0614,719.68,244.82,30,Wholesale
ORD-102435,19-01-2025,Central,Furniture,Lighting,Furniture Lighting,6110,VIP,7,153.31,0.0728,995.09,391.94,43,Wholesale
ORD-102436,29-08-2022,East,Office Supplies,Binders,Office Supplies Binders,4695,Regular,4,174.67,0.0076,693.4,146.45,24,Wholesale
ORD-102437,26-10-2022,South,Furniture,Lighting,Furniture Lighting,6726,Regular,2,82.56,0.0392,158.64,66.06,55,Online
ORD-102438,11-08-2024,North,Office Supplies,Binders,Office Supplies Binders,5909,New,3,90.99,0.0185,267.92,91.62,38,Wholesale
ORD-102439,03-04-2023,East,Apparel,Footwear,Apparel Footwear,6267,At Risk,5,89.67,0.0439,428.66,178.89,65,Wholesale
ORD-102440,30-12-2024,Central,Apparel,Accessories,Apparel Accessories,6810,New,2,123.63,0.1531,209.41,55.19,58,Online
ORD-102441,16-02-2024,South,Furniture,Storage,Furniture Storage,1249,At Risk,6,23.33,0.0287,135.96,31.94,54,Retail
ORD-102442,11-01-2024,North,Apparel,Footwear,Apparel Footwear,6597,Regular,3,87.78,0.0305,255.31,60.29,31,Retail
ORD-102443,16-06-2022,North,Office Supplies,Ink,Office Supplies Ink,3513,VIP,7,192.69,0.0467,1285.84,327.51,30,Online
ORD-102444,24-03-2024,North,Apparel,Accessories,Apparel Accessories,2878,VIP,3,164.44,0.1115,438.32,156.65,67,Online
ORD-102445,03-11-2022,North,Apparel,Jackets,Apparel Jackets,1934,VIP,5,167.89,0.0704,780.32,168.39,46,Online
ORD-102446,21-08-2024,North,Office Supplies,Stationery,Office Supplies Stationery,5676,New,6,106.61,0.0722,593.49,247.84,69,Retail
ORD-102447,22-08-2024,North,Furniture,Storage,Furniture Storage,2852,Regular,5,115.67,0.0794,532.43,150.97,54,Online
ORD-102448,21-03-2022,North,Electronics,Phone,Electronics Phone,2545,VIP,6,39.27,0.04,226.18,88.63,22,Online
ORD-102449,11-03-2023,East,Electronics,Phone,Electronics Phone,2002,New,2,167.8,0.0632,314.39,124.65,27,Online
ORD-102450,30-04-2024,West,Apparel,Shirts,Apparel Shirts,2570,Regular,6,111.57,0.0259,652.09,156.91,54,Wholesale
ORD-102451,24-10-2023,West,Furniture,Lighting,Furniture Lighting,2242,At Risk,3,145.43,0.0767,402.81,82.12,71,Online
ORD-102452,16-08-2024,North,Furniture,Lighting,Furniture Lighting,2623,Regular,1,104.06,0.07,96.77,33.87,22,Wholesale
ORD-102453,22-11-2023,East,Apparel,Shirts,Apparel Shirts,4935,New,4,142.46,0.0166,560.39,129.95,39,Online
ORD-102454,24-03-2022,East,Electronics,Tablet,Electronics Tablet,6987,New,5,122.28,0.0059,607.76,189.24,47,Online
ORD-102455,27-07-2022,North,Office Supplies,Binders,Office Supplies Binders,2161,Regular,1,79.76,0.0249,77.77,26.82,64,Retail
ORD-102456,05-10-2023,West,Apparel,Accessories,Apparel Accessories,2446,At Risk,6,168.42,0.0723,937.46,338.74,60,Online
ORD-102457,18-09-2022,Central,Office Supplies,Stationery,Office Supplies Stationery,3415,Regular,5,65.63,0.0541,310.4,70.06,71,Retail
ORD-102458,02-06-2024,East,Electronics,Tablet,Electronics Tablet,2112,New,4,63.38,0.0497,240.91,68.24,64,Online
ORD-102459,25-09-2023,South,Electronics,Phone,Electronics Phone,4082,Regular,3,182.52,0.0755,506.2,144.8,34,Retail
ORD-102460,14-03-2024,South,Office Supplies,Binders,Office Supplies Binders,3760,New,1,171.52,0.0277,166.77,33.18,70,Retail
ORD-102461,07-01-2022,West,Office Supplies,Stationery,Office Supplies Stationery,1368,New,7,134.05,0.0431,897.93,210.46,68,Retail
ORD-102462,04-04-2024,South,Apparel,Jackets,Apparel Jackets,6003,New,7,134.79,0.0768,871.07,189.53,55,Retail
ORD-102463,18-11-2023,East,Office Supplies,Stationery,Office Supplies Stationery,4489,Regular,4,126.81,0.0438,485.05,153.2,63,Retail
ORD-102464,05-05-2024,Central,Electronics,Tablet,Electronics Tablet,3905,VIP,5,200.31,0.0991,902.3,360.39,65,Wholesale
ORD-102465,30-06-2022,Central,Office Supplies,Ink,Office Supplies Ink,3833,New,1,167.12,0.0659,156.1,33.07,64,Wholesale
ORD-102466,22-01-2025,Central,Furniture,Lighting,Furniture Lighting,3707,At Risk,1,136.1,0.0069,135.16,41.23,37,Online
ORD-102467,21-07-2024,Central,Office Supplies,Ink,Office Supplies Ink,1632,At Risk,4,108.11,0.1618,362.47,140.01,39,Retail
ORD-102468,28-09-2024,East,Apparel,Accessories,Apparel Accessories,6762,New,6,110.86,0.0196,652.15,124.4,29,Wholesale
ORD-102469,07-04-2022,East,Furniture,Lighting,Furniture Lighting,3592,At Risk,6,135.29,0.0562,766.1,268.55,41,Online
ORD-102470,20-03-2023,North,Office Supplies,Paper,Office Supplies Paper,2869,New,3,201.91,0.0706,562.96,228.41,69,Wholesale
ORD-102471,07-04-2023,Central,Furniture,Desk,Furniture Desk,2143,New,7,66.49,0.0158,458.08,129.13,24,Online
ORD-102472,28-07-2024,South,Furniture,Chair,Furniture Chair,3413,VIP,1,135.49,0.0253,132.07,30.7,42,Retail
ORD-102473,06-05-2022,North,Office Supplies,Stationery,Office Supplies Stationery,4447,Regular,3,51.75,0.155,131.19,30.63,41,Online
ORD-102474,24-06-2024,East,Office Supplies,Stationery,Office Supplies Stationery,3519,VIP,5,54.51,0.049,259.19,86.19,25,Retail
ORD-102475,10-05-2022,East,Office Supplies,Binders,Office Supplies Binders,5360,New,2,213.99,0.0438,409.23,138.25,37,Online
ORD-102476,25-05-2024,North,Electronics,Tablet,Electronics Tablet,3629,New,1,166.83,0.0892,151.95,60.63,26,Wholesale
ORD-102477,11-06-2022,Central,Electronics,Tablet,Electronics Tablet,6373,New,2,169.42,0.1636,283.4,67.3,44,Retail
ORD-102478,07-12-2023,Central,Furniture,Storage,Furniture Storage,2260,Regular,6,153.4,0.0184,903.45,261.52,22,Wholesale
ORD-102479,09-01-2025,North,Office Supplies,Stationery,Office Supplies Stationery,5665,VIP,5,111.68,0.0483,531.43,174.42,33,Retail
ORD-102480,23-04-2023,North,Electronics,Tablet,Electronics Tablet,6584,Regular,1,185.86,0.0539,175.85,73.07,65,Wholesale
ORD-102481,31-10-2024,South,Office Supplies,Binders,Office Supplies Binders,6745,New,1,159.93,0.0321,154.79,39.04,59,Online
ORD-102482,05-06-2023,North,Office Supplies,Paper,Office Supplies Paper,5934,New,5,73.22,0.0903,333.05,95.73,52,Online
ORD-102483,25-12-2023,South,Furniture,Chair,Furniture Chair,2800,New,5,127.27,0.0296,617.53,154.59,69,Wholesale
ORD-102484,02-12-2022,Central,Furniture,Lighting,Furniture Lighting,4675,New,5,132.16,0.0858,604.08,157.89,68,Online
ORD-102485,27-11-2022,East,Apparel,Shirts,Apparel Shirts,4226,Regular,7,129.48,0.052,859.23,304.84,25,Wholesale
ORD-102486,12-08-2023,West,Office Supplies,Stationery,Office Supplies Stationery,6921,New,7,157,0.0693,1022.79,363.9,52,Retail
ORD-102487,02-04-2025,West,Electronics,Laptop,Electronics Laptop,2593,At Risk,2,108.36,0.0278,210.69,74.53,22,Retail
ORD-102488,11-05-2024,West,Furniture,Storage,Furniture Storage,2385,New,5,72.26,0.0127,356.7,75.58,40,Online
ORD-102489,24-04-2022,Central,Apparel,Jackets,Apparel Jackets,1323,VIP,2,28.13,0.1272,49.1,12.49,45,Online
ORD-102490,18-07-2022,South,Apparel,Shirts,Apparel Shirts,4522,VIP,7,77.87,0.0158,536.5,137.55,68,Wholesale
ORD-102491,16-05-2022,East,Electronics,Accessories,Electronics Accessories,6858,Regular,7,116.97,0.1126,726.63,250.46,30,Retail
ORD-102492,22-02-2025,South,Office Supplies,Binders,Office Supplies Binders,3022,Regular,3,196.44,0.0563,556.17,156.29,35,Online
ORD-102493,09-03-2024,East,Apparel,Shirts,Apparel Shirts,2904,VIP,6,219.09,0.081,1208.08,488.1,42,Retail
ORD-102494,14-04-2023,West,Electronics,Phone,Electronics Phone,3936,At Risk,6,161.8,0.0963,877.35,226.21,24,Online
ORD-102495,02-06-2022,South,Electronics,Tablet,Electronics Tablet,3734,VIP,6,78.32,0.124,411.67,119.86,60,Online
ORD-102496,03-07-2022,West,Apparel,Shirts,Apparel Shirts,4679,At Risk,7,203.07,0.1116,1262.79,491.53,67,Online
ORD-102497,13-04-2023,East,Office Supplies,Stationery,Office Supplies Stationery,4120,Regular,6,163.01,0.0438,935.22,249.79,44,Wholesale
ORD-102498,09-11-2022,North,Apparel,Shirts,Apparel Shirts,6630,VIP,3,167.97,0.0737,466.78,87.24,40,Online
ORD-102499,09-08-2023,Central,Apparel,Footwear,Apparel Footwear,3489,At Risk,3,184.34,0.0243,539.56,137.19,60,Wholesale
ORD-102500,19-12-2023,Central,Apparel,Footwear,Apparel Footwear,6472,Regular,7,169.44,0.0612,1113.48,425.36,70,Retail
ORD-102501,30-10-2022,South,Furniture,Storage,Furniture Storage,6686,New,3,171.81,0.0727,477.96,109.33,50,Retail
ORD-102502,29-11-2023,North,Apparel,Footwear,Apparel Footwear,1623,VIP,7,86.08,0.0403,578.29,141.42,34,Retail
ORD-102503,31-08-2022,Central,Electronics,Phone,Electronics Phone,1011,Regular,1,66.45,0.0324,64.3,14.12,58,Online
ORD-102504,27-07-2022,Central,Apparel,Shirts,Apparel Shirts,1512,VIP,4,149.66,0.05,568.73,157.27,66,Retail
ORD-102505,31-07-2023,West,Apparel,Jackets,Apparel Jackets,4331,New,3,64.04,0.0614,180.32,62.6,23,Online
ORD-102506,10-07-2023,West,Office Supplies,Ink,Office Supplies Ink,4307,Regular,4,134.03,0.0846,490.76,166.4,46,Online
ORD-102507,16-07-2023,Central,Office Supplies,Binders,Office Supplies Binders,1373,Regular,7,122.04,0.0874,779.65,325.1,23,Wholesale
ORD-102508,15-02-2025,North,Apparel,Footwear,Apparel Footwear,2691,New,7,79.4,0.0915,504.96,198.87,23,Wholesale
ORD-102509,29-06-2022,Central,Furniture,Desk,Furniture Desk,5153,At Risk,4,90.84,0.0468,346.36,145.47,65,Retail
ORD-102510,27-01-2024,East,Apparel,Footwear,Apparel Footwear,6502,VIP,3,186.23,0.0419,535.29,182.92,49,Retail
ORD-102511,09-05-2023,East,Office Supplies,Stationery,Office Supplies Stationery,2081,New,7,171.29,0.031,1161.91,287.38,68,Retail
ORD-102512,03-02-2025,Central,Apparel,Shirts,Apparel Shirts,1276,Regular,2,140.18,0.0279,272.53,68.97,44,Wholesale
ORD-102513,14-02-2023,South,Furniture,Desk,Furniture Desk,3148,At Risk,1,36.61,0.0392,35.17,7.02,22,Online
ORD-102514,22-06-2023,East,Furniture,Desk,Furniture Desk,4016,Regular,4,166.71,0.0544,630.54,205,51,Online
ORD-102515,27-06-2023,Central,Office Supplies,Binders,Office Supplies Binders,6176,Regular,3,94.62,0.1132,251.73,63.2,24,Retail
ORD-102516,08-10-2024,East,Office Supplies,Paper,Office Supplies Paper,4079,VIP,7,172.77,0.071,1123.55,285.32,22,Wholesale
ORD-102517,26-11-2024,South,Apparel,Footwear,Apparel Footwear,1504,Regular,2,45.36,0.1559,76.58,16.77,26,Online
ORD-102518,24-06-2024,Central,Electronics,Accessories,Electronics Accessories,2000,Regular,2,106.28,0.006,211.28,46.9,24,Online
ORD-102519,17-12-2024,North,Electronics,Laptop,Electronics Laptop,3780,VIP,2,132.17,0.073,245.05,87.83,67,Online
ORD-102520,23-04-2022,South,Apparel,Jackets,Apparel Jackets,1638,New,5,67.65,0.1245,296.13,60.39,66,Online
ORD-102521,11-06-2022,East,Electronics,Accessories,Electronics Accessories,2116,Regular,4,55.63,0.0636,208.36,70.47,56,Retail
ORD-102522,03-09-2023,West,Office Supplies,Paper,Office Supplies Paper,1949,At Risk,7,114.71,0.0697,746.97,252.14,65,Wholesale
ORD-102523,30-05-2024,North,Apparel,Footwear,Apparel Footwear,5635,Regular,1,27.15,0.1023,24.37,6.11,48,Online
ORD-102524,17-03-2024,South,Furniture,Chair,Furniture Chair,5089,At Risk,5,97.75,0.1297,425.37,146.38,45,Retail
ORD-102525,13-01-2024,West,Electronics,Accessories,Electronics Accessories,3095,VIP,7,205.86,0.0982,1299.5,433.48,44,Wholesale
ORD-102526,29-01-2022,North,Office Supplies,Ink,Office Supplies Ink,2267,New,1,145.55,0.1099,129.56,36.97,68,Online
ORD-102527,20-01-2025,East,Office Supplies,Binders,Office Supplies Binders,1938,New,3,133.37,0.0759,369.74,143.82,65,Retail
ORD-102528,04-11-2022,Central,Furniture,Chair,Furniture Chair,6390,Regular,7,27.7,0.0574,182.78,37.35,67,Wholesale
ORD-102529,19-05-2022,South,Office Supplies,Ink,Office Supplies Ink,4383,New,5,157.31,0.0328,760.77,177.79,32,Wholesale
ORD-102530,22-01-2023,West,Apparel,Jackets,Apparel Jackets,4795,At Risk,3,216.32,0.0398,623.12,191.47,29,Retail
ORD-102531,18-04-2022,North,Office Supplies,Ink,Office Supplies Ink,6802,VIP,7,61.87,0.0474,412.56,124.94,61,Online
ORD-102532,09-08-2023,North,Furniture,Storage,Furniture Storage,5721,New,1,143.55,0.023,140.25,43.02,62,Online
ORD-102533,19-01-2025,North,Apparel,Shirts,Apparel Shirts,5268,Regular,3,206.11,0.081,568.23,147.44,51,Retail
ORD-102534,17-08-2022,Central,Furniture,Lighting,Furniture Lighting,1173,Regular,1,127.48,0.0963,115.2,27.57,39,Retail
ORD-102535,23-08-2023,North,Apparel,Jackets,Apparel Jackets,4687,New,7,34.32,0.0798,221.07,77.44,38,Retail
ORD-102536,30-06-2024,East,Electronics,Phone,Electronics Phone,6363,Regular,2,185.89,0.073,344.63,72.84,61,Online
ORD-102537,10-02-2022,West,Office Supplies,Paper,Office Supplies Paper,5573,New,3,124.47,0.0464,356.07,99.45,27,Wholesale
ORD-102538,13-05-2023,West,Electronics,Tablet,Electronics Tablet,2237,At Risk,2,207,0.0758,382.6,153.32,50,Wholesale
ORD-102539,22-05-2022,North,Office Supplies,Ink,Office Supplies Ink,3506,Regular,6,66.21,0.0426,380.35,104.45,41,Online
ORD-102540,05-04-2024,West,Electronics,Accessories,Electronics Accessories,1962,VIP,7,193.25,0.0924,1227.8,341.16,49,Online
ORD-102541,04-09-2022,West,Office Supplies,Ink,Office Supplies Ink,5765,VIP,4,180.17,0.0161,709.05,152.16,38,Online
ORD-102542,26-02-2025,East,Apparel,Footwear,Apparel Footwear,3994,Regular,5,43.36,0.0551,204.85,80.82,64,Wholesale
ORD-102543,16-08-2024,South,Apparel,Footwear,Apparel Footwear,1272,New,5,105.12,0.0138,518.37,139.84,26,Retail
ORD-102544,10-12-2023,South,Apparel,Shirts,Apparel Shirts,5060,New,1,132.6,0.055,125.3,38.7,49,Wholesale
ORD-102545,26-09-2024,North,Furniture,Chair,Furniture Chair,2556,VIP,2,174.52,0.1481,297.36,96.44,44,Retail
ORD-102546,03-08-2024,Central,Office Supplies,Binders,Office Supplies Binders,6431,New,4,32.11,0.0727,119.1,49.33,53,Wholesale
ORD-102547,28-07-2022,East,Apparel,Footwear,Apparel Footwear,2411,New,1,57.82,0.0203,56.64,17.59,70,Online
ORD-102548,04-10-2022,Central,Electronics,Tablet,Electronics Tablet,4832,At Risk,2,150.28,0.0672,280.35,96.39,47,Wholesale
ORD-102549,10-04-2025,North,Apparel,Shirts,Apparel Shirts,1196,Regular,4,65.84,0.0698,244.97,75,38,Retail
ORD-102550,28-02-2022,North,Apparel,Accessories,Apparel Accessories,4993,New,5,129.25,0.021,632.71,255.4,39,Retail
ORD-102551,25-03-2022,Central,Office Supplies,Paper,Office Supplies Paper,1248,Regular,1,134.48,0.0577,126.73,44.54,64,Online
ORD-102552,17-01-2025,West,Apparel,Footwear,Apparel Footwear,4266,New,6,128.08,0.0323,743.64,139.32,61,Wholesale
ORD-102553,28-10-2022,South,Office Supplies,Ink,Office Supplies Ink,6390,At Risk,7,212.88,0.0486,1417.75,558.31,27,Wholesale
ORD-102554,07-04-2023,Central,Office Supplies,Binders,Office Supplies Binders,1057,VIP,5,124.86,0.0281,606.77,123.18,61,Online
ORD-102555,12-02-2023,South,Electronics,Phone,Electronics Phone,3243,Regular,6,113.16,0.0477,646.59,170.81,31,Online
ORD-102556,29-12-2023,South,Electronics,Tablet,Electronics Tablet,2835,At Risk,7,100.38,0.0851,642.84,224.46,41,Wholesale
ORD-102557,05-08-2022,North,Office Supplies,Ink,Office Supplies Ink,5486,VIP,6,102.79,0.1962,495.73,118.67,41,Online
ORD-102558,08-01-2024,North,Furniture,Lighting,Furniture Lighting,4689,At Risk,2,165.22,0.0286,321,110.93,57,Online
ORD-102559,16-05-2023,South,Apparel,Accessories,Apparel Accessories,3819,VIP,6,166.45,0.0589,939.91,275.67,71,Wholesale
ORD-102560,11-07-2024,Central,Furniture,Storage,Furniture Storage,5830,Regular,3,74.81,0.0976,202.52,70.67,42,Retail
ORD-102561,03-11-2023,Central,Electronics,Laptop,Electronics Laptop,1388,Regular,4,158.13,0.0875,577.19,136.07,24,Online
ORD-102562,07-07-2023,South,Office Supplies,Binders,Office Supplies Binders,4682,New,3,201.16,0.0341,582.89,199.7,65,Wholesale
ORD-102563,18-10-2023,West,Electronics,Accessories,Electronics Accessories,1665,At Risk,5,214.51,0.033,1037.12,412.82,22,Online
ORD-102564,25-01-2022,North,Office Supplies,Ink,Office Supplies Ink,4314,New,5,140.64,0.0223,687.49,145.24,48,Online
ORD-102565,12-12-2022,North,Apparel,Accessories,Apparel Accessories,2471,At Risk,2,118.39,0.0779,218.33,57.38,55,Retail
ORD-102566,25-04-2023,East,Apparel,Jackets,Apparel Jackets,2672,New,4,135.23,0.0257,526.99,214.33,23,Online
ORD-102567,17-05-2024,North,Apparel,Shirts,Apparel Shirts,5642,Regular,5,134.97,0.0261,657.26,236.04,38,Retail
ORD-102568,05-09-2023,West,Apparel,Shirts,Apparel Shirts,1406,Regular,6,178.88,0.0334,1037.48,203.81,21,Retail
ORD-102569,27-06-2024,West,Electronics,Tablet,Electronics Tablet,5488,VIP,5,32.75,0.0204,160.41,32.36,33,Retail
ORD-102570,05-09-2023,South,Electronics,Tablet,Electronics Tablet,3737,Regular,6,147.92,0.0133,875.72,366.38,61,Online
ORD-102571,08-06-2023,East,Electronics,Accessories,Electronics Accessories,5572,New,1,37.39,0.0487,35.57,10.8,71,Online
ORD-102572,20-10-2024,East,Office Supplies,Binders,Office Supplies Binders,2092,Regular,6,218.87,0.0106,1299.32,527.95,25,Wholesale
ORD-102573,10-04-2024,Central,Office Supplies,Paper,Office Supplies Paper,4344,VIP,3,153.4,0.0134,454.02,158.36,42,Online
ORD-102574,02-04-2024,North,Furniture,Lighting,Furniture Lighting,6360,Regular,3,187.43,0.12,494.84,139.62,33,Retail
ORD-102575,28-11-2024,Central,Apparel,Accessories,Apparel Accessories,6071,New,3,142.34,0.061,400.99,137.28,41,Retail
ORD-102576,31-07-2023,Central,Office Supplies,Paper,Office Supplies Paper,6415,Regular,7,102.76,0.1137,637.53,226.77,31,Online
ORD-102577,03-11-2024,Central,Office Supplies,Stationery,Office Supplies Stationery,4820,Regular,3,155.76,0.1605,392.28,107.42,28,Retail
ORD-102578,01-02-2022,North,Furniture,Chair,Furniture Chair,4506,VIP,1,47.52,0.0554,44.89,13.35,56,Wholesale
ORD-102579,06-01-2024,East,Electronics,Tablet,Electronics Tablet,2841,Regular,3,208.73,0.1565,528.22,116.54,29,Wholesale
ORD-102580,09-05-2023,West,Furniture,Chair,Furniture Chair,4225,New,4,57.75,0.0407,221.59,50.63,36,Retail
ORD-102581,28-03-2024,Central,Furniture,Desk,Furniture Desk,6284,VIP,4,203.72,0.0663,760.84,171.08,41,Wholesale
ORD-102582,27-06-2022,Central,Apparel,Shirts,Apparel Shirts,4144,New,1,106.11,0.0406,101.8,22.08,41,Online
ORD-102583,20-01-2022,East,Apparel,Accessories,Apparel Accessories,4176,At Risk,1,206.02,0.0697,191.67,42.46,65,Wholesale
ORD-102584,30-06-2023,East,Office Supplies,Binders,Office Supplies Binders,2393,Regular,6,100.89,0.0092,599.78,183.85,62,Wholesale
ORD-102585,28-02-2022,West,Apparel,Footwear,Apparel Footwear,2795,Regular,7,190.27,0.1302,1158.51,230.67,24,Retail
ORD-102586,05-02-2022,North,Apparel,Shirts,Apparel Shirts,5052,VIP,5,84.15,0.045,401.8,108.58,56,Wholesale
ORD-102587,02-06-2022,East,Electronics,Phone,Electronics Phone,5581,New,1,101.78,0.075,94.15,26.28,58,Online
ORD-102588,04-11-2022,West,Office Supplies,Ink,Office Supplies Ink,4694,New,1,122.58,0.029,119.02,41.45,69,Retail
ORD-102589,29-05-2022,South,Furniture,Storage,Furniture Storage,6767,Regular,7,42.74,0.042,286.6,90.6,56,Online
ORD-102590,05-04-2022,West,Furniture,Chair,Furniture Chair,5613,Regular,2,71.65,0.053,135.71,42.36,33,Online
ORD-102591,22-09-2022,Central,Electronics,Tablet,Electronics Tablet,1246,VIP,4,209.01,0.0642,782.38,277.34,34,Retail
ORD-102592,29-08-2024,West,Office Supplies,Binders,Office Supplies Binders,6015,VIP,4,37.3,0.0433,142.74,50.49,26,Wholesale
ORD-102593,06-05-2022,East,Electronics,Accessories,Electronics Accessories,1950,New,7,151.19,0.0542,1001,309.64,34,Retail
ORD-102594,06-07-2023,West,Furniture,Desk,Furniture Desk,1041,Regular,1,171.72,0.0195,168.38,42.99,51,Online
ORD-102595,27-08-2023,East,Electronics,Tablet,Electronics Tablet,1241,Regular,1,182.48,0.0726,169.24,37.32,47,Retail
ORD-102596,27-06-2023,East,Furniture,Chair,Furniture Chair,3133,At Risk,1,63.18,0.0648,59.09,11.51,40,Wholesale
ORD-102597,27-10-2022,Central,Furniture,Desk,Furniture Desk,1807,New,3,33.25,0.0939,90.39,31.02,55,Wholesale
ORD-102598,12-06-2023,South,Apparel,Footwear,Apparel Footwear,6839,Regular,3,208.43,0.056,590.26,174.22,40,Online
ORD-102599,07-10-2024,West,Apparel,Jackets,Apparel Jackets,1674,New,7,196.42,0.051,1304.78,468.9,70,Wholesale
ORD-102600,21-02-2022,Central,Office Supplies,Paper,Office Supplies Paper,2276,New,7,207.05,0.0501,1376.7,256.02,60,Wholesale
ORD-102601,24-10-2024,North,Electronics,Laptop,Electronics Laptop,2807,Regular,3,101.66,0.0316,295.35,90.55,41,Retail
ORD-102602,06-12-2024,South,Apparel,Accessories,Apparel Accessories,6792,Regular,1,95.03,0.0325,91.94,35.53,25,Retail
ORD-102603,27-09-2023,South,Electronics,Laptop,Electronics Laptop,3709,Regular,2,187.61,0.1107,333.68,127.22,23,Online
ORD-102604,14-05-2023,East,Office Supplies,Paper,Office Supplies Paper,4778,New,4,96.61,0.0523,366.24,127.49,33,Retail
ORD-102605,03-01-2022,South,Furniture,Desk,Furniture Desk,5016,Regular,6,197.4,0.0393,1137.9,422.79,23,Online
ORD-102606,20-10-2022,Central,Office Supplies,Ink,Office Supplies Ink,1448,New,1,29.31,0.0901,26.67,5.05,60,Retail
ORD-102607,27-10-2023,East,Apparel,Jackets,Apparel Jackets,3249,New,7,105.97,0.0382,713.44,247.81,53,Retail
ORD-102608,08-03-2022,North,Electronics,Phone,Electronics Phone,5168,At Risk,6,151.44,0.0732,842.12,184.38,28,Retail
ORD-102609,03-02-2022,West,Furniture,Chair,Furniture Chair,3355,New,4,138.91,0.0344,536.53,197.53,39,Wholesale
ORD-102610,15-06-2023,West,Furniture,Storage,Furniture Storage,1822,New,3,23.17,0.007,69.02,16.7,51,Retail
ORD-102611,29-08-2024,South,Office Supplies,Ink,Office Supplies Ink,6377,VIP,4,66.95,0.0626,251.04,55.08,56,Online
ORD-102612,05-11-2024,North,Office Supplies,Paper,Office Supplies Paper,2957,New,3,66.71,0.0279,194.54,63.45,33,Retail
ORD-102613,09-05-2022,Central,Office Supplies,Stationery,Office Supplies Stationery,5960,New,2,115.78,0.0712,215.06,65.74,25,Online
ORD-102614,06-11-2023,South,Apparel,Accessories,Apparel Accessories,5326,VIP,4,183.05,0.009,725.58,284.42,21,Wholesale
ORD-102615,07-09-2023,East,Office Supplies,Ink,Office Supplies Ink,1660,VIP,3,176.61,0.099,477.38,190.76,32,Online
ORD-102616,16-03-2024,West,Furniture,Chair,Furniture Chair,4912,VIP,3,138.17,0.1186,365.35,99.17,57,Retail
ORD-102617,01-05-2023,North,Furniture,Lighting,Furniture Lighting,3730,VIP,1,141.42,0.0316,136.95,38.05,31,Wholesale
ORD-102618,10-01-2024,West,Office Supplies,Binders,Office Supplies Binders,2770,Regular,1,211.32,0.1025,189.67,44.73,32,Online
ORD-102619,09-03-2025,West,Electronics,Accessories,Electronics Accessories,3424,VIP,3,198.48,0.0482,566.74,123.84,29,Online
ORD-102620,14-05-2023,Central,Electronics,Tablet,Electronics Tablet,2415,Regular,3,181.14,0.023,530.93,208.47,57,Online
ORD-102621,05-12-2023,East,Apparel,Accessories,Apparel Accessories,5521,New,7,68.34,0.0692,445.27,175.22,44,Online
ORD-102622,05-04-2024,Central,Apparel,Shirts,Apparel Shirts,4253,New,1,212.35,0.0614,199.3,72.04,68,Online
ORD-102623,14-04-2023,North,Electronics,Laptop,Electronics Laptop,2849,At Risk,4,164.85,0.0375,634.69,223.39,63,Online
ORD-102624,01-01-2022,West,Furniture,Lighting,Furniture Lighting,6827,New,4,111.15,0.1437,380.72,128.24,52,Online
ORD-102625,15-12-2024,West,Apparel,Footwear,Apparel Footwear,6640,New,7,196.21,0.029,1333.59,524.58,21,Wholesale
ORD-102626,24-10-2023,South,Electronics,Tablet,Electronics Tablet,3702,Regular,2,162.94,0.0758,301.18,77.76,26,Retail
ORD-102627,25-10-2024,West,Apparel,Footwear,Apparel Footwear,2824,VIP,7,145.75,0.0613,957.7,289.18,68,Wholesale
ORD-102628,10-05-2022,East,Office Supplies,Paper,Office Supplies Paper,4130,Regular,6,110.22,0.074,612.39,173.22,48,Wholesale
ORD-102629,07-09-2023,South,Office Supplies,Stationery,Office Supplies Stationery,2007,New,4,67.65,0.048,257.6,51.6,46,Retail
ORD-102630,17-12-2024,North,Electronics,Accessories,Electronics Accessories,2183,New,3,122.33,0.106,328.09,61.74,56,Retail
ORD-102631,08-09-2022,East,Office Supplies,Paper,Office Supplies Paper,1037,Regular,7,76.74,0.0291,521.55,186.81,29,Wholesale
ORD-102632,19-08-2023,South,Apparel,Jackets,Apparel Jackets,4515,Regular,5,178.53,0.052,846.22,342.37,50,Retail
ORD-102633,21-01-2024,North,Office Supplies,Binders,Office Supplies Binders,5329,New,5,82.36,0.0399,395.38,83.91,63,Wholesale
ORD-102634,27-04-2022,Central,Apparel,Shirts,Apparel Shirts,1027,At Risk,4,188.48,0.0566,711.22,271.47,48,Wholesale
ORD-102635,13-02-2024,Central,Office Supplies,Ink,Office Supplies Ink,1287,VIP,1,43.56,0.0362,41.98,12.49,64,Online
ORD-102636,13-01-2022,East,Apparel,Shirts,Apparel Shirts,5872,New,3,46.12,0.0353,133.48,34.96,35,Retail
ORD-102637,30-09-2024,South,Office Supplies,Ink,Office Supplies Ink,4953,New,7,50.35,0.0969,318.29,117.45,40,Wholesale
ORD-102638,08-07-2023,East,Office Supplies,Stationery,Office Supplies Stationery,2798,VIP,6,218.35,0.026,1276.09,249.45,64,Wholesale
ORD-102639,08-03-2023,South,Electronics,Phone,Electronics Phone,2394,Regular,2,107.69,0.0427,206.18,70.5,71,Retail
ORD-102640,29-07-2024,South,Office Supplies,Paper,Office Supplies Paper,2447,VIP,5,120.42,0.016,592.44,245.48,56,Online
ORD-102641,12-12-2022,South,Office Supplies,Binders,Office Supplies Binders,5944,At Risk,7,25,0.0542,165.51,68.23,67,Retail
ORD-102642,12-08-2023,South,Electronics,Phone,Electronics Phone,5831,New,6,25.74,0.0223,151,53.27,34,Retail
ORD-102643,15-09-2022,West,Apparel,Jackets,Apparel Jackets,6702,At Risk,6,62.62,0.0299,364.48,139.3,21,Online
ORD-102644,16-03-2023,North,Electronics,Laptop,Electronics Laptop,3982,Regular,4,167.36,0.0622,627.78,115.42,27,Online
ORD-102645,17-12-2024,South,Furniture,Lighting,Furniture Lighting,2640,Regular,4,154.16,0.043,590.11,132.5,66,Retail
ORD-102646,11-02-2024,East,Electronics,Accessories,Electronics Accessories,2525,At Risk,7,68.44,0.036,461.84,156.84,55,Wholesale
ORD-102647,30-01-2025,East,Furniture,Desk,Furniture Desk,1430,VIP,7,139.04,0.0021,971.22,281.2,69,Retail
ORD-102648,28-10-2022,East,Office Supplies,Ink,Office Supplies Ink,3892,Regular,1,133.26,0.1166,117.73,41.47,62,Online
ORD-102649,20-11-2024,East,Furniture,Desk,Furniture Desk,2512,Regular,5,124.61,0.0403,597.94,195.71,40,Wholesale
ORD-102650,14-02-2025,West,Apparel,Shirts,Apparel Shirts,6398,At Risk,3,65.91,0.0756,182.79,76.5,51,Wholesale
ORD-102651,15-09-2023,West,Apparel,Jackets,Apparel Jackets,4841,Regular,5,24.54,0.0842,112.37,41.48,22,Wholesale
ORD-102652,04-09-2024,South,Furniture,Lighting,Furniture Lighting,3365,New,1,118.53,0.0826,108.74,42.47,67,Wholesale
ORD-102653,27-07-2022,Central,Furniture,Storage,Furniture Storage,6406,Regular,7,83.12,0.0917,528.47,221.4,42,Retail
ORD-102654,06-12-2022,West,Furniture,Chair,Furniture Chair,1976,Regular,6,52.9,0.0878,289.54,106.5,31,Wholesale
ORD-102655,11-02-2024,West,Office Supplies,Ink,Office Supplies Ink,3690,New,6,73.61,0.0466,421.08,159.26,33,Wholesale
ORD-102656,16-06-2022,East,Apparel,Jackets,Apparel Jackets,3431,Regular,4,146.69,0.0953,530.85,122.91,46,Online
ORD-102657,10-07-2023,Central,Apparel,Footwear,Apparel Footwear,2912,Regular,4,29.28,0.0707,108.84,40.13,66,Wholesale
ORD-102658,12-05-2024,North,Apparel,Footwear,Apparel Footwear,6502,Regular,7,105.31,0.0079,731.33,306.72,36,Wholesale
ORD-102659,15-06-2022,East,Electronics,Phone,Electronics Phone,1874,Regular,2,133.94,0.0588,252.12,55.83,27,Retail
ORD-102660,02-01-2023,West,Furniture,Chair,Furniture Chair,3271,VIP,3,53.67,0.0584,151.6,58.32,64,Retail
ORD-102661,10-06-2022,West,Electronics,Phone,Electronics Phone,4222,At Risk,2,173.71,0.0673,324.03,123.77,63,Retail
ORD-102662,30-12-2023,Central,Apparel,Accessories,Apparel Accessories,1500,At Risk,4,112.67,0.1401,387.56,75.61,31,Online
ORD-102663,27-07-2024,South,Furniture,Chair,Furniture Chair,5901,New,3,177.72,0.0062,529.85,109.31,44,Retail
ORD-102664,26-01-2022,North,Apparel,Footwear,Apparel Footwear,4603,New,4,189.4,0.0609,711.45,290.79,28,Retail
ORD-102665,27-01-2025,South,Office Supplies,Stationery,Office Supplies Stationery,1551,New,7,211.61,0.0147,1459.46,427.8,48,Retail
ORD-102666,29-06-2023,Central,Electronics,Laptop,Electronics Laptop,6932,VIP,6,212.07,0.0405,1220.92,400.06,28,Wholesale
ORD-102667,05-11-2024,West,Apparel,Shirts,Apparel Shirts,4007,Regular,4,76.39,0.0184,299.95,104.41,71,Wholesale
ORD-102668,17-01-2024,Central,Furniture,Storage,Furniture Storage,6704,VIP,7,52.61,0.1194,324.31,103.94,47,Retail
ORD-102669,04-12-2022,East,Office Supplies,Paper,Office Supplies Paper,5603,New,1,52.27,0.0439,49.97,18.74,71,Retail
ORD-102670,09-08-2022,Central,Electronics,Accessories,Electronics Accessories,2499,VIP,4,63.74,0.0334,246.46,44.8,65,Wholesale
ORD-102671,07-07-2023,North,Electronics,Tablet,Electronics Tablet,2465,VIP,1,95.93,0.0699,89.22,25.04,51,Retail
ORD-102672,04-11-2022,East,Furniture,Chair,Furniture Chair,3866,Regular,3,96.43,0.1486,246.31,87.76,49,Online
ORD-102673,03-09-2023,West,Apparel,Jackets,Apparel Jackets,6825,At Risk,6,66.07,0.0221,387.65,102.79,50,Wholesale
ORD-102674,11-10-2023,East,Electronics,Accessories,Electronics Accessories,2527,New,1,165.04,0.0353,159.21,64.77,35,Retail
ORD-102675,07-11-2024,West,Office Supplies,Binders,Office Supplies Binders,5619,VIP,2,127.35,0.1035,228.35,51.27,58,Online
ORD-102676,02-09-2022,North,Furniture,Storage,Furniture Storage,1882,Regular,7,49.25,0.1043,308.79,76.75,63,Online
ORD-102677,08-02-2022,North,Electronics,Accessories,Electronics Accessories,1544,Regular,3,179.67,0.0567,508.45,134.33,69,Retail
ORD-102678,02-11-2023,Central,Office Supplies,Stationery,Office Supplies Stationery,3123,At Risk,6,101.99,0.1251,535.4,162.28,41,Retail
ORD-102679,03-06-2022,Central,Furniture,Chair,Furniture Chair,2688,Regular,1,155.62,0.0324,150.57,41.51,50,Retail
ORD-102680,13-08-2023,North,Electronics,Accessories,Electronics Accessories,2882,VIP,6,150.09,0.0491,856.28,210.2,21,Wholesale
ORD-102681,22-04-2023,East,Electronics,Phone,Electronics Phone,4915,Regular,5,142.35,0.0631,666.84,274.31,49,Online
ORD-102682,11-02-2025,Central,Apparel,Accessories,Apparel Accessories,1402,At Risk,7,135.51,0.0825,870.31,183.73,65,Wholesale
ORD-102683,25-03-2022,West,Apparel,Footwear,Apparel Footwear,4531,New,3,37.26,0.047,106.53,22.08,30,Online
ORD-102684,17-04-2022,North,Apparel,Footwear,Apparel Footwear,4726,New,7,69.48,0.1078,433.93,80.01,68,Wholesale
ORD-102685,29-10-2024,South,Furniture,Desk,Furniture Desk,5693,New,3,182.76,0.0729,508.29,138.57,41,Online
ORD-102686,17-04-2024,Central,Furniture,Desk,Furniture Desk,6846,Regular,7,161.75,0.0133,1117.18,260.6,33,Retail
ORD-102687,07-03-2023,South,Office Supplies,Stationery,Office Supplies Stationery,2304,New,6,92.56,0.109,494.84,206.86,26,Retail
ORD-102688,22-09-2024,South,Electronics,Accessories,Electronics Accessories,4000,VIP,6,66.69,0.0862,365.64,136.14,44,Retail
ORD-102689,04-02-2023,South,Electronics,Laptop,Electronics Laptop,5328,At Risk,2,182.12,0.0514,345.5,131.89,69,Retail
ORD-102690,25-10-2023,West,Office Supplies,Paper,Office Supplies Paper,1936,At Risk,6,39.56,0.0827,217.73,77.59,39,Retail
ORD-102691,30-01-2022,South,Furniture,Desk,Furniture Desk,2021,New,4,73.72,0.0474,280.9,108.5,31,Retail
ORD-102692,18-01-2023,South,Office Supplies,Paper,Office Supplies Paper,5257,New,2,141.28,0.044,270.13,52.08,45,Wholesale
ORD-102693,01-02-2024,East,Apparel,Accessories,Apparel Accessories,4036,VIP,7,67.33,0.0912,428.31,129.71,68,Online
ORD-102694,07-01-2022,East,Office Supplies,Paper,Office Supplies Paper,1935,New,7,88.02,0.0492,585.85,226.81,30,Wholesale
ORD-102695,15-04-2024,Central,Apparel,Accessories,Apparel Accessories,3532,VIP,2,80.41,0.0763,148.54,49.11,30,Wholesale
ORD-102696,24-01-2023,East,Electronics,Tablet,Electronics Tablet,1099,Regular,7,202.46,0.0031,1412.83,444.85,59,Online
ORD-102697,31-05-2024,Central,Electronics,Laptop,Electronics Laptop,4446,Regular,6,63.22,0.0877,346.05,108.16,31,Wholesale
ORD-102698,17-11-2023,Central,Apparel,Accessories,Apparel Accessories,5511,New,4,129.81,0.0113,513.37,190.88,34,Online
ORD-102699,24-09-2023,North,Office Supplies,Paper,Office Supplies Paper,6336,Regular,3,69.91,0.0597,197.21,67.42,42,Wholesale
ORD-102700,13-01-2022,South,Apparel,Accessories,Apparel Accessories,6934,New,6,125.49,0.0782,694.04,212.29,41,Retail
ORD-102701,27-01-2022,South,Office Supplies,Binders,Office Supplies Binders,2536,At Risk,4,58.18,0.0164,228.89,68.57,26,Wholesale
ORD-102702,23-04-2023,West,Electronics,Laptop,Electronics Laptop,4435,Regular,1,57.28,0.0535,54.21,18.27,32,Online
ORD-102703,21-07-2023,Central,Electronics,Accessories,Electronics Accessories,1940,Regular,3,151.18,0.0969,409.6,171.05,38,Wholesale
ORD-102704,04-03-2025,Central,Furniture,Chair,Furniture Chair,3281,Regular,6,208.86,0.0173,1231.48,266.86,25,Retail
ORD-102705,27-03-2025,West,Furniture,Chair,Furniture Chair,1669,New,3,107.07,0.1015,288.62,103.81,48,Retail
ORD-102706,01-05-2022,East,Apparel,Shirts,Apparel Shirts,4630,Regular,2,69.2,0.0664,129.21,29.86,56,Online
ORD-102707,17-05-2022,North,Apparel,Shirts,Apparel Shirts,5319,At Risk,7,145.86,0.1412,876.87,307.23,68,Retail
ORD-102708,13-04-2025,South,Electronics,Accessories,Electronics Accessories,3972,New,7,93.43,0.0818,600.48,142.22,60,Online
ORD-102709,03-06-2022,North,Apparel,Jackets,Apparel Jackets,1676,At Risk,4,192.45,0.0814,707.17,251.32,50,Online
ORD-102710,12-02-2024,East,Apparel,Footwear,Apparel Footwear,2836,New,2,126.61,0.0666,236.35,42.64,35,Online
ORD-102711,01-07-2022,West,Apparel,Shirts,Apparel Shirts,1006,Regular,5,24.63,0.0901,112.06,38.14,42,Online
ORD-102712,22-08-2022,North,Furniture,Chair,Furniture Chair,5350,VIP,4,80.88,0.0815,297.16,91.75,24,Retail
ORD-102713,31-05-2022,North,Office Supplies,Paper,Office Supplies Paper,3780,Regular,2,187.06,0.0251,364.73,119.9,34,Wholesale
ORD-102714,16-11-2024,Central,Office Supplies,Stationery,Office Supplies Stationery,2846,At Risk,3,56.48,0.0478,161.35,66.3,42,Online
ORD-102715,20-08-2023,East,Office Supplies,Binders,Office Supplies Binders,2157,New,7,50.69,0.0887,323.36,134.95,49,Wholesale
ORD-102716,26-08-2022,North,Apparel,Shirts,Apparel Shirts,6172,New,1,115.89,0.0594,109,39.19,62,Retail
ORD-102717,11-01-2024,Central,Furniture,Desk,Furniture Desk,3850,Regular,7,155.58,0.03,1056.4,405.07,26,Wholesale
ORD-102718,27-12-2023,South,Apparel,Accessories,Apparel Accessories,4309,Regular,1,60.29,0.0489,57.34,18.33,32,Online
ORD-102719,03-10-2023,South,Electronics,Laptop,Electronics Laptop,3136,At Risk,5,203.85,0.0635,954.53,177.25,47,Online
ORD-102720,25-02-2024,Central,Office Supplies,Stationery,Office Supplies Stationery,6406,New,1,157.6,0.0062,156.62,46.76,51,Online
ORD-102721,22-12-2022,East,Electronics,Accessories,Electronics Accessories,4555,Regular,3,212.83,0.0782,588.59,201.31,39,Wholesale
ORD-102722,22-05-2022,South,Office Supplies,Stationery,Office Supplies Stationery,6032,At Risk,3,57.8,0.1088,154.53,35.26,46,Wholesale
ORD-102723,06-03-2025,East,Furniture,Storage,Furniture Storage,3132,New,2,167.11,0.1096,297.59,94.8,33,Online
ORD-102724,17-10-2023,Central,Office Supplies,Paper,Office Supplies Paper,4920,VIP,6,119.35,0.0486,681.33,252.21,29,Wholesale
ORD-102725,24-05-2024,Central,Office Supplies,Paper,Office Supplies Paper,3581,Regular,2,141.94,0.0428,271.72,55.46,64,Retail
ORD-102726,01-05-2022,East,Apparel,Jackets,Apparel Jackets,6925,At Risk,2,132.14,0.0156,260.17,95.73,66,Wholesale
ORD-102727,09-08-2023,West,Electronics,Phone,Electronics Phone,3281,Regular,7,127.99,0.0837,820.98,153.96,44,Wholesale
ORD-102728,21-04-2022,Central,Apparel,Footwear,Apparel Footwear,5784,Regular,4,112.92,0.0925,409.88,85.09,43,Online
ORD-102729,09-05-2024,North,Apparel,Shirts,Apparel Shirts,1683,Regular,6,190.14,0.1753,940.87,296.29,54,Retail
ORD-102730,03-05-2023,North,Office Supplies,Binders,Office Supplies Binders,4263,VIP,4,195.62,0.0409,750.49,229.81,40,Online
ORD-102731,06-12-2022,North,Electronics,Laptop,Electronics Laptop,5285,Regular,7,107.68,0.0899,686.02,256.3,64,Online
ORD-102732,09-05-2024,West,Apparel,Footwear,Apparel Footwear,4194,Regular,5,92.49,0.0459,441.21,92.34,44,Online
ORD-102733,27-08-2023,Central,Apparel,Shirts,Apparel Shirts,1037,VIP,1,204.74,0.0322,198.14,59.97,53,Wholesale
ORD-102734,02-04-2022,Central,Electronics,Tablet,Electronics Tablet,2587,New,7,161.81,0.0449,1081.8,216.91,46,Retail
ORD-102735,23-07-2023,South,Apparel,Shirts,Apparel Shirts,6136,At Risk,1,178.19,0.049,169.45,45.65,70,Online
ORD-102736,22-03-2023,Central,Apparel,Jackets,Apparel Jackets,6898,VIP,5,99.74,0.1156,441.05,112.5,37,Retail
ORD-102737,27-11-2022,North,Office Supplies,Paper,Office Supplies Paper,2293,New,1,180.63,0.0615,169.52,61.13,33,Retail
ORD-102738,13-06-2024,South,Office Supplies,Paper,Office Supplies Paper,4839,At Risk,7,158.17,0.0093,1096.85,279.03,21,Wholesale
ORD-102739,12-03-2022,Central,Apparel,Footwear,Apparel Footwear,2321,At Risk,5,192.17,0.0509,911.9,366.62,47,Retail
ORD-102740,07-05-2022,West,Furniture,Lighting,Furniture Lighting,4914,New,1,45.47,0.0979,41.02,7.87,43,Online
ORD-102741,13-12-2022,East,Office Supplies,Stationery,Office Supplies Stationery,3428,VIP,7,162.79,0.1624,954.44,332.34,42,Online
ORD-102742,31-01-2023,South,Office Supplies,Stationery,Office Supplies Stationery,2372,New,5,171.16,0.055,808.77,192.02,54,Retail
ORD-102743,05-07-2024,East,Apparel,Jackets,Apparel Jackets,1428,New,6,65.1,0.0854,357.24,114.93,29,Retail
ORD-102744,19-07-2023,North,Office Supplies,Binders,Office Supplies Binders,3570,New,5,214.95,0.0468,1024.43,304.71,52,Online
ORD-102745,29-12-2024,South,Apparel,Footwear,Apparel Footwear,2209,At Risk,2,204.01,0.0198,399.92,131.39,29,Retail
ORD-102746,14-11-2022,Central,Apparel,Footwear,Apparel Footwear,3762,At Risk,3,46.91,0.0134,138.84,38.65,37,Retail
ORD-102747,20-02-2024,East,Office Supplies,Stationery,Office Supplies Stationery,2640,VIP,6,42.39,0.0166,250.12,92.2,57,Retail
ORD-102748,22-01-2022,East,Furniture,Storage,Furniture Storage,5304,VIP,2,72.42,0.0716,134.47,34.22,62,Retail
ORD-102749,07-07-2023,Central,Apparel,Footwear,Apparel Footwear,3820,Regular,3,163.84,0.0388,472.47,122.5,40,Wholesale
ORD-102750,13-03-2023,South,Office Supplies,Ink,Office Supplies Ink,2234,Regular,1,158.8,0.0876,144.89,32.86,31,Wholesale
ORD-102751,08-10-2023,East,Office Supplies,Binders,Office Supplies Binders,6336,Regular,2,196.82,0.0486,374.51,87.63,65,Retail
ORD-102752,29-08-2024,North,Electronics,Accessories,Electronics Accessories,6874,VIP,7,47.3,0.0813,304.17,69.5,57,Wholesale
ORD-102753,08-03-2025,North,Apparel,Jackets,Apparel Jackets,5991,Regular,4,35.21,0.0575,132.75,44.58,63,Retail
ORD-102754,23-10-2023,Central,Apparel,Footwear,Apparel Footwear,4775,Regular,7,122.36,0.1237,750.6,235.75,43,Wholesale
ORD-102755,14-10-2024,East,Furniture,Storage,Furniture Storage,1074,Regular,2,115.24,0.1755,190.02,62.82,69,Retail
ORD-102756,13-04-2023,Central,Furniture,Desk,Furniture Desk,6594,At Risk,4,172.89,0.0602,649.95,170.29,46,Online
ORD-102757,21-09-2023,West,Office Supplies,Paper,Office Supplies Paper,2384,New,6,111.5,0.0389,643,269.89,65,Online
ORD-102758,27-03-2023,West,Office Supplies,Stationery,Office Supplies Stationery,6252,New,1,211.55,0.0525,200.45,37.36,70,Retail
ORD-102759,17-03-2024,South,Electronics,Laptop,Electronics Laptop,1532,At Risk,2,175.55,0.0236,342.81,105.72,29,Wholesale
ORD-102760,31-01-2022,South,Furniture,Storage,Furniture Storage,5460,Regular,4,203.73,0.0692,758.54,178.58,35,Wholesale
ORD-102761,22-01-2022,West,Electronics,Phone,Electronics Phone,3956,New,5,89.74,0.1457,383.34,104.78,41,Wholesale
ORD-102762,28-03-2025,West,Apparel,Accessories,Apparel Accessories,3200,Regular,1,106.72,0.0713,99.11,41.34,32,Wholesale
ORD-102763,21-03-2025,Central,Electronics,Tablet,Electronics Tablet,1016,VIP,7,202.69,0.1336,1229.29,390.12,68,Wholesale
ORD-102764,01-01-2023,Central,Office Supplies,Ink,Office Supplies Ink,6030,Regular,6,187.2,0.0475,1069.87,254.76,24,Wholesale
ORD-102765,26-04-2023,West,Office Supplies,Binders,Office Supplies Binders,2244,VIP,1,38.29,0.0288,37.19,13.48,39,Online
ORD-102766,24-02-2024,West,Furniture,Desk,Furniture Desk,6659,VIP,6,146.51,0.0213,860.34,275.22,41,Retail
ORD-102767,17-05-2022,West,Electronics,Accessories,Electronics Accessories,3474,VIP,1,207.31,0.1398,178.32,43.79,27,Online
ORD-102768,27-08-2024,Central,Apparel,Accessories,Apparel Accessories,4118,Regular,6,126.65,0.0266,739.72,296.31,51,Retail
ORD-102769,09-01-2025,West,Office Supplies,Paper,Office Supplies Paper,1527,Regular,2,87.24,0.1204,153.47,53.39,27,Wholesale
ORD-102770,11-08-2024,Central,Electronics,Laptop,Electronics Laptop,1409,Regular,5,86.77,0.0056,431.42,120.93,54,Retail
ORD-102771,11-08-2023,Central,Furniture,Chair,Furniture Chair,1614,Regular,7,78.03,0.0488,519.56,104.44,55,Retail
ORD-102772,21-04-2022,North,Electronics,Laptop,Electronics Laptop,1785,VIP,4,54.98,0.0957,198.86,55.95,44,Online
ORD-102773,18-08-2023,South,Furniture,Storage,Furniture Storage,1122,Regular,6,45.68,0.0385,263.52,61.56,70,Wholesale
ORD-102774,09-02-2022,North,Electronics,Tablet,Electronics Tablet,2287,Regular,3,203.93,0.025,596.48,237.84,23,Online
ORD-102775,12-12-2022,South,Apparel,Footwear,Apparel Footwear,2063,Regular,7,181.31,0.0741,1175.12,361.33,25,Wholesale
ORD-102776,17-01-2025,North,Furniture,Storage,Furniture Storage,6146,New,3,200.86,0.0534,570.4,104.05,66,Online
ORD-102777,17-11-2024,West,Office Supplies,Paper,Office Supplies Paper,4476,At Risk,7,191.17,0.0712,1242.87,368.76,43,Wholesale
ORD-102778,10-09-2024,West,Office Supplies,Stationery,Office Supplies Stationery,4327,At Risk,1,178.34,0.0185,175.04,65.85,36,Wholesale
ORD-102779,06-08-2023,North,Furniture,Desk,Furniture Desk,6618,At Risk,7,219.51,0.1,1382.99,364.03,52,Wholesale
ORD-102780,26-01-2025,South,Electronics,Accessories,Electronics Accessories,1767,Regular,6,140.2,0.089,766.34,153.01,34,Wholesale
ORD-102781,22-07-2024,North,Apparel,Shirts,Apparel Shirts,5534,New,5,73.93,0.0601,347.45,125.35,27,Retail
ORD-102782,01-03-2023,East,Office Supplies,Paper,Office Supplies Paper,3677,At Risk,7,46.82,0.0694,304.98,106.92,28,Online
ORD-102783,28-05-2023,East,Furniture,Desk,Furniture Desk,2595,VIP,6,66.74,0.0294,388.67,100.89,46,Retail
ORD-102784,29-03-2023,Central,Office Supplies,Binders,Office Supplies Binders,4937,VIP,5,171.37,0.0517,812.55,316.51,39,Online
ORD-102785,09-03-2024,West,Electronics,Accessories,Electronics Accessories,6497,Regular,7,25.81,0.0577,170.25,43.2,59,Online
ORD-102786,13-07-2022,North,Apparel,Accessories,Apparel Accessories,2659,New,1,193.93,0.0209,189.88,70.23,70,Retail
ORD-102787,09-07-2022,East,Electronics,Laptop,Electronics Laptop,3482,New,5,92.44,0.0407,443.38,185.66,33,Wholesale
ORD-102788,22-04-2023,North,Furniture,Chair,Furniture Chair,6614,At Risk,6,98.63,0.0674,551.9,173.18,69,Retail
ORD-102789,23-03-2023,Central,Office Supplies,Ink,Office Supplies Ink,4913,Regular,5,147.92,0.0881,674.44,207.84,71,Online
ORD-102790,14-04-2023,West,Office Supplies,Stationery,Office Supplies Stationery,2154,Regular,5,119.08,0.0369,573.41,175.65,55,Wholesale
ORD-102791,20-11-2024,South,Apparel,Accessories,Apparel Accessories,2352,At Risk,1,80.66,0.1201,70.97,14.72,35,Online
ORD-102792,21-01-2024,West,Office Supplies,Binders,Office Supplies Binders,5162,VIP,2,61.54,0.0674,114.78,39.16,22,Wholesale
ORD-102793,13-12-2022,South,Office Supplies,Binders,Office Supplies Binders,2293,Regular,2,32.11,0.0841,58.82,11.63,57,Wholesale
ORD-102794,14-09-2023,Central,Electronics,Phone,Electronics Phone,3993,Regular,4,169.48,0.0783,624.82,135.15,47,Retail
ORD-102795,19-07-2023,North,Electronics,Tablet,Electronics Tablet,5693,Regular,3,190.63,0.1013,513.98,187.54,53,Wholesale
ORD-102796,18-12-2024,Central,Apparel,Jackets,Apparel Jackets,6720,Regular,1,100.06,0.0211,97.94,21.33,69,Retail
ORD-102797,18-07-2022,East,Office Supplies,Paper,Office Supplies Paper,4978,Regular,2,172.73,0.0344,333.58,89.95,35,Online
ORD-102798,04-11-2024,West,Office Supplies,Ink,Office Supplies Ink,6385,VIP,5,213.9,0.019,1049.18,239.49,62,Online
ORD-102799,29-07-2024,West,Furniture,Storage,Furniture Storage,5821,New,2,205.06,0.0342,396.11,141.35,65,Online
ORD-102800,08-09-2024,East,Office Supplies,Stationery,Office Supplies Stationery,4920,New,6,118.79,0.0616,668.85,233.03,46,Online
ORD-102801,01-02-2022,South,Office Supplies,Stationery,Office Supplies Stationery,2712,New,5,197.84,0.0287,960.77,326.5,71,Online
ORD-102802,21-05-2023,East,Furniture,Chair,Furniture Chair,4119,Regular,2,167.2,0.0712,310.58,113.26,57,Online
ORD-102803,19-04-2023,South,Furniture,Storage,Furniture Storage,5188,Regular,4,131.43,0.0442,502.5,182.19,44,Wholesale
ORD-102804,05-08-2022,East,Office Supplies,Paper,Office Supplies Paper,2992,VIP,6,153.2,0.0065,913.19,380.05,54,Retail
ORD-102805,01-03-2022,South,Apparel,Accessories,Apparel Accessories,1379,New,4,183.13,0.1522,621,172.72,22,Retail
ORD-102806,14-07-2023,Central,Electronics,Phone,Electronics Phone,1603,Regular,3,216.25,0.0406,622.38,147.76,30,Wholesale
ORD-102807,14-11-2023,North,Electronics,Phone,Electronics Phone,1336,New,3,117.57,0.0871,322,130.64,66,Online
ORD-102808,19-01-2022,West,Office Supplies,Stationery,Office Supplies Stationery,2021,New,7,42.46,0.0935,269.44,76.37,27,Retail
ORD-102809,26-04-2022,East,Electronics,Laptop,Electronics Laptop,1112,New,4,99.73,0.0207,390.68,88.29,33,Retail
ORD-102810,02-04-2025,West,Furniture,Desk,Furniture Desk,1323,New,3,184.91,0.0339,535.91,97.49,69,Online
ORD-102811,02-07-2024,East,Furniture,Lighting,Furniture Lighting,4464,Regular,4,206.38,0.1574,695.6,255.77,63,Wholesale
ORD-102812,07-04-2024,South,Office Supplies,Ink,Office Supplies Ink,4268,New,2,139.75,0.0282,271.61,111.95,66,Online
ORD-102813,30-12-2023,South,Apparel,Footwear,Apparel Footwear,3485,Regular,6,127.45,0.0952,691.92,182.51,22,Online
ORD-102814,23-06-2022,Central,Electronics,Phone,Electronics Phone,1616,New,5,212.03,0.0978,956.44,374.39,66,Online
ORD-102815,15-12-2024,West,Office Supplies,Stationery,Office Supplies Stationery,3664,At Risk,3,191.34,0.0616,538.64,130.29,45,Online
ORD-102816,16-10-2024,East,Electronics,Phone,Electronics Phone,6238,At Risk,3,130.74,0.08,360.86,86.96,49,Retail
ORD-102817,15-03-2025,East,Furniture,Chair,Furniture Chair,1460,New,6,90.23,0.121,475.85,159.06,22,Retail
ORD-102818,19-04-2023,East,Electronics,Tablet,Electronics Tablet,4825,New,7,183.31,0.0905,1167,346.61,45,Retail
ORD-102819,20-06-2023,South,Furniture,Desk,Furniture Desk,3929,New,5,170.45,0.0406,817.63,265.24,35,Retail
ORD-102820,25-01-2023,North,Apparel,Jackets,Apparel Jackets,4574,Regular,7,139.27,0.0518,924.38,325.65,33,Retail
ORD-102821,24-12-2024,West,Furniture,Lighting,Furniture Lighting,2543,VIP,5,81.04,0.0108,400.81,108.9,59,Retail
ORD-102822,02-03-2022,East,Office Supplies,Binders,Office Supplies Binders,5370,New,1,68.42,0.1932,55.2,14.46,28,Wholesale
ORD-102823,11-04-2024,West,Office Supplies,Binders,Office Supplies Binders,2156,New,4,199.73,0.0713,741.93,222.97,64,Online
ORD-102824,05-02-2023,West,Apparel,Accessories,Apparel Accessories,1797,Regular,3,147.67,0.0711,411.53,160.31,44,Wholesale
ORD-102825,07-06-2024,South,Apparel,Accessories,Apparel Accessories,3480,Regular,6,185.88,0.0576,1051.01,244.26,42,Online
ORD-102826,14-03-2024,North,Office Supplies,Ink,Office Supplies Ink,4374,VIP,3,88.48,0.0985,239.29,87.18,59,Wholesale
ORD-102827,03-09-2024,Central,Electronics,Phone,Electronics Phone,2807,Regular,1,165.16,0.0209,161.71,37.07,28,Online
ORD-102828,18-05-2024,South,Electronics,Laptop,Electronics Laptop,5057,New,2,193.92,0.0119,383.23,121.3,48,Retail
ORD-102829,30-09-2022,East,Electronics,Accessories,Electronics Accessories,6669,At Risk,5,148.49,0.0411,711.96,163.8,22,Wholesale
ORD-102830,26-04-2024,Central,Electronics,Tablet,Electronics Tablet,5446,VIP,6,105.74,0.0882,578.48,199.15,68,Online
ORD-102831,27-06-2022,North,Office Supplies,Paper,Office Supplies Paper,3333,VIP,1,187.92,0.0343,181.48,38.12,40,Retail
ORD-102832,15-08-2024,South,Electronics,Laptop,Electronics Laptop,4564,New,6,54.03,0.1197,285.36,119.38,42,Retail
ORD-102833,11-12-2022,Central,Office Supplies,Binders,Office Supplies Binders,6076,New,3,171.64,0.0618,483.11,139.69,71,Wholesale
ORD-102834,10-12-2022,Central,Office Supplies,Ink,Office Supplies Ink,6799,Regular,3,27.42,0.0238,80.3,28.88,41,Wholesale
ORD-102835,11-02-2025,West,Office Supplies,Stationery,Office Supplies Stationery,2364,New,4,37.54,0.0505,142.57,49.08,41,Retail
ORD-102836,29-12-2023,West,Office Supplies,Stationery,Office Supplies Stationery,5283,At Risk,4,201.53,0.0626,755.63,205.2,64,Online
ORD-102837,13-09-2022,South,Office Supplies,Paper,Office Supplies Paper,5904,Regular,6,98.77,0.035,571.89,232.22,60,Online
ORD-102838,05-02-2022,Central,Apparel,Accessories,Apparel Accessories,2892,New,3,167.55,0.0356,484.76,200.73,59,Retail
ORD-102839,24-07-2024,West,Apparel,Accessories,Apparel Accessories,3058,Regular,3,155.9,0.0313,453.06,117.43,33,Retail
ORD-102840,18-09-2022,Central,Office Supplies,Binders,Office Supplies Binders,2570,VIP,1,161.37,0.0538,152.69,34.12,45,Wholesale
ORD-102841,27-11-2023,North,Furniture,Lighting,Furniture Lighting,3876,VIP,1,74.89,0.0449,71.53,16.91,56,Retail
ORD-102842,24-09-2023,South,Furniture,Chair,Furniture Chair,4527,Regular,1,93.45,0.0878,85.25,22.93,45,Wholesale
ORD-102843,09-03-2025,Central,Electronics,Phone,Electronics Phone,1624,Regular,6,104.27,0.0405,600.27,159.36,51,Online
ORD-102844,13-01-2024,North,Electronics,Tablet,Electronics Tablet,4886,Regular,2,211.61,0.0515,401.4,83.91,68,Retail
ORD-102845,16-07-2022,East,Apparel,Jackets,Apparel Jackets,6467,At Risk,1,122.6,0.1388,105.58,21.96,37,Retail
ORD-102846,04-12-2023,Central,Apparel,Jackets,Apparel Jackets,4981,Regular,6,215.37,0.0945,1170.17,363.94,30,Online
ORD-102847,24-08-2023,West,Office Supplies,Paper,Office Supplies Paper,6187,New,3,161.84,0.0454,463.46,130.95,56,Online
ORD-102848,09-01-2023,Central,Office Supplies,Ink,Office Supplies Ink,6912,New,3,86.55,0.0361,250.29,52.72,69,Wholesale
ORD-102849,26-10-2024,East,Electronics,Laptop,Electronics Laptop,5940,Regular,1,34.03,0.1725,28.16,6.27,33,Retail
ORD-102850,24-03-2022,West,Office Supplies,Ink,Office Supplies Ink,3934,New,2,104.38,0.0831,191.4,46.96,64,Retail
ORD-102851,28-11-2023,South,Electronics,Tablet,Electronics Tablet,5297,New,3,28.44,0.0256,83.14,28.78,71,Wholesale
ORD-102852,13-03-2022,Central,Furniture,Chair,Furniture Chair,5383,At Risk,3,33.62,0.0182,99.02,23.03,71,Wholesale
ORD-102853,19-06-2024,Central,Office Supplies,Ink,Office Supplies Ink,4701,New,7,193.04,0.1288,1177.27,442.46,36,Wholesale
ORD-102854,12-09-2022,South,Apparel,Jackets,Apparel Jackets,4683,VIP,6,33.86,0.1098,180.85,33.12,66,Online
ORD-102855,22-11-2024,Central,Electronics,Tablet,Electronics Tablet,3236,New,1,63.4,0.012,62.64,24.58,38,Wholesale
ORD-102856,12-08-2022,West,Furniture,Storage,Furniture Storage,3140,Regular,5,148.68,0.0358,716.77,297.36,42,Online
ORD-102857,09-09-2022,North,Electronics,Phone,Electronics Phone,4217,Regular,2,216.05,0.0839,395.84,159.41,31,Retail
ORD-102858,14-02-2025,South,Electronics,Phone,Electronics Phone,1933,Regular,4,167.05,0.0462,637.34,159.48,22,Online
ORD-102859,09-10-2022,West,Furniture,Lighting,Furniture Lighting,3757,Regular,2,35.62,0.0326,68.92,16.02,27,Online
ORD-102860,29-12-2023,North,Electronics,Tablet,Electronics Tablet,5020,Regular,3,158.03,0.0593,445.99,136.96,32,Retail
ORD-102861,24-07-2024,East,Furniture,Storage,Furniture Storage,2360,New,7,138.51,0.0852,886.96,292.23,71,Retail
ORD-102862,07-03-2025,West,Furniture,Storage,Furniture Storage,2178,VIP,6,219.47,0.0469,1255.12,346.07,23,Wholesale
ORD-102863,08-06-2023,East,Office Supplies,Paper,Office Supplies Paper,2511,At Risk,3,64.85,0.0909,176.87,49.71,66,Wholesale
ORD-102864,07-04-2024,North,Apparel,Jackets,Apparel Jackets,3028,New,3,170.01,0.0414,488.91,144.1,54,Retail
ORD-102865,27-01-2022,South,Electronics,Phone,Electronics Phone,4059,Regular,4,68.98,0.0471,262.92,100.34,23,Wholesale
ORD-102866,04-07-2023,Central,Apparel,Footwear,Apparel Footwear,6146,Regular,1,104.06,0.0325,100.67,34.07,35,Retail
ORD-102867,09-03-2023,West,Electronics,Tablet,Electronics Tablet,6448,VIP,2,22.26,0.0581,41.93,14.11,22,Wholesale
ORD-102868,06-08-2023,East,Furniture,Chair,Furniture Chair,6675,New,3,180.33,0.1022,485.69,177.12,71,Wholesale
ORD-102869,17-08-2022,East,Office Supplies,Binders,Office Supplies Binders,2082,New,3,191.66,0.0601,540.44,150.36,60,Retail
ORD-102870,01-04-2022,Central,Furniture,Desk,Furniture Desk,6698,New,2,140.76,0.0714,261.41,79.87,64,Online
ORD-102871,27-11-2024,North,Furniture,Lighting,Furniture Lighting,2224,Regular,4,185.61,0.0223,725.89,159.73,57,Retail
ORD-102872,30-11-2024,South,Apparel,Footwear,Apparel Footwear,1657,VIP,4,64.56,0.0048,256.99,52.06,23,Retail
ORD-102873,05-02-2025,Central,Office Supplies,Ink,Office Supplies Ink,4036,New,1,94.49,0.042,90.52,31.9,51,Retail
ORD-102874,16-09-2023,West,Office Supplies,Binders,Office Supplies Binders,2462,Regular,3,22.26,0.0582,62.89,22.91,28,Retail
ORD-102875,22-12-2023,West,Office Supplies,Stationery,Office Supplies Stationery,2315,Regular,3,215.34,0.0672,602.6,240.24,44,Retail
ORD-102876,07-01-2023,East,Furniture,Storage,Furniture Storage,2366,Regular,2,25.98,0.0769,47.96,12.39,54,Retail
ORD-102877,01-08-2023,Central,Apparel,Footwear,Apparel Footwear,2037,Regular,7,21.53,0.0382,144.95,43.94,46,Wholesale
ORD-102878,23-10-2024,East,Office Supplies,Ink,Office Supplies Ink,2887,New,7,213.11,0.0225,1458.15,597.53,71,Online
ORD-102879,02-11-2022,South,Office Supplies,Binders,Office Supplies Binders,4246,Regular,2,72.21,0.1293,125.75,43.24,21,Retail
ORD-102880,18-04-2024,East,Office Supplies,Binders,Office Supplies Binders,6794,VIP,3,192.8,0.1299,503.25,146.1,43,Retail
ORD-102881,25-07-2023,Central,Office Supplies,Stationery,Office Supplies Stationery,6726,Regular,2,54.54,0.0326,105.53,20,33,Online
ORD-102882,18-12-2022,East,Furniture,Chair,Furniture Chair,6942,Regular,3,160.79,0.0673,449.92,147.28,23,Wholesale
ORD-102883,29-05-2024,East,Electronics,Phone,Electronics Phone,5123,VIP,2,59.45,0.0389,114.27,33.04,65,Online
ORD-102884,17-06-2024,West,Apparel,Accessories,Apparel Accessories,5476,Regular,1,82.12,0.1415,70.5,17.06,67,Wholesale
ORD-102885,01-04-2024,South,Electronics,Accessories,Electronics Accessories,2269,Regular,6,131.24,0.0802,724.29,156.6,36,Retail
ORD-102886,20-01-2025,East,Furniture,Storage,Furniture Storage,2109,Regular,2,218.47,0.0268,425.22,117.39,61,Online
ORD-102887,20-07-2022,North,Furniture,Chair,Furniture Chair,2637,VIP,5,113.99,0.0325,551.41,158.93,33,Online
ORD-102888,18-06-2023,Central,Electronics,Tablet,Electronics Tablet,2975,New,2,31.79,0.0393,61.08,15.05,70,Retail
ORD-102889,27-03-2024,East,Electronics,Tablet,Electronics Tablet,1490,At Risk,2,183.97,0.0716,341.59,67.25,56,Online
ORD-102890,21-06-2023,East,Electronics,Accessories,Electronics Accessories,2052,At Risk,5,127.76,0.1283,556.82,130.32,41,Retail
ORD-102891,02-12-2023,Central,Furniture,Chair,Furniture Chair,5115,New,5,62.94,0.0991,283.52,65.24,64,Retail
ORD-102892,18-09-2024,East,Furniture,Chair,Furniture Chair,1747,At Risk,2,118.02,0.0644,220.85,85.18,45,Retail
ORD-102893,26-06-2022,West,Apparel,Footwear,Apparel Footwear,5748,At Risk,6,98.22,0.0614,553.16,223.46,68,Wholesale
ORD-102894,26-12-2022,South,Apparel,Accessories,Apparel Accessories,2440,Regular,4,74.76,0.0927,271.33,57.53,62,Retail
ORD-102895,22-07-2024,South,Office Supplies,Paper,Office Supplies Paper,2209,Regular,1,134.65,0.0677,125.53,25.49,41,Online
ORD-102896,06-12-2024,East,Electronics,Laptop,Electronics Laptop,6739,Regular,6,185.64,0.048,1060.35,441.16,29,Wholesale
ORD-102897,10-02-2024,Central,Apparel,Jackets,Apparel Jackets,4088,Regular,7,111.7,0.0313,757.4,193.02,67,Retail
ORD-102898,03-11-2023,North,Office Supplies,Paper,Office Supplies Paper,3536,VIP,4,108.42,0.0394,416.6,101.35,50,Wholesale
ORD-102899,08-09-2023,South,Furniture,Lighting,Furniture Lighting,5428,At Risk,1,135.23,0.1076,120.69,24.17,25,Online
ORD-102900,02-08-2022,South,Apparel,Footwear,Apparel Footwear,2655,At Risk,4,99.22,0.0282,385.7,104.53,60,Online
ORD-102901,26-09-2022,East,Furniture,Lighting,Furniture Lighting,6903,VIP,3,25.8,0.0879,70.59,23.94,35,Retail
ORD-102902,16-12-2024,Central,Furniture,Desk,Furniture Desk,5001,Regular,3,63.42,0.0589,179.05,37.47,48,Wholesale
ORD-102903,17-12-2023,North,Electronics,Accessories,Electronics Accessories,3558,VIP,5,115.84,0.0972,522.93,118.5,63,Online
ORD-102904,27-07-2023,North,Electronics,Phone,Electronics Phone,5968,At Risk,3,128.67,0.0497,366.81,109.51,69,Wholesale
ORD-102905,26-09-2024,Central,Electronics,Laptop,Electronics Laptop,3244,VIP,6,212.73,0.0377,1228.2,253.77,69,Online
ORD-102906,20-07-2022,West,Electronics,Phone,Electronics Phone,1305,Regular,1,123.88,0.0973,111.83,21.07,35,Online
ORD-102907,23-09-2023,Central,Furniture,Chair,Furniture Chair,5154,New,7,211.38,0.0441,1414.43,464.16,28,Online
ORD-102908,21-05-2024,East,Office Supplies,Stationery,Office Supplies Stationery,2564,New,3,142.31,0.0874,389.6,138.57,61,Retail
ORD-102909,28-11-2022,North,Electronics,Laptop,Electronics Laptop,1395,Regular,7,29.01,0.1129,180.15,74.08,40,Wholesale
ORD-102910,29-07-2023,East,Office Supplies,Paper,Office Supplies Paper,6207,VIP,5,185.92,0.1326,806.31,202.74,39,Online
ORD-102911,26-05-2024,East,Electronics,Laptop,Electronics Laptop,6407,New,4,35.72,0.0725,132.52,25.76,36,Retail
ORD-102912,29-10-2023,East,Furniture,Desk,Furniture Desk,1146,New,3,25.45,0.0481,72.68,28.35,32,Online
ORD-102913,13-06-2024,East,Apparel,Footwear,Apparel Footwear,6224,VIP,2,45.18,0.071,83.95,17.68,33,Wholesale
ORD-102914,06-10-2022,North,Furniture,Desk,Furniture Desk,4561,New,6,49.55,0.0571,280.33,95.62,53,Online
ORD-102915,30-10-2023,West,Electronics,Phone,Electronics Phone,3583,VIP,4,176.26,0.0222,689.38,126.58,70,Retail
ORD-102916,23-09-2022,North,Electronics,Laptop,Electronics Laptop,1022,At Risk,6,81.4,0.0556,461.22,175.69,38,Retail
ORD-102917,13-10-2024,West,Apparel,Footwear,Apparel Footwear,6310,New,2,58.51,0.032,113.28,41.19,35,Retail
ORD-102918,08-03-2023,South,Apparel,Footwear,Apparel Footwear,5973,New,6,22.44,0.0854,123.14,31.58,53,Online
ORD-102919,04-01-2022,North,Electronics,Tablet,Electronics Tablet,3741,VIP,4,52.39,0.121,184.2,37.62,22,Wholesale
ORD-102920,14-06-2023,North,Furniture,Desk,Furniture Desk,2861,VIP,5,36.5,0.0809,167.73,66,49,Retail
ORD-102921,06-02-2022,South,Office Supplies,Binders,Office Supplies Binders,2280,At Risk,7,85.17,0.1023,535.19,219.74,45,Wholesale
ORD-102922,07-05-2023,North,Office Supplies,Paper,Office Supplies Paper,6704,Regular,3,33.79,0.1265,88.55,21.9,59,Wholesale
ORD-102923,24-12-2024,South,Apparel,Jackets,Apparel Jackets,3078,New,3,170.96,0.0127,506.37,112.87,28,Online
ORD-102924,22-03-2024,South,Apparel,Accessories,Apparel Accessories,4644,New,4,107.33,0.0491,408.24,79.16,40,Wholesale
ORD-102925,21-06-2024,North,Apparel,Footwear,Apparel Footwear,2247,New,6,28.24,0.0502,160.94,31.93,65,Retail
ORD-102926,19-01-2022,North,Office Supplies,Stationery,Office Supplies Stationery,5543,Regular,1,127.33,0.129,110.91,41.31,68,Wholesale
ORD-102927,14-05-2023,East,Furniture,Chair,Furniture Chair,4269,VIP,1,157.36,0.0433,150.55,38.54,62,Wholesale
ORD-102928,27-07-2024,North,Apparel,Shirts,Apparel Shirts,2526,VIP,5,86.07,0.1114,382.4,142.49,49,Online
ORD-102929,17-03-2024,Central,Furniture,Desk,Furniture Desk,6816,VIP,5,60.13,0.0836,275.51,58.41,38,Retail
ORD-102930,10-07-2024,North,Office Supplies,Ink,Office Supplies Ink,5944,New,4,190.11,0.0825,697.74,222.61,44,Wholesale
ORD-102931,04-02-2024,East,Apparel,Accessories,Apparel Accessories,2487,New,6,179.2,0.0036,1071.28,298.97,34,Wholesale
ORD-102932,12-11-2023,North,Apparel,Shirts,Apparel Shirts,6054,At Risk,7,193.28,0.0125,1336.08,264.37,32,Online
ORD-102933,29-11-2022,South,Electronics,Laptop,Electronics Laptop,1846,Regular,3,83.15,0.0061,247.92,87.23,47,Wholesale
ORD-102934,27-05-2024,East,Apparel,Jackets,Apparel Jackets,2309,New,5,147.49,0.0848,674.89,205.11,69,Wholesale
ORD-102935,13-08-2022,North,Office Supplies,Stationery,Office Supplies Stationery,2326,Regular,7,72.85,0.0339,492.67,161.67,22,Online
ORD-102936,12-11-2024,North,Electronics,Tablet,Electronics Tablet,6618,New,6,29.43,0.0571,166.5,45.46,42,Retail
ORD-102937,16-02-2025,North,Apparel,Footwear,Apparel Footwear,5104,New,3,50.94,0.0801,140.57,42.41,29,Wholesale
ORD-102938,13-07-2022,South,Apparel,Shirts,Apparel Shirts,4576,New,4,86.66,0.0519,328.65,110.69,25,Wholesale
ORD-102939,03-10-2024,West,Apparel,Shirts,Apparel Shirts,4208,Regular,5,63.18,0.1058,282.49,114.7,42,Retail
ORD-102940,27-12-2023,West,Furniture,Desk,Furniture Desk,1556,VIP,2,71.88,0.1,129.38,46,43,Retail
ORD-102941,29-08-2022,North,Furniture,Lighting,Furniture Lighting,2082,Regular,1,210.43,0.0186,206.52,81.21,24,Wholesale
ORD-102942,17-11-2022,East,Office Supplies,Stationery,Office Supplies Stationery,1029,VIP,6,95.49,0.071,532.28,192.83,57,Online
ORD-102943,15-02-2025,North,Electronics,Accessories,Electronics Accessories,6842,New,7,104.13,0.1036,653.37,217.99,23,Retail
ORD-102944,16-09-2024,South,Electronics,Tablet,Electronics Tablet,5120,Regular,5,135.03,0.1203,593.93,238.06,65,Wholesale
ORD-102945,07-07-2023,East,Office Supplies,Binders,Office Supplies Binders,2891,New,6,152.97,0.0243,895.52,227.01,44,Retail
ORD-102946,16-05-2022,West,Electronics,Accessories,Electronics Accessories,4550,New,7,206.64,0.0601,1359.55,289.66,64,Wholesale
ORD-102947,27-03-2024,North,Office Supplies,Ink,Office Supplies Ink,6018,New,6,50.17,0.0492,286.2,100.21,25,Wholesale
ORD-102948,31-03-2023,South,Furniture,Storage,Furniture Storage,4516,Regular,5,158.33,0.0271,770.18,307.45,60,Online
ORD-102949,12-06-2024,South,Electronics,Laptop,Electronics Laptop,3745,New,5,162.37,0.0213,794.59,326.26,55,Online
ORD-102950,15-03-2024,Central,Electronics,Laptop,Electronics Laptop,2506,Regular,5,94.23,0.1744,388.99,147.96,22,Retail
ORD-102951,07-02-2022,North,Furniture,Lighting,Furniture Lighting,4742,Regular,4,175.72,0.1108,625.01,251,25,Retail
ORD-102952,08-06-2023,South,Furniture,Storage,Furniture Storage,6063,Regular,1,187.38,0.0627,175.63,41.87,44,Wholesale
ORD-102953,02-06-2023,South,Office Supplies,Ink,Office Supplies Ink,6166,VIP,6,59.56,0.0283,347.24,125.99,44,Online
ORD-102954,20-02-2025,North,Apparel,Accessories,Apparel Accessories,3457,New,2,46.27,0.0149,91.17,33.39,61,Retail
ORD-102955,23-01-2025,South,Apparel,Footwear,Apparel Footwear,1230,Regular,1,175.19,0.0388,168.39,50.6,47,Wholesale
ORD-102956,19-05-2022,South,Apparel,Footwear,Apparel Footwear,3241,New,3,98.18,0.0515,279.36,97.07,55,Retail
ORD-102957,09-06-2023,East,Apparel,Jackets,Apparel Jackets,4819,Regular,5,108.89,0.1301,473.62,169.38,42,Online
ORD-102958,18-09-2022,West,Furniture,Lighting,Furniture Lighting,3394,New,5,131.02,0.0564,618.14,153.12,33,Retail
ORD-102959,16-11-2022,West,Furniture,Lighting,Furniture Lighting,5005,VIP,1,156.05,0.1293,135.88,38.61,41,Retail
ORD-102960,24-01-2025,North,Furniture,Desk,Furniture Desk,3750,New,5,118.73,0.1204,522.17,152.86,66,Online
ORD-102961,25-01-2023,East,Apparel,Accessories,Apparel Accessories,1772,New,6,118.95,0.1619,598.17,150.27,27,Wholesale
ORD-102962,10-11-2024,West,Apparel,Footwear,Apparel Footwear,6472,New,6,192.22,0.0916,1047.63,389.41,58,Retail
ORD-102963,15-05-2023,Central,Electronics,Tablet,Electronics Tablet,5222,VIP,1,117.26,0.112,104.13,38.82,60,Wholesale
ORD-102964,21-11-2024,West,Apparel,Footwear,Apparel Footwear,2911,Regular,3,140.08,0.0401,403.41,118.37,42,Online
ORD-102965,15-02-2022,North,Apparel,Footwear,Apparel Footwear,1481,At Risk,5,191.86,0.0216,938.56,347.8,49,Online
ORD-102966,11-04-2024,South,Electronics,Phone,Electronics Phone,3524,Regular,4,32.11,0.0409,123.18,51.15,56,Retail
ORD-102967,01-10-2024,North,Office Supplies,Ink,Office Supplies Ink,5675,At Risk,7,138.78,0.0952,878.97,277.03,67,Wholesale
ORD-102968,10-05-2024,South,Office Supplies,Paper,Office Supplies Paper,5196,At Risk,3,71.08,0.0428,204.12,78.02,70,Online
ORD-102969,15-06-2024,East,Apparel,Accessories,Apparel Accessories,2192,At Risk,3,112.31,0.0633,315.6,74.69,37,Retail
ORD-102970,08-06-2022,North,Office Supplies,Paper,Office Supplies Paper,5481,At Risk,1,185.77,0.0564,175.3,66.16,28,Wholesale
ORD-102971,14-02-2024,Central,Electronics,Phone,Electronics Phone,3438,New,4,218.85,0.0479,833.43,182.46,41,Online
ORD-102972,29-01-2024,West,Furniture,Lighting,Furniture Lighting,5827,New,3,189.18,0.0513,538.45,154.57,40,Wholesale
ORD-102973,01-01-2022,North,Electronics,Tablet,Electronics Tablet,1272,New,5,72.08,0.0603,338.67,136.51,54,Retail
ORD-102974,04-08-2023,South,Apparel,Shirts,Apparel Shirts,2121,New,2,171.62,0.0581,323.31,59.62,58,Online
ORD-102975,20-02-2022,South,Apparel,Footwear,Apparel Footwear,5144,Regular,5,104.97,0.2173,410.77,126.02,62,Wholesale
ORD-102976,19-12-2022,West,Furniture,Storage,Furniture Storage,1566,Regular,2,187.65,0.0377,361.16,112.84,64,Online
ORD-102977,28-02-2024,East,Furniture,Storage,Furniture Storage,3153,VIP,3,183.85,0.0387,530.23,151.11,27,Wholesale
ORD-102978,10-04-2022,South,Apparel,Footwear,Apparel Footwear,6390,Regular,7,65.41,0.0341,442.24,86.06,32,Wholesale
ORD-102979,02-09-2024,West,Electronics,Tablet,Electronics Tablet,5722,New,6,91.05,0.0688,508.71,92.05,55,Wholesale
ORD-102980,01-02-2025,North,Electronics,Laptop,Electronics Laptop,1010,Regular,1,208.98,0.0674,194.9,74.17,58,Online
ORD-102981,28-06-2022,West,Office Supplies,Stationery,Office Supplies Stationery,1964,VIP,6,24.39,0.0649,136.84,49.12,30,Wholesale
ORD-102982,27-09-2023,South,Apparel,Accessories,Apparel Accessories,4966,New,4,48.32,0.0868,176.51,36.48,31,Wholesale
ORD-102983,01-01-2024,Central,Apparel,Jackets,Apparel Jackets,1222,VIP,4,107.42,0.064,402.17,137.55,30,Wholesale
ORD-102984,19-09-2022,North,Electronics,Phone,Electronics Phone,2150,VIP,3,77.31,0.0903,210.99,64.93,60,Online
ORD-102985,09-11-2024,North,Apparel,Shirts,Apparel Shirts,3634,Regular,3,51.06,0.0876,139.76,49.21,27,Online
ORD-102986,14-07-2022,North,Office Supplies,Paper,Office Supplies Paper,3701,New,1,111.64,0.1091,99.45,38.85,50,Online
ORD-102987,07-03-2024,West,Apparel,Accessories,Apparel Accessories,3431,New,6,118.49,0.053,673.28,202.98,28,Retail
ORD-102988,21-08-2023,North,Apparel,Shirts,Apparel Shirts,2486,Regular,2,46.27,0.0291,89.85,31.31,55,Online
ORD-102989,27-01-2023,North,Electronics,Accessories,Electronics Accessories,2085,Regular,7,42.41,0.1094,264.39,71.15,46,Online
ORD-102990,13-10-2023,North,Furniture,Lighting,Furniture Lighting,6435,Regular,6,186.51,0.0647,1046.67,308.4,60,Wholesale
ORD-102991,06-01-2022,South,Office Supplies,Paper,Office Supplies Paper,1602,New,4,53.53,0.0444,204.62,40.87,56,Wholesale
ORD-102992,01-11-2022,West,Electronics,Accessories,Electronics Accessories,2122,Regular,4,59.51,0.0385,228.88,90.01,27,Retail
ORD-102993,21-07-2023,East,Furniture,Desk,Furniture Desk,3388,Regular,2,170.73,0.0133,336.9,140.48,67,Retail
ORD-102994,31-12-2023,West,Electronics,Phone,Electronics Phone,3446,VIP,1,116.11,0.0806,106.75,39.83,40,Wholesale
ORD-102995,01-06-2022,East,Apparel,Shirts,Apparel Shirts,5052,VIP,4,94.15,0.0977,339.79,75.6,28,Wholesale
ORD-102996,29-11-2022,South,Apparel,Jackets,Apparel Jackets,4661,New,7,35.24,0.0492,234.53,71.76,61,Online
ORD-102997,24-10-2023,North,Furniture,Chair,Furniture Chair,4244,VIP,6,205.03,0.0193,1206.41,343.95,44,Wholesale
ORD-102998,12-03-2022,East,Apparel,Shirts,Apparel Shirts,3948,Regular,7,190.02,0.0693,1238.02,372.38,49,Online
ORD-102999,12-09-2024,East,Electronics,Tablet,Electronics Tablet,6976,Regular,1,171.2,0.051,162.47,47.56,43,Wholesale
ORD-103000,17-09-2023,West,Apparel,Jackets,Apparel Jackets,3029,New,5,118.88,0.0669,554.66,203.55,69,Retail
ORD-103001,02-10-2023,Central,Electronics,Phone,Electronics Phone,3690,VIP,7,80.48,0.0566,531.5,178.11,48,Online
ORD-103002,15-07-2022,East,Apparel,Footwear,Apparel Footwear,6989,VIP,3,89.32,0.0587,252.24,104.3,69,Retail
ORD-103003,18-09-2024,West,Apparel,Footwear,Apparel Footwear,5936,Regular,4,52.48,0.1342,181.74,73.97,58,Online
ORD-103004,08-08-2023,Central,Furniture,Desk,Furniture Desk,1675,Regular,5,70.28,0.0637,329.01,111.48,61,Retail
ORD-103005,02-11-2024,North,Office Supplies,Binders,Office Supplies Binders,6705,New,3,202.72,0.0424,582.39,110.72,48,Wholesale
ORD-103006,26-10-2022,East,Apparel,Shirts,Apparel Shirts,4235,Regular,3,109.12,0.1092,291.62,96.03,38,Retail
ORD-103007,30-03-2025,Central,Apparel,Jackets,Apparel Jackets,4247,At Risk,1,28.36,0.0786,26.13,6.74,31,Retail
ORD-103008,24-01-2025,East,Office Supplies,Ink,Office Supplies Ink,1288,Regular,3,128.01,0.0237,374.92,132.62,62,Retail
ORD-103009,02-07-2022,Central,Office Supplies,Paper,Office Supplies Paper,1278,Regular,1,170.98,0.0629,160.23,40.99,48,Wholesale
ORD-103010,16-01-2025,Central,Office Supplies,Ink,Office Supplies Ink,4310,Regular,4,102.7,0.0224,401.61,154.2,37,Online
ORD-103011,03-05-2022,South,Electronics,Tablet,Electronics Tablet,2438,Regular,7,172.52,0.061,1134.01,440.19,57,Wholesale
ORD-103012,08-12-2022,South,Office Supplies,Binders,Office Supplies Binders,2863,Regular,7,206.64,0.0481,1376.91,413.12,39,Wholesale
ORD-103013,14-02-2023,South,Furniture,Desk,Furniture Desk,3004,At Risk,7,191.9,0.0144,1323.91,258.62,26,Online
ORD-103014,09-03-2023,North,Office Supplies,Binders,Office Supplies Binders,4491,New,7,210.51,0.0896,1341.51,458.02,63,Wholesale
ORD-103015,04-11-2023,South,Electronics,Tablet,Electronics Tablet,1720,Regular,7,111.1,0.081,714.71,158.79,69,Retail
ORD-103016,25-05-2023,West,Electronics,Phone,Electronics Phone,6553,New,5,196.59,0.0392,944.39,336.53,55,Retail
ORD-103017,19-10-2024,South,Office Supplies,Binders,Office Supplies Binders,3453,VIP,4,142.07,0.0331,549.46,132.12,65,Online
ORD-103018,21-05-2024,West,Furniture,Storage,Furniture Storage,6895,Regular,6,80.42,0.1345,417.63,99.02,61,Online
ORD-103019,29-08-2022,North,Office Supplies,Ink,Office Supplies Ink,2598,New,3,155.68,0.0711,433.83,126.14,67,Retail
ORD-103020,06-08-2023,Central,Electronics,Laptop,Electronics Laptop,5629,VIP,3,88.1,0.1073,235.95,84.96,53,Online
ORD-103021,14-11-2022,North,Furniture,Lighting,Furniture Lighting,3789,Regular,3,153.46,0.0442,440.05,103.09,40,Online
ORD-103022,27-04-2022,East,Apparel,Accessories,Apparel Accessories,2681,Regular,5,138.39,0.0574,652.21,123.22,26,Wholesale
ORD-103023,15-09-2022,East,Furniture,Chair,Furniture Chair,3610,Regular,6,208.63,0.0581,1179,422.13,64,Retail
ORD-103024,14-10-2023,West,Apparel,Jackets,Apparel Jackets,2236,Regular,2,209.95,0.0867,383.51,148.78,33,Retail
ORD-103025,05-05-2024,Central,Apparel,Jackets,Apparel Jackets,5618,Regular,7,164.14,0.0634,1076.13,402.81,63,Online
ORD-103026,24-08-2022,Central,Electronics,Accessories,Electronics Accessories,6228,VIP,3,160.11,0.1187,423.29,84.38,44,Retail
ORD-103027,27-05-2022,Central,Furniture,Chair,Furniture Chair,2579,Regular,7,112.59,0.0571,743.13,226.93,50,Wholesale
ORD-103028,20-02-2022,North,Furniture,Desk,Furniture Desk,1286,VIP,5,99.01,0.0513,469.63,159.33,37,Retail
ORD-103029,01-02-2025,Central,Apparel,Accessories,Apparel Accessories,2720,Regular,2,179.7,0.0631,336.73,62.03,62,Wholesale
ORD-103030,13-03-2024,Central,Furniture,Desk,Furniture Desk,4923,At Risk,3,169,0.0394,487.01,100.65,54,Wholesale
ORD-103031,20-04-2022,Central,Office Supplies,Paper,Office Supplies Paper,3272,New,3,146.59,0.0582,414.15,144.61,39,Online
ORD-103032,05-08-2022,East,Furniture,Desk,Furniture Desk,3393,New,2,128.28,0.0351,247.55,70.24,70,Retail
ORD-103033,05-05-2024,East,Apparel,Accessories,Apparel Accessories,6802,Regular,6,27.24,0.0922,148.36,32.05,59,Wholesale
ORD-103034,28-09-2024,West,Furniture,Chair,Furniture Chair,4740,New,7,62.69,0.0737,406.51,140.56,29,Wholesale
ORD-103035,27-11-2024,South,Office Supplies,Binders,Office Supplies Binders,6590,New,1,33.19,0.0182,32.59,10.51,45,Wholesale
ORD-103036,30-10-2023,West,Electronics,Accessories,Electronics Accessories,1108,New,5,157.79,0.1673,656.92,239.8,67,Retail
ORD-103037,07-06-2023,North,Electronics,Phone,Electronics Phone,5673,New,4,69.43,0.0392,266.84,103.9,27,Retail
ORD-103038,15-04-2023,South,Electronics,Phone,Electronics Phone,1717,Regular,2,107.42,0.0478,204.58,66.37,21,Wholesale
ORD-103039,09-12-2024,Central,Apparel,Shirts,Apparel Shirts,3088,At Risk,1,121.08,0.1256,105.87,25.33,51,Wholesale
ORD-103040,02-11-2024,North,Furniture,Desk,Furniture Desk,2031,At Risk,5,170.85,0.1213,750.59,196.92,32,Wholesale
ORD-103041,20-04-2023,South,Apparel,Shirts,Apparel Shirts,1396,New,1,74.76,0.0135,73.75,19.32,69,Retail
ORD-103042,08-01-2024,East,Apparel,Jackets,Apparel Jackets,5617,New,3,200.82,0.0678,561.6,134.49,45,Wholesale
ORD-103043,19-09-2024,North,Electronics,Accessories,Electronics Accessories,5042,Regular,1,181.02,0.149,154.04,31.87,34,Retail
ORD-103044,23-03-2025,East,Apparel,Accessories,Apparel Accessories,5633,Regular,6,69.94,0.1334,363.65,74.58,33,Retail
ORD-103045,01-08-2024,Central,Electronics,Phone,Electronics Phone,3578,Regular,2,135.78,0.0447,259.43,82.22,70,Wholesale
ORD-103046,18-11-2022,North,Electronics,Phone,Electronics Phone,4590,VIP,3,215.6,0.052,613.14,171.02,36,Online
ORD-103047,12-12-2022,South,Electronics,Tablet,Electronics Tablet,1498,Regular,3,37.77,0.081,104.13,43.04,61,Wholesale
ORD-103048,06-10-2023,North,Apparel,Footwear,Apparel Footwear,5710,Regular,4,130.22,0.049,495.36,143.41,27,Wholesale
ORD-103049,20-02-2024,West,Office Supplies,Stationery,Office Supplies Stationery,6781,New,1,87.12,0.091,79.19,15.04,39,Online
ORD-103050,29-07-2022,West,Electronics,Accessories,Electronics Accessories,4248,At Risk,3,33.43,0.0391,96.37,32.55,55,Online
ORD-103051,08-04-2025,South,Electronics,Accessories,Electronics Accessories,1886,Regular,5,63.41,0.0264,308.67,72.45,38,Retail
ORD-103052,02-07-2023,South,Electronics,Laptop,Electronics Laptop,6822,New,6,140.97,0.167,704.55,188.53,39,Online
ORD-103053,28-11-2022,East,Office Supplies,Paper,Office Supplies Paper,3075,New,5,170.2,0.0238,830.75,253.64,56,Wholesale
ORD-103054,20-08-2023,East,Office Supplies,Ink,Office Supplies Ink,6769,Regular,3,192.46,0.0593,543.13,139.29,22,Wholesale
ORD-103055,30-03-2024,West,Apparel,Accessories,Apparel Accessories,1192,VIP,4,206.03,0.089,750.76,236.69,65,Online
ORD-103056,12-03-2024,West,Electronics,Tablet,Electronics Tablet,2757,VIP,7,126.7,0.1171,783.02,307.39,52,Retail
ORD-103057,26-08-2023,South,Office Supplies,Stationery,Office Supplies Stationery,5733,VIP,1,126.11,0.0134,124.42,37.61,61,Online
ORD-103058,07-10-2023,East,Furniture,Lighting,Furniture Lighting,1894,Regular,3,172.45,0.0782,476.91,94.29,56,Wholesale
ORD-103059,26-06-2023,Central,Office Supplies,Stationery,Office Supplies Stationery,2956,At Risk,4,104.58,0.1059,374,129.76,22,Online
ORD-103060,09-11-2024,West,Electronics,Accessories,Electronics Accessories,4055,New,3,201.19,0.0935,547.14,216.84,26,Retail
ORD-103061,11-01-2022,East,Office Supplies,Ink,Office Supplies Ink,3476,New,1,164.78,0.0729,152.76,49.41,59,Retail
ORD-103062,24-04-2023,South,Office Supplies,Ink,Office Supplies Ink,5177,New,1,200.75,0.0525,190.21,69.7,66,Online
ORD-103063,07-11-2024,North,Furniture,Storage,Furniture Storage,5259,At Risk,6,81.81,0.1381,423.06,134.16,24,Retail
ORD-103064,30-04-2024,West,Office Supplies,Binders,Office Supplies Binders,2731,New,1,159.97,0.0917,145.3,54.06,71,Online
ORD-103065,29-05-2023,North,Office Supplies,Paper,Office Supplies Paper,1192,VIP,7,82.59,0.0595,543.71,168.53,52,Online
ORD-103066,01-08-2022,West,Furniture,Lighting,Furniture Lighting,1781,At Risk,2,145.48,0.0287,282.62,92.95,25,Online
ORD-103067,28-11-2022,South,Furniture,Desk,Furniture Desk,6528,Regular,2,100.73,0.0241,196.6,52.62,22,Wholesale
ORD-103068,08-09-2022,North,Office Supplies,Ink,Office Supplies Ink,4426,New,1,23.86,0.0703,22.18,5.06,64,Online
ORD-103069,12-07-2022,East,Office Supplies,Stationery,Office Supplies Stationery,6573,New,2,177.68,0.0701,330.45,92.35,36,Retail
ORD-103070,29-04-2022,West,Office Supplies,Stationery,Office Supplies Stationery,1861,At Risk,3,208.32,0.0123,617.26,198.64,62,Retail
ORD-103071,27-09-2023,North,Apparel,Shirts,Apparel Shirts,2956,Regular,3,150.22,0.1025,404.45,94.88,37,Retail
ORD-103072,28-09-2024,North,Electronics,Accessories,Electronics Accessories,2043,New,4,33.71,0.0676,125.73,29.73,62,Wholesale
ORD-103073,28-03-2024,East,Office Supplies,Ink,Office Supplies Ink,4391,Regular,5,32.39,0.0537,153.26,35.92,25,Online
ORD-103074,01-06-2022,South,Apparel,Accessories,Apparel Accessories,6037,Regular,4,20.77,0.0158,81.77,18.07,32,Retail
ORD-103075,03-10-2022,West,Apparel,Footwear,Apparel Footwear,1068,New,2,22.93,0.0571,43.24,9.24,61,Wholesale
ORD-103076,31-05-2024,South,Furniture,Lighting,Furniture Lighting,3263,Regular,6,145.27,0.0309,844.65,258.14,50,Retail
ORD-103077,13-05-2022,North,Office Supplies,Stationery,Office Supplies Stationery,1498,Regular,6,66.83,0.0552,378.83,115.63,32,Wholesale
ORD-103078,10-06-2022,West,Apparel,Accessories,Apparel Accessories,2967,VIP,7,75.61,0.0022,528.08,206.41,46,Retail
ORD-103079,29-04-2023,South,Office Supplies,Ink,Office Supplies Ink,6104,Regular,2,97.55,0.0144,192.29,62,34,Retail
ORD-103080,05-01-2022,North,Apparel,Accessories,Apparel Accessories,6158,New,3,116.17,0.0774,321.53,97.75,63,Online
ORD-103081,06-12-2024,Central,Apparel,Jackets,Apparel Jackets,4758,Regular,3,107.93,0.0274,314.93,118.25,38,Retail
ORD-103082,18-09-2022,East,Apparel,Footwear,Apparel Footwear,2230,At Risk,2,52.02,0.0954,94.11,23.9,66,Wholesale
ORD-103083,08-04-2023,Central,Electronics,Tablet,Electronics Tablet,3882,Regular,2,102.08,0.0666,190.57,55.96,27,Retail
ORD-103084,05-12-2024,South,Electronics,Phone,Electronics Phone,6525,New,6,63.45,0.1314,330.67,134.05,36,Online
ORD-103085,25-01-2022,North,Office Supplies,Ink,Office Supplies Ink,5449,Regular,1,114.17,0.0544,107.96,29.71,34,Wholesale
ORD-103086,29-01-2024,West,Furniture,Chair,Furniture Chair,6581,New,2,140.6,0.1514,238.63,60.54,37,Retail
ORD-103087,16-01-2023,South,Furniture,Storage,Furniture Storage,1852,Regular,3,43.88,0.0628,123.37,24.21,35,Wholesale
ORD-103088,14-12-2024,South,Office Supplies,Ink,Office Supplies Ink,4561,At Risk,2,179.2,0.1025,321.66,65.98,56,Wholesale
ORD-103089,19-07-2024,South,Furniture,Storage,Furniture Storage,6239,At Risk,4,82.34,0.0463,314.1,105.79,26,Wholesale
ORD-103090,04-06-2022,West,Furniture,Desk,Furniture Desk,4537,VIP,7,201.12,0.0294,1366.51,359.93,67,Online
ORD-103091,01-02-2022,South,Office Supplies,Ink,Office Supplies Ink,2009,At Risk,3,94.85,0.0332,275.09,114.62,29,Wholesale
ORD-103092,10-06-2024,South,Furniture,Lighting,Furniture Lighting,1598,VIP,4,67.02,0.0518,254.18,79.77,42,Online
ORD-103093,26-02-2022,North,Electronics,Phone,Electronics Phone,1678,At Risk,2,103.12,0.088,188.09,62.09,59,Retail
ORD-103094,10-09-2024,North,Apparel,Jackets,Apparel Jackets,5500,New,4,178.51,0.035,689.03,172.47,47,Wholesale
ORD-103095,28-04-2022,Central,Apparel,Footwear,Apparel Footwear,1775,Regular,1,70.32,0.102,63.15,20.67,41,Retail
ORD-103096,27-04-2022,Central,Apparel,Accessories,Apparel Accessories,5182,Regular,3,162.34,0.1343,421.62,91.08,40,Wholesale
ORD-103097,12-10-2022,Central,Apparel,Footwear,Apparel Footwear,2513,At Risk,4,185.49,0.0435,709.68,149.87,64,Wholesale
ORD-103098,12-10-2023,Central,Apparel,Footwear,Apparel Footwear,2406,New,2,214.83,0.0414,411.86,82.17,64,Online
ORD-103099,14-12-2024,West,Electronics,Tablet,Electronics Tablet,2359,New,5,127.46,0.1022,572.15,174.28,48,Retail
ORD-103100,06-11-2024,Central,Electronics,Phone,Electronics Phone,6006,Regular,1,212.75,0.0078,211.09,43.24,41,Online
ORD-103101,14-01-2025,Central,Electronics,Laptop,Electronics Laptop,5205,VIP,2,172.66,0.0725,320.3,103.14,45,Wholesale
ORD-103102,17-03-2025,South,Apparel,Accessories,Apparel Accessories,2396,VIP,2,66.13,0.1088,117.86,34.85,56,Wholesale
ORD-103103,02-02-2024,South,Electronics,Accessories,Electronics Accessories,4334,New,6,160.2,0.0312,931.25,367.65,67,Wholesale
ORD-103104,10-04-2022,Central,Office Supplies,Ink,Office Supplies Ink,2979,Regular,1,72.49,0.0576,68.32,22.49,67,Wholesale
ORD-103105,27-03-2023,South,Apparel,Footwear,Apparel Footwear,2660,Regular,1,76.84,0.0335,74.27,15.51,32,Retail
ORD-103106,05-07-2022,South,Electronics,Tablet,Electronics Tablet,4908,VIP,1,209,0.0611,196.23,43.71,57,Wholesale
ORD-103107,29-08-2023,South,Apparel,Accessories,Apparel Accessories,1032,Regular,7,49.72,0.0349,335.9,125.02,60,Wholesale
ORD-103108,03-06-2023,North,Electronics,Laptop,Electronics Laptop,4486,Regular,4,219.81,0.0465,838.34,228.81,53,Online
ORD-103109,28-05-2023,Central,Furniture,Chair,Furniture Chair,1893,VIP,4,193.11,0.0679,719.98,145.21,33,Retail
ORD-103110,09-06-2022,West,Apparel,Footwear,Apparel Footwear,6195,New,7,121.13,0.0219,829.36,340.77,64,Retail
ORD-103111,10-02-2025,Central,Furniture,Lighting,Furniture Lighting,1845,Regular,2,213.06,0.0374,410.17,166.9,32,Online
ORD-103112,13-07-2024,Central,Apparel,Footwear,Apparel Footwear,6320,Regular,1,204.54,0.0252,199.38,42.11,25,Wholesale
ORD-103113,12-03-2022,South,Apparel,Jackets,Apparel Jackets,6695,VIP,1,141.58,0.1163,125.11,30.89,53,Retail
ORD-103114,19-08-2024,East,Apparel,Footwear,Apparel Footwear,6032,At Risk,3,138.78,0.0529,394.33,114.08,60,Online
ORD-103115,13-01-2022,South,Apparel,Footwear,Apparel Footwear,6970,Regular,2,179.01,0.0585,337.09,125.27,65,Wholesale
ORD-103116,08-11-2022,East,Furniture,Lighting,Furniture Lighting,4288,New,2,78.3,0.0407,150.23,39.41,33,Online
ORD-103117,18-01-2024,North,Furniture,Chair,Furniture Chair,6501,New,5,76.34,0.044,364.9,80.95,45,Retail
ORD-103118,05-09-2023,North,Electronics,Phone,Electronics Phone,4577,At Risk,3,160.33,0.0496,457.12,95.63,29,Online
ORD-103119,28-02-2025,South,Electronics,Accessories,Electronics Accessories,1630,New,4,47.54,0.0439,181.82,38.69,34,Wholesale
ORD-103120,14-06-2024,South,Office Supplies,Binders,Office Supplies Binders,2831,New,5,216.46,0.0859,989.29,309.24,60,Retail
ORD-103121,21-07-2023,North,Furniture,Chair,Furniture Chair,3785,Regular,3,189.61,0.0155,559.99,130.97,52,Wholesale
ORD-103122,31-10-2022,West,Apparel,Footwear,Apparel Footwear,2148,VIP,6,24.97,0.0361,144.41,28.62,48,Wholesale
ORD-103123,09-09-2024,East,Apparel,Jackets,Apparel Jackets,3077,Regular,1,198.48,0.0263,193.27,45.73,45,Retail
ORD-103124,01-04-2023,South,Electronics,Laptop,Electronics Laptop,1563,At Risk,5,142.91,0.0348,689.72,190.78,64,Retail
ORD-103125,12-08-2023,North,Electronics,Phone,Electronics Phone,4498,New,5,105.48,0.0713,489.82,171.64,45,Wholesale
ORD-103126,12-01-2022,Central,Furniture,Chair,Furniture Chair,1871,Regular,3,113.59,0.0589,320.7,77.27,60,Online
ORD-103127,16-06-2024,North,Office Supplies,Stationery,Office Supplies Stationery,2669,At Risk,6,34.16,0.0155,201.78,78.14,39,Online
ORD-103128,06-03-2025,East,Apparel,Shirts,Apparel Shirts,2879,New,4,173.11,0.0113,684.62,267.75,23,Wholesale
ORD-103129,16-07-2023,North,Apparel,Accessories,Apparel Accessories,1604,VIP,2,123.69,0.0668,230.86,51.64,23,Wholesale
ORD-103130,31-01-2023,West,Furniture,Storage,Furniture Storage,1122,VIP,4,98.5,0.1248,344.83,103.82,62,Retail
ORD-103131,19-11-2024,West,Furniture,Storage,Furniture Storage,4834,Regular,7,149.5,0.0459,998.48,316.59,38,Retail
ORD-103132,04-10-2023,South,Apparel,Footwear,Apparel Footwear,3760,Regular,3,175.99,0.0609,495.81,127,50,Wholesale
ORD-103133,17-01-2023,South,Furniture,Storage,Furniture Storage,1326,New,3,115.69,0.0648,324.59,84.16,48,Retail
ORD-103134,22-03-2025,West,Furniture,Chair,Furniture Chair,5202,VIP,7,123.13,0.1531,729.94,306.42,53,Retail
ORD-103135,25-04-2023,South,Office Supplies,Binders,Office Supplies Binders,5219,New,2,206.81,0.0774,381.59,82.57,22,Retail
ORD-103136,24-04-2024,West,Furniture,Chair,Furniture Chair,5365,At Risk,7,71.91,0.0217,492.45,150.76,36,Wholesale
ORD-103137,23-05-2024,North,Electronics,Phone,Electronics Phone,5774,At Risk,6,206.37,0.0436,1184.19,394.89,64,Online
ORD-103138,26-08-2024,Central,Furniture,Storage,Furniture Storage,2703,New,6,157.01,0.069,877.03,204.44,40,Wholesale
ORD-103139,16-11-2023,North,Furniture,Desk,Furniture Desk,1576,New,7,58.8,0.136,355.6,111.34,39,Retail
ORD-103140,08-03-2022,West,Furniture,Storage,Furniture Storage,1324,At Risk,7,184.53,0.0964,1167.14,456.11,56,Retail
ORD-103141,19-11-2023,North,Electronics,Phone,Electronics Phone,3257,New,5,142.07,0.0474,676.71,155.25,35,Retail
ORD-103142,22-04-2022,West,Electronics,Phone,Electronics Phone,1273,At Risk,1,69.5,0.0565,65.57,18.01,28,Online
ORD-103143,25-03-2024,Central,Apparel,Accessories,Apparel Accessories,3354,Regular,3,127.86,0.0105,379.57,135.62,35,Wholesale
ORD-103144,10-08-2022,South,Office Supplies,Binders,Office Supplies Binders,5915,VIP,1,38.86,0.0602,36.52,12.3,34,Retail
ORD-103145,14-02-2022,West,Furniture,Storage,Furniture Storage,4400,VIP,3,110.16,0.088,301.4,61.32,24,Retail
ORD-103146,20-07-2024,East,Electronics,Tablet,Electronics Tablet,5797,Regular,1,105.86,0.0934,95.98,35.45,34,Online
ORD-103147,21-04-2022,South,Furniture,Chair,Furniture Chair,4495,Regular,7,33.79,0.0881,215.7,74.36,71,Online
ORD-103148,19-07-2024,East,Apparel,Accessories,Apparel Accessories,3812,Regular,6,99.54,0.0404,573.1,210.38,65,Wholesale
ORD-103149,20-06-2023,West,Furniture,Lighting,Furniture Lighting,4306,Regular,4,51.31,0.1437,175.74,57.08,22,Online
ORD-103150,01-02-2024,South,Electronics,Tablet,Electronics Tablet,6036,Regular,4,109.22,0.0616,409.97,91.53,29,Online
ORD-103151,10-02-2023,East,Furniture,Lighting,Furniture Lighting,6138,At Risk,5,56.7,0.0733,262.72,60.15,51,Online
ORD-103152,06-01-2025,West,Apparel,Shirts,Apparel Shirts,4383,Regular,3,129.42,0.0808,356.88,112.91,23,Retail
ORD-103153,11-02-2025,East,Apparel,Shirts,Apparel Shirts,6334,New,1,163.14,0.0892,148.59,49.87,28,Retail
ORD-103154,21-01-2023,West,Electronics,Tablet,Electronics Tablet,4849,Regular,4,191.42,0.0196,750.7,161.35,43,Online
ORD-103155,11-05-2023,Central,Apparel,Footwear,Apparel Footwear,6694,At Risk,5,35.08,0.0255,170.93,34.94,44,Retail
ORD-103156,07-02-2024,South,Office Supplies,Stationery,Office Supplies Stationery,5687,Regular,7,174.52,0.0173,1200.55,357.46,36,Online
ORD-103157,31-12-2024,Central,Apparel,Footwear,Apparel Footwear,2487,At Risk,7,39.13,0.0745,253.5,100.7,23,Online
ORD-103158,08-08-2024,South,Furniture,Storage,Furniture Storage,4036,New,6,108.69,0.0653,609.54,218.06,44,Wholesale
ORD-103159,08-04-2022,South,Electronics,Laptop,Electronics Laptop,1437,New,6,90.1,0.0606,507.82,149.84,34,Online
ORD-103160,17-01-2023,Central,Office Supplies,Binders,Office Supplies Binders,6728,New,1,173.92,0.0584,163.77,49.13,64,Wholesale
ORD-103161,28-12-2023,West,Apparel,Accessories,Apparel Accessories,5309,Regular,1,159.41,0.1394,137.18,49.8,68,Online
ORD-103162,29-01-2023,West,Office Supplies,Ink,Office Supplies Ink,5448,New,3,137.86,0.0367,398.42,130.48,35,Retail
ORD-103163,28-11-2023,East,Office Supplies,Ink,Office Supplies Ink,4201,New,5,168.86,0.0666,788.03,251.17,39,Wholesale
ORD-103164,20-11-2022,North,Electronics,Tablet,Electronics Tablet,4511,Regular,3,178.68,0.0509,508.74,163.74,24,Online
ORD-103165,05-04-2022,East,Apparel,Shirts,Apparel Shirts,5723,New,7,40.23,0.0326,272.44,65.45,28,Retail
ORD-103166,21-05-2022,East,Furniture,Chair,Furniture Chair,5817,New,2,88.96,0.023,173.82,44.9,39,Retail
ORD-103167,24-10-2024,East,Electronics,Tablet,Electronics Tablet,2721,VIP,6,136.03,0.1033,731.9,131.95,65,Wholesale
ORD-103168,13-04-2024,South,Electronics,Accessories,Electronics Accessories,1121,Regular,7,194.85,0.0799,1255.02,236.43,31,Retail
ORD-103169,24-09-2022,East,Apparel,Footwear,Apparel Footwear,4725,At Risk,3,35.58,0.0332,103.2,18.64,38,Online
ORD-103170,02-08-2023,West,Furniture,Chair,Furniture Chair,5931,At Risk,2,180.32,0.0515,342.08,69.08,50,Online
ORD-103171,18-06-2024,West,Apparel,Footwear,Apparel Footwear,6513,New,7,176.68,0.1097,1101.11,367.34,44,Retail
ORD-103172,09-01-2023,South,Furniture,Chair,Furniture Chair,6072,Regular,5,45.25,0.1784,185.88,34.03,61,Online
ORD-103173,08-02-2022,North,Electronics,Phone,Electronics Phone,2604,VIP,4,164.39,0.0542,621.93,115.99,58,Wholesale
ORD-103174,24-04-2022,Central,Furniture,Chair,Furniture Chair,4669,New,2,144.19,0.093,261.57,66.2,41,Online
ORD-103175,22-11-2023,West,Apparel,Accessories,Apparel Accessories,6703,Regular,4,73.06,0.0454,278.98,105.86,50,Wholesale
ORD-103176,16-01-2025,Central,Office Supplies,Ink,Office Supplies Ink,2816,Regular,3,50.85,0.0701,141.85,29.74,25,Wholesale
ORD-103177,25-09-2023,North,Electronics,Accessories,Electronics Accessories,2407,VIP,3,35.13,0.0172,103.58,19.78,65,Online
ORD-103178,25-07-2022,West,Apparel,Accessories,Apparel Accessories,5060,Regular,7,180.58,0.0153,1244.7,233.26,49,Wholesale
ORD-103179,14-03-2022,West,Furniture,Desk,Furniture Desk,3261,Regular,4,36.04,0.0673,134.46,44.71,67,Wholesale
ORD-103180,18-03-2022,Central,Office Supplies,Paper,Office Supplies Paper,6667,New,6,57.87,0.1104,308.89,84.9,25,Wholesale
ORD-103181,18-09-2024,West,Electronics,Phone,Electronics Phone,6622,New,1,193.84,0.1022,174.02,32.78,27,Wholesale
ORD-103182,06-11-2022,Central,Electronics,Laptop,Electronics Laptop,5727,New,5,100.13,0.0546,473.29,107.25,23,Wholesale
ORD-103183,26-03-2025,Central,Furniture,Storage,Furniture Storage,3376,New,6,204.93,0.0399,1180.5,378.89,69,Online
ORD-103184,30-09-2023,West,Electronics,Tablet,Electronics Tablet,6247,New,2,34.85,0.0711,64.74,14.03,61,Online
ORD-103185,24-05-2024,East,Electronics,Laptop,Electronics Laptop,5287,New,6,191.9,0.0395,1105.94,233.78,43,Online
ORD-103186,14-11-2022,Central,Office Supplies,Ink,Office Supplies Ink,6716,Regular,4,110.63,0.0593,416.27,94.27,55,Retail
ORD-103187,08-04-2023,North,Furniture,Lighting,Furniture Lighting,4416,Regular,4,33.68,0.0377,129.64,30.66,35,Retail
ORD-103188,20-10-2023,West,Office Supplies,Stationery,Office Supplies Stationery,4081,New,2,213.29,0.0373,410.66,92.18,66,Wholesale
ORD-103189,02-02-2025,East,Apparel,Shirts,Apparel Shirts,3728,Regular,6,83.02,0.0662,465.15,178.55,38,Wholesale
ORD-103190,28-01-2023,South,Apparel,Accessories,Apparel Accessories,3390,At Risk,4,34.56,0.0351,133.38,35.27,53,Wholesale
ORD-103191,14-05-2024,East,Electronics,Phone,Electronics Phone,4318,At Risk,5,195.74,0.0326,946.8,170.43,36,Retail
ORD-103192,18-12-2022,South,Electronics,Laptop,Electronics Laptop,6641,At Risk,6,156.97,0.1406,809.39,298.06,26,Retail
ORD-103193,20-04-2022,Central,Furniture,Lighting,Furniture Lighting,2698,At Risk,6,96.58,0.1307,503.72,163.03,43,Online
ORD-103194,06-05-2024,South,Apparel,Jackets,Apparel Jackets,1958,At Risk,6,206.42,0.0248,1207.78,460.52,37,Retail
ORD-103195,26-05-2024,West,Office Supplies,Stationery,Office Supplies Stationery,3294,VIP,7,201.97,0.0298,1371.62,359.95,59,Wholesale
ORD-103196,14-06-2022,East,Office Supplies,Paper,Office Supplies Paper,5123,New,1,67.9,0.0206,66.5,18.75,36,Retail
ORD-103197,12-03-2022,North,Office Supplies,Ink,Office Supplies Ink,3157,Regular,1,109.79,0.0662,102.52,42.06,64,Wholesale
ORD-103198,28-03-2024,East,Furniture,Chair,Furniture Chair,2002,Regular,3,97.64,0.0101,289.97,63.85,61,Retail
ORD-103199,19-05-2022,Central,Apparel,Shirts,Apparel Shirts,2533,New,3,170.2,0.0573,481.34,109.28,50,Wholesale
ORD-103200,25-06-2022,Central,Furniture,Storage,Furniture Storage,3395,New,2,199.83,0.0196,391.83,158.77,61,Wholesale
ORD-103201,29-08-2022,East,Furniture,Storage,Furniture Storage,6852,New,7,21.13,0.1236,129.62,47.41,50,Online
ORD-103202,26-04-2022,South,Office Supplies,Ink,Office Supplies Ink,5243,At Risk,3,211.12,0.0471,603.52,122.34,23,Wholesale
ORD-103203,22-12-2023,West,Furniture,Chair,Furniture Chair,5648,VIP,3,135.07,0.1946,326.35,119.55,28,Wholesale
ORD-103204,25-06-2022,West,Office Supplies,Binders,Office Supplies Binders,6039,Regular,6,203.35,0.0644,1141.58,461.77,38,Retail
ORD-103205,22-10-2023,East,Apparel,Footwear,Apparel Footwear,5860,Regular,5,41.7,0.0024,208.01,79.25,64,Wholesale
ORD-103206,29-03-2024,West,Apparel,Footwear,Apparel Footwear,2653,At Risk,1,165.06,0.0337,159.5,46.56,41,Wholesale
ORD-103207,19-04-2024,West,Furniture,Chair,Furniture Chair,6703,Regular,5,26.98,0.0368,129.94,32.72,36,Retail
ORD-103208,28-03-2023,South,Electronics,Tablet,Electronics Tablet,5672,New,6,210.6,0.0321,1223.03,431.72,33,Online
ORD-103209,16-12-2024,North,Furniture,Storage,Furniture Storage,2736,Regular,6,26.34,0.0134,155.93,57.54,31,Wholesale
ORD-103210,08-08-2024,South,Electronics,Tablet,Electronics Tablet,1845,New,3,105.69,0.1256,277.24,58.95,67,Wholesale
ORD-103211,30-04-2022,South,Office Supplies,Stationery,Office Supplies Stationery,6122,VIP,3,202.82,0.0242,593.74,205.31,27,Online
ORD-103212,19-04-2022,West,Furniture,Desk,Furniture Desk,6520,New,1,214.47,0.0911,194.93,55.13,47,Wholesale
ORD-103213,13-10-2024,Central,Apparel,Shirts,Apparel Shirts,3471,New,3,139.6,0.0876,382.12,150.7,27,Retail
ORD-103214,04-12-2024,North,Office Supplies,Ink,Office Supplies Ink,5384,VIP,5,57.21,0.05,271.74,50.63,41,Retail
ORD-103215,24-08-2023,South,Furniture,Chair,Furniture Chair,6391,New,4,86.86,0.0494,330.28,69.68,33,Online
ORD-103216,20-10-2022,Central,Electronics,Laptop,Electronics Laptop,4214,Regular,3,53.73,0.0756,149.01,47.94,21,Online
ORD-103217,27-05-2023,South,Office Supplies,Ink,Office Supplies Ink,1457,At Risk,6,111.75,0.0521,635.58,171.71,46,Online
ORD-103218,09-02-2022,East,Apparel,Footwear,Apparel Footwear,1837,VIP,7,24.14,0.0105,167.21,41.3,49,Online
ORD-103219,25-12-2024,Central,Electronics,Accessories,Electronics Accessories,2866,VIP,3,67.66,0.0383,195.21,45.47,71,Retail
ORD-103220,21-01-2023,South,Office Supplies,Stationery,Office Supplies Stationery,5357,VIP,4,27.09,0.0069,107.61,38.67,70,Online
ORD-103221,10-12-2024,East,Furniture,Storage,Furniture Storage,4203,VIP,2,120.82,0.1308,210.03,64.35,47,Wholesale
ORD-103222,28-12-2023,East,Office Supplies,Ink,Office Supplies Ink,3206,Regular,5,186.94,0.1463,798,182.34,49,Retail
ORD-103223,06-08-2023,North,Office Supplies,Stationery,Office Supplies Stationery,2950,VIP,2,52.26,0.0689,97.32,28.05,21,Retail
ORD-103224,21-04-2022,West,Office Supplies,Binders,Office Supplies Binders,1730,At Risk,3,152.09,0.0612,428.33,162.2,50,Retail
ORD-103225,25-04-2023,West,Apparel,Footwear,Apparel Footwear,6577,At Risk,4,167.47,0.0385,644.1,216.94,26,Retail
ORD-103226,20-01-2024,Central,Furniture,Desk,Furniture Desk,5519,New,1,201.36,0.0799,185.28,74.67,70,Online
ORD-103227,24-02-2025,Central,Electronics,Phone,Electronics Phone,3052,New,1,111.8,0.0372,107.64,29.55,57,Wholesale
ORD-103228,11-06-2023,North,Furniture,Lighting,Furniture Lighting,5645,At Risk,7,130.79,0.0582,862.22,241.65,33,Online
ORD-103229,22-02-2024,West,Apparel,Jackets,Apparel Jackets,3159,Regular,3,201.4,0.1083,538.75,145.21,43,Wholesale
ORD-103230,06-02-2025,South,Furniture,Chair,Furniture Chair,4421,New,2,121.99,0.0386,234.57,61.93,71,Online
ORD-103231,09-01-2025,West,Electronics,Accessories,Electronics Accessories,5153,Regular,7,199.59,0.0254,1361.66,457.75,22,Online
ORD-103232,07-02-2023,South,Apparel,Accessories,Apparel Accessories,4082,Regular,2,202.4,0.0406,388.37,110.9,48,Retail
ORD-103233,04-03-2024,East,Apparel,Accessories,Apparel Accessories,2054,New,7,148.89,0.0576,982.23,352.98,31,Retail
ORD-103234,07-02-2023,North,Electronics,Phone,Electronics Phone,4954,At Risk,1,75.26,0.0248,73.39,28.99,63,Wholesale
ORD-103235,05-05-2023,South,Furniture,Desk,Furniture Desk,2172,At Risk,6,34.95,0.0503,199.15,70.32,38,Online
ORD-103236,21-04-2024,Central,Office Supplies,Stationery,Office Supplies Stationery,3561,Regular,5,183.24,0.1199,806.33,232.11,71,Online
ORD-103237,22-02-2023,East,Electronics,Laptop,Electronics Laptop,5669,New,4,22.82,0.0966,82.46,33.32,52,Online
ORD-103238,15-02-2022,South,Furniture,Chair,Furniture Chair,3504,VIP,2,209.46,0.0476,399,146.84,58,Wholesale
ORD-103239,05-02-2024,South,Office Supplies,Ink,Office Supplies Ink,5884,New,6,147.03,0.0603,828.96,170.94,64,Online
ORD-103240,17-09-2022,South,Furniture,Chair,Furniture Chair,2681,Regular,7,157.63,0.1144,977.16,356.75,52,Wholesale
ORD-103241,04-04-2024,East,Electronics,Tablet,Electronics Tablet,2411,New,2,23.29,0.0436,44.55,11.28,37,Retail
ORD-103242,17-12-2024,West,Apparel,Jackets,Apparel Jackets,5499,At Risk,1,75.51,0.0819,69.33,15.97,62,Wholesale
ORD-103243,01-05-2023,East,Office Supplies,Ink,Office Supplies Ink,4495,At Risk,4,204.05,0.0295,792.08,176.74,30,Online
ORD-103244,12-08-2023,Central,Furniture,Storage,Furniture Storage,1654,New,1,110.31,0.1189,97.19,36.21,32,Online
ORD-103245,18-04-2022,South,Furniture,Desk,Furniture Desk,5958,Regular,3,198.55,0.0791,548.54,160.68,40,Retail
ORD-103246,12-02-2023,North,Furniture,Desk,Furniture Desk,1344,Regular,1,134.04,0.0266,130.48,38.67,57,Online
ORD-103247,02-04-2022,West,Furniture,Storage,Furniture Storage,4196,Regular,2,98.21,0.019,192.69,80.65,21,Retail
ORD-103248,08-08-2022,East,Office Supplies,Paper,Office Supplies Paper,4426,At Risk,3,102.87,0.0586,290.52,110.38,56,Wholesale
ORD-103249,17-11-2024,West,Furniture,Chair,Furniture Chair,4723,New,7,91.25,0.1545,540.06,133.28,28,Retail
ORD-103250,30-01-2024,North,Electronics,Tablet,Electronics Tablet,3541,New,6,215.7,0.0125,1278.08,379.88,39,Online
ORD-103251,28-01-2023,Central,Apparel,Shirts,Apparel Shirts,4081,Regular,5,196.07,0.0302,950.76,334.12,22,Online
ORD-103252,03-10-2024,East,Office Supplies,Binders,Office Supplies Binders,4231,New,2,153.91,0.071,285.96,65.8,35,Retail
ORD-103253,17-01-2022,West,Furniture,Chair,Furniture Chair,6968,Regular,3,101.65,0.0803,280.45,108.5,40,Retail
ORD-103254,08-04-2023,Central,Furniture,Storage,Furniture Storage,2520,Regular,6,104.57,0.0592,590.26,141.83,60,Wholesale
ORD-103255,22-05-2024,South,Office Supplies,Ink,Office Supplies Ink,5974,Regular,5,152.63,0.0487,725.99,275.01,71,Wholesale
ORD-103256,26-10-2024,Central,Furniture,Desk,Furniture Desk,1152,Regular,2,158.88,0.0346,306.76,109.57,69,Retail
ORD-103257,18-03-2023,East,Furniture,Desk,Furniture Desk,2160,Regular,2,189.24,0.0636,354.41,128.52,44,Online
ORD-103258,05-05-2024,West,Furniture,Chair,Furniture Chair,4858,At Risk,7,68.55,0.0639,449.18,133.21,50,Online
ORD-103259,08-01-2025,West,Electronics,Accessories,Electronics Accessories,2493,Regular,6,196.25,0.0239,1149.37,261.34,37,Wholesale
ORD-103260,08-02-2022,Central,Furniture,Desk,Furniture Desk,2127,New,3,175.9,0.0935,478.34,92.1,60,Wholesale
ORD-103261,12-11-2022,North,Electronics,Accessories,Electronics Accessories,6455,Regular,7,41.07,0.0439,274.87,80.41,69,Wholesale
ORD-103262,02-09-2022,Central,Office Supplies,Binders,Office Supplies Binders,2882,Regular,3,160.73,0.0568,454.78,131.17,34,Wholesale
ORD-103263,17-04-2022,Central,Apparel,Footwear,Apparel Footwear,2520,Regular,4,180,0.0426,689.3,277.62,65,Online
ORD-103264,31-05-2024,Central,Office Supplies,Ink,Office Supplies Ink,4652,New,2,123.11,0.0609,231.23,51.82,28,Wholesale
ORD-103265,05-12-2022,East,Furniture,Lighting,Furniture Lighting,5507,New,4,125.55,0.1037,450.11,98.51,24,Retail
ORD-103266,29-09-2022,North,Office Supplies,Ink,Office Supplies Ink,4438,Regular,2,166.29,0.0963,300.55,121.93,41,Online
ORD-103267,23-08-2024,South,Apparel,Jackets,Apparel Jackets,3358,At Risk,2,45.37,0.0627,85.05,35.46,50,Retail
ORD-103268,22-06-2024,Central,Electronics,Phone,Electronics Phone,4186,New,1,51.47,0.0935,46.66,11.97,46,Wholesale
ORD-103269,27-10-2023,North,Apparel,Accessories,Apparel Accessories,2268,At Risk,1,134.7,0.0871,122.97,26.23,50,Online
ORD-103270,25-03-2022,West,Office Supplies,Paper,Office Supplies Paper,3274,New,4,99.58,0.0465,379.79,72.91,42,Online
ORD-103271,29-05-2023,Central,Apparel,Shirts,Apparel Shirts,6952,New,1,102.26,0.0237,99.83,32.58,64,Wholesale
ORD-103272,19-04-2022,East,Office Supplies,Ink,Office Supplies Ink,6054,New,7,200.91,0.0737,1302.76,452.95,25,Online
ORD-103273,27-10-2024,Central,Apparel,Jackets,Apparel Jackets,3964,Regular,3,53.28,0.0294,155.13,31.56,58,Online
ORD-103274,04-01-2022,West,Office Supplies,Stationery,Office Supplies Stationery,2897,VIP,3,169.71,0.0928,461.89,113.58,21,Online
ORD-103275,07-10-2022,North,Apparel,Accessories,Apparel Accessories,2523,Regular,3,162.49,0.0357,470.06,87.08,44,Wholesale
ORD-103276,22-07-2024,West,Apparel,Jackets,Apparel Jackets,3831,VIP,6,136.78,0.0436,784.92,209.94,25,Wholesale
ORD-103277,05-06-2024,South,Furniture,Chair,Furniture Chair,6540,At Risk,1,185.54,0.1068,165.72,68.92,24,Retail
ORD-103278,01-10-2024,North,Furniture,Storage,Furniture Storage,1749,VIP,7,139.26,0.1379,840.39,326.75,38,Retail
ORD-103279,27-03-2023,West,Electronics,Phone,Electronics Phone,5999,Regular,6,146.37,0.0541,830.69,190.5,30,Retail
ORD-103280,19-04-2023,North,Office Supplies,Ink,Office Supplies Ink,4132,New,4,48.87,0.0953,176.84,64.16,64,Online
ORD-103281,20-08-2023,East,Furniture,Chair,Furniture Chair,5429,New,7,37.95,0.0864,242.7,67.01,62,Online
ORD-103282,04-01-2024,North,Furniture,Desk,Furniture Desk,4970,VIP,2,204.25,0.0903,371.63,152.24,51,Online
ORD-103283,21-05-2023,South,Furniture,Storage,Furniture Storage,5966,New,1,44.95,0.0975,40.57,16.99,44,Online
ORD-103284,31-05-2022,Central,Furniture,Desk,Furniture Desk,2296,New,7,145.38,0.1397,875.46,270.27,63,Online
ORD-103285,18-05-2023,South,Apparel,Footwear,Apparel Footwear,4157,VIP,5,159.35,0.0619,747.4,225.39,39,Wholesale
ORD-103286,16-12-2024,West,Electronics,Phone,Electronics Phone,2464,At Risk,3,40.16,0.0726,111.74,36.57,42,Online
ORD-103287,06-08-2022,West,Apparel,Accessories,Apparel Accessories,1973,New,1,205.9,0.0837,188.67,37.37,21,Online
ORD-103288,28-05-2023,Central,Apparel,Shirts,Apparel Shirts,1184,Regular,2,200.18,0.0254,390.21,160.73,33,Retail
ORD-103289,09-03-2023,West,Electronics,Phone,Electronics Phone,3834,Regular,7,35.88,0.0954,227.2,67.7,48,Retail
ORD-103290,05-06-2023,West,Electronics,Phone,Electronics Phone,6986,Regular,5,29.73,0.1194,130.91,32.71,28,Retail
ORD-103291,20-10-2023,East,Furniture,Lighting,Furniture Lighting,4184,VIP,3,141.93,0.0617,399.52,148.88,26,Retail
ORD-103292,07-01-2023,South,Office Supplies,Binders,Office Supplies Binders,2290,At Risk,3,51.82,0.0125,153.52,33.98,54,Retail
ORD-103293,24-06-2024,East,Electronics,Laptop,Electronics Laptop,3532,New,5,93.45,0.1841,381.21,105.31,34,Online
ORD-103294,26-06-2023,North,Office Supplies,Stationery,Office Supplies Stationery,4640,VIP,7,102.38,0.0658,669.52,140.06,36,Online
ORD-103295,27-06-2022,South,Office Supplies,Ink,Office Supplies Ink,2865,At Risk,5,88.77,0.0787,408.93,125.42,55,Retail
ORD-103296,09-03-2024,West,Furniture,Desk,Furniture Desk,3193,VIP,5,178.02,0.0809,818.09,165.22,57,Online
ORD-103297,25-11-2022,South,Furniture,Desk,Furniture Desk,3743,Regular,1,64.23,0.1306,55.84,20.77,55,Online
ORD-103298,26-07-2023,West,Office Supplies,Ink,Office Supplies Ink,5379,VIP,6,46.4,0.2097,220.03,64.37,37,Retail
ORD-103299,08-05-2024,North,Electronics,Laptop,Electronics Laptop,1984,New,7,78.05,0.0734,506.23,116.86,69,Retail
ORD-103300,06-08-2024,Central,Apparel,Footwear,Apparel Footwear,2670,VIP,2,172.61,0.1625,289.13,54.7,49,Online
ORD-103301,29-09-2024,North,Office Supplies,Stationery,Office Supplies Stationery,6666,At Risk,5,135.72,0.0463,647.15,236.72,25,Wholesale
ORD-103302,01-02-2025,Central,Apparel,Jackets,Apparel Jackets,5578,Regular,3,87.34,0.0753,242.28,59.09,63,Wholesale
ORD-103303,02-05-2023,East,Office Supplies,Stationery,Office Supplies Stationery,3198,At Risk,3,85.62,0.067,239.66,67.88,57,Online
ORD-103304,29-10-2024,East,Electronics,Accessories,Electronics Accessories,6107,Regular,7,143.57,0.0832,921.41,287.08,54,Retail
ORD-103305,25-11-2022,Central,Apparel,Jackets,Apparel Jackets,3719,At Risk,1,152.22,0.0772,140.47,54.82,25,Retail
ORD-103306,02-04-2023,North,Office Supplies,Paper,Office Supplies Paper,6667,At Risk,5,71.59,0.0528,339.03,138.68,66,Retail
ORD-103307,02-04-2023,North,Apparel,Footwear,Apparel Footwear,3724,Regular,6,111.44,0.0657,624.68,261.45,62,Wholesale
ORD-103308,11-05-2023,Central,Electronics,Phone,Electronics Phone,2412,New,4,205.91,0.0968,743.92,285.26,48,Retail
ORD-103309,19-12-2023,Central,Office Supplies,Stationery,Office Supplies Stationery,2654,At Risk,7,44.66,0.0243,305.02,120.51,61,Online
ORD-103310,31-10-2024,East,Office Supplies,Stationery,Office Supplies Stationery,4908,New,3,74.4,0.211,176.1,36.77,47,Online
ORD-103311,01-04-2025,East,Apparel,Footwear,Apparel Footwear,1058,VIP,4,168.68,0.0898,614.14,122.86,26,Retail
ORD-103312,14-09-2023,South,Furniture,Lighting,Furniture Lighting,4643,Regular,5,138.91,0.076,641.76,180.7,24,Retail
ORD-103313,17-05-2022,North,Furniture,Chair,Furniture Chair,4972,New,3,122.76,0.0128,363.58,118.94,61,Retail
ORD-103314,23-07-2024,East,Furniture,Desk,Furniture Desk,1448,New,1,40.21,0.1534,34.04,6.82,52,Wholesale
ORD-103315,24-11-2022,South,Electronics,Laptop,Electronics Laptop,2544,VIP,5,188.92,0.0634,884.71,297.94,46,Wholesale
ORD-103316,31-10-2024,East,Office Supplies,Paper,Office Supplies Paper,5140,At Risk,6,205.63,0.0407,1183.52,380.75,40,Retail
ORD-103317,01-06-2022,East,Apparel,Jackets,Apparel Jackets,4007,Regular,4,99.11,0.1364,342.38,73.05,37,Online
ORD-103318,25-01-2025,Central,Furniture,Storage,Furniture Storage,4640,At Risk,4,83.93,0.0177,329.79,69.69,55,Wholesale
ORD-103319,24-06-2022,West,Office Supplies,Binders,Office Supplies Binders,3467,At Risk,3,166.59,0.0259,486.82,172.58,49,Online
ORD-103320,01-10-2024,West,Electronics,Laptop,Electronics Laptop,1685,New,4,154.57,0.0233,603.86,163.36,57,Online
ORD-103321,16-09-2022,Central,Apparel,Accessories,Apparel Accessories,5042,VIP,6,174.45,0.14,900.2,325.22,60,Online
ORD-103322,15-05-2022,South,Apparel,Jackets,Apparel Jackets,4332,Regular,3,45.41,0.1183,120.12,43.96,42,Wholesale
ORD-103323,05-11-2022,North,Electronics,Phone,Electronics Phone,3513,Regular,7,88.5,0.0436,592.51,116.58,51,Online
ORD-103324,07-03-2022,West,Apparel,Shirts,Apparel Shirts,6339,New,2,215.21,0.0458,410.73,150,54,Online
ORD-103325,28-11-2022,West,Furniture,Chair,Furniture Chair,3061,VIP,1,121.76,0.0816,111.82,24.32,66,Wholesale
ORD-103326,05-03-2022,Central,Electronics,Accessories,Electronics Accessories,5107,Regular,6,49.87,0.0252,291.67,88.88,26,Retail
ORD-103327,19-05-2023,Central,Apparel,Accessories,Apparel Accessories,4463,Regular,6,160.77,0.0284,937.23,372.46,43,Retail
ORD-103328,23-08-2022,East,Furniture,Storage,Furniture Storage,3957,Regular,4,198.9,0.0374,765.84,312.17,48,Retail
ORD-103329,06-02-2025,Central,Electronics,Tablet,Electronics Tablet,3799,Regular,4,102.29,0.0207,400.68,121.81,25,Retail
ORD-103330,12-01-2022,North,Electronics,Accessories,Electronics Accessories,2160,Regular,6,198.34,0.098,1073.42,214.33,49,Wholesale
ORD-103331,10-04-2023,North,Electronics,Phone,Electronics Phone,4414,Regular,3,157.89,0.0444,452.65,133.49,43,Retail
ORD-103332,15-05-2023,Central,Furniture,Storage,Furniture Storage,4144,VIP,5,193.56,0.1461,826.41,189.49,51,Online
ORD-103333,13-03-2024,Central,Electronics,Accessories,Electronics Accessories,1181,Regular,5,107.38,0.0504,509.85,200.6,54,Wholesale
ORD-103334,12-04-2023,West,Apparel,Footwear,Apparel Footwear,2343,VIP,5,60.94,0.0275,296.33,86.15,70,Wholesale
ORD-103335,17-05-2022,West,Apparel,Jackets,Apparel Jackets,1730,New,7,154.28,0.1192,951.21,230.03,35,Online
ORD-103336,18-12-2023,East,Office Supplies,Stationery,Office Supplies Stationery,1873,At Risk,4,207.73,0.0464,792.37,183.94,62,Retail
ORD-103337,12-06-2024,East,Apparel,Shirts,Apparel Shirts,5388,VIP,7,215.3,0.0605,1415.96,451.07,54,Online
ORD-103338,20-06-2023,Central,Electronics,Laptop,Electronics Laptop,6220,VIP,5,49.55,0.087,226.19,61.52,45,Wholesale
ORD-103339,16-03-2022,South,Electronics,Laptop,Electronics Laptop,4160,New,3,70,0.1054,187.86,33.89,39,Wholesale
ORD-103340,20-08-2024,West,Office Supplies,Paper,Office Supplies Paper,6971,At Risk,6,191.93,0.0484,1095.84,399.52,53,Wholesale
ORD-103341,10-04-2024,Central,Office Supplies,Paper,Office Supplies Paper,3031,Regular,3,69.76,0.0662,195.42,74.7,26,Online
ORD-103342,21-01-2025,West,Office Supplies,Stationery,Office Supplies Stationery,4618,At Risk,6,146.16,0.0328,848.21,322.72,58,Online
ORD-103343,09-06-2023,South,Office Supplies,Stationery,Office Supplies Stationery,1958,New,7,40.14,0.1177,247.92,94.79,44,Wholesale
ORD-103344,20-12-2023,North,Office Supplies,Ink,Office Supplies Ink,2359,VIP,3,71.96,0.0978,194.76,36.94,24,Retail
ORD-103345,06-09-2024,South,Electronics,Laptop,Electronics Laptop,4720,Regular,1,139.59,0.1004,125.57,31.07,52,Wholesale
ORD-103346,31-12-2024,West,Office Supplies,Paper,Office Supplies Paper,6458,New,5,197.41,0.1048,883.63,295.1,33,Online
ORD-103347,03-03-2024,East,Electronics,Tablet,Electronics Tablet,1204,At Risk,7,24.58,0.0775,158.73,54.94,68,Retail
ORD-103348,30-07-2023,West,Apparel,Shirts,Apparel Shirts,4897,At Risk,5,209.55,0.0849,958.8,314.61,25,Retail
ORD-103349,24-07-2022,East,Office Supplies,Ink,Office Supplies Ink,3725,At Risk,2,50.29,0.092,91.33,29.25,30,Wholesale
ORD-103350,26-12-2022,West,Furniture,Storage,Furniture Storage,2315,VIP,1,199.2,0.0756,184.15,59,70,Online
ORD-103351,26-04-2023,West,Furniture,Chair,Furniture Chair,2934,Regular,2,76.94,0.024,150.19,53.81,49,Wholesale
ORD-103352,19-02-2025,South,Apparel,Accessories,Apparel Accessories,2923,New,6,177.53,0.0857,973.85,385.46,44,Online
ORD-103353,13-06-2023,Central,Office Supplies,Ink,Office Supplies Ink,2364,Regular,6,47.92,0.0823,263.86,106.71,67,Wholesale
ORD-103354,20-01-2023,North,Office Supplies,Ink,Office Supplies Ink,4571,New,5,186.58,0.0623,874.79,297.66,49,Retail
ORD-103355,25-09-2022,North,Apparel,Jackets,Apparel Jackets,4246,Regular,5,183.36,0.0228,895.88,317.41,28,Wholesale
ORD-103356,27-08-2022,Central,Furniture,Chair,Furniture Chair,4998,New,3,129,0.0808,355.72,83.94,52,Retail
ORD-103357,20-01-2022,North,Electronics,Laptop,Electronics Laptop,2737,New,5,40.87,0.1033,183.23,40.97,55,Retail
ORD-103358,22-11-2024,Central,Electronics,Accessories,Electronics Accessories,1778,New,2,107.83,0.0975,194.63,40.49,24,Online
ORD-103359,25-11-2022,West,Apparel,Footwear,Apparel Footwear,4201,New,2,26.66,0.0371,51.34,19.63,67,Wholesale
ORD-103360,25-09-2023,North,Electronics,Tablet,Electronics Tablet,3866,At Risk,7,209.93,0.0785,1354.16,521.08,57,Wholesale
ORD-103361,04-08-2024,Central,Apparel,Shirts,Apparel Shirts,4892,Regular,5,184.18,0.0255,897.38,163.66,58,Wholesale
ORD-103362,02-10-2024,East,Office Supplies,Paper,Office Supplies Paper,4152,New,1,45.53,0.0468,43.4,11.39,66,Retail
ORD-103363,15-05-2024,South,Apparel,Jackets,Apparel Jackets,4052,New,4,167.28,0.0464,638.1,127.31,22,Retail
ORD-103364,19-10-2024,North,Office Supplies,Ink,Office Supplies Ink,1839,New,4,139.43,0.0098,552.26,106.73,45,Online
ORD-103365,21-05-2022,West,Electronics,Laptop,Electronics Laptop,1482,Regular,1,132.23,0.0445,126.34,43.41,52,Retail
ORD-103366,23-12-2023,Central,Apparel,Jackets,Apparel Jackets,3489,New,5,192.73,0.1755,794.49,199.35,36,Retail
ORD-103367,18-12-2023,East,Electronics,Phone,Electronics Phone,6410,New,4,168.77,0.0131,666.23,173.53,31,Retail
ORD-103368,29-03-2023,West,Office Supplies,Paper,Office Supplies Paper,2464,Regular,6,194.98,0.0068,1161.88,450.28,25,Online
ORD-103369,25-09-2024,Central,Apparel,Shirts,Apparel Shirts,5660,Regular,1,110.59,0.0926,100.35,33.34,47,Retail
ORD-103370,09-03-2023,East,Office Supplies,Stationery,Office Supplies Stationery,2746,VIP,1,112.87,0.0714,104.81,19.55,29,Wholesale
ORD-103371,24-01-2023,East,Furniture,Chair,Furniture Chair,3920,Regular,1,44.31,0.0952,40.09,8.83,39,Wholesale
ORD-103372,24-03-2025,North,Office Supplies,Paper,Office Supplies Paper,3341,VIP,5,144.01,0.0505,683.72,170.15,35,Wholesale
ORD-103373,15-02-2022,Central,Furniture,Storage,Furniture Storage,6564,New,3,178.01,0.0274,519.38,109.56,71,Retail
ORD-103374,24-06-2022,Central,Office Supplies,Paper,Office Supplies Paper,3342,New,1,66.52,0.0238,64.94,21.74,61,Wholesale
ORD-103375,22-11-2023,North,Furniture,Lighting,Furniture Lighting,5606,At Risk,6,86.76,0.0184,511,144.65,24,Wholesale
ORD-103376,22-05-2023,North,Electronics,Phone,Electronics Phone,5232,New,2,74.06,0.0354,142.88,45.54,66,Retail
ORD-103377,22-12-2022,East,Electronics,Accessories,Electronics Accessories,2563,New,3,177.93,0.0913,485.04,177.43,56,Retail
ORD-103378,13-01-2023,Central,Office Supplies,Binders,Office Supplies Binders,3583,New,2,132.92,0.1634,222.41,87.76,65,Retail
ORD-103379,02-10-2023,West,Office Supplies,Binders,Office Supplies Binders,5428,Regular,5,42.25,0.0386,203.09,76.12,56,Online
ORD-103380,16-02-2023,Central,Office Supplies,Stationery,Office Supplies Stationery,4549,VIP,5,219.55,0.1227,963.11,366.91,48,Online
ORD-103381,16-01-2022,North,Apparel,Jackets,Apparel Jackets,5149,VIP,1,201.05,0.0627,188.44,68.77,59,Online
ORD-103382,05-01-2023,North,Apparel,Jackets,Apparel Jackets,4884,Regular,1,35.63,0.0301,34.56,12.28,27,Wholesale
ORD-103383,28-06-2022,East,Furniture,Lighting,Furniture Lighting,2950,New,4,122.45,0.0517,464.47,180.31,25,Wholesale
ORD-103384,27-04-2023,South,Apparel,Accessories,Apparel Accessories,2243,Regular,6,65.69,0.0112,389.71,92.82,40,Retail
ORD-103385,23-04-2022,South,Electronics,Accessories,Electronics Accessories,6102,New,3,96.45,0.0287,281.04,109.57,47,Online
ORD-103386,30-06-2022,West,Electronics,Phone,Electronics Phone,1930,Regular,5,150.17,0.0999,675.87,135.23,68,Retail
ORD-103387,23-04-2022,Central,Apparel,Jackets,Apparel Jackets,5763,Regular,3,83.96,0.0258,245.38,52.74,44,Retail
ORD-103388,30-03-2022,Central,Apparel,Footwear,Apparel Footwear,6966,At Risk,5,154.05,0.0325,745.18,137.72,40,Online
ORD-103389,25-01-2022,South,Office Supplies,Binders,Office Supplies Binders,5058,Regular,4,54.96,0.0976,198.38,41.72,45,Retail
ORD-103390,02-01-2023,West,Electronics,Accessories,Electronics Accessories,4923,VIP,4,96.6,0.05,367.07,71.36,41,Retail
ORD-103391,04-04-2025,South,Office Supplies,Stationery,Office Supplies Stationery,1673,At Risk,2,215.85,0.0621,404.87,111.68,39,Wholesale
ORD-103392,30-04-2024,West,Electronics,Tablet,Electronics Tablet,6310,VIP,2,63.83,0.0272,124.19,40.96,45,Wholesale
ORD-103393,03-09-2023,North,Office Supplies,Binders,Office Supplies Binders,4604,Regular,7,163.46,0.0624,1072.84,218.52,59,Wholesale
ORD-103394,03-01-2022,Central,Office Supplies,Binders,Office Supplies Binders,3034,Regular,5,165.37,0.0968,746.82,268.5,61,Retail
ORD-103395,11-12-2023,West,Electronics,Accessories,Electronics Accessories,5779,Regular,5,71.33,0.0986,321.48,58.86,50,Online
ORD-103396,11-01-2024,Central,Apparel,Jackets,Apparel Jackets,4154,Regular,6,35.39,0.079,195.56,38.61,62,Wholesale
ORD-103397,02-11-2024,East,Furniture,Lighting,Furniture Lighting,2999,VIP,4,112.42,0.1219,394.86,105.32,67,Online
ORD-103398,07-03-2025,West,Apparel,Accessories,Apparel Accessories,3342,New,2,75.94,0.0474,144.69,27.78,33,Retail
ORD-103399,16-05-2022,Central,Electronics,Phone,Electronics Phone,5256,New,3,154.33,0.0499,439.88,112.22,57,Retail
ORD-103400,05-05-2022,West,Apparel,Shirts,Apparel Shirts,4416,VIP,2,144.01,0.1118,255.81,77.38,61,Wholesale
ORD-103401,26-06-2024,West,Apparel,Jackets,Apparel Jackets,5196,VIP,2,173.39,0.1596,291.43,94.23,28,Wholesale
ORD-103402,20-09-2024,North,Apparel,Jackets,Apparel Jackets,5759,VIP,4,155.84,0.0771,575.3,118.88,41,Retail
ORD-103403,25-04-2024,Central,Furniture,Chair,Furniture Chair,1093,At Risk,5,42.86,0.0437,204.94,73.31,69,Online
ORD-103404,27-02-2025,East,Office Supplies,Binders,Office Supplies Binders,5261,Regular,5,75.29,0.1466,321.25,131.47,25,Retail
ORD-103405,11-06-2022,South,Electronics,Phone,Electronics Phone,1375,At Risk,4,148.65,0.0175,584.17,110.48,21,Retail
ORD-103406,02-05-2023,West,Electronics,Tablet,Electronics Tablet,4562,Regular,2,204.95,0.0618,384.56,157.56,56,Online
ORD-103407,04-05-2023,South,Office Supplies,Ink,Office Supplies Ink,4704,Regular,7,75.91,0.0745,491.78,158.74,61,Retail
ORD-103408,08-04-2025,North,Office Supplies,Stationery,Office Supplies Stationery,1824,Regular,4,47.59,0.0585,179.22,51.7,66,Wholesale
ORD-103409,06-05-2024,North,Apparel,Shirts,Apparel Shirts,2408,Regular,6,133.49,0.0086,794.05,155.98,29,Online
ORD-103410,27-09-2022,East,Apparel,Footwear,Apparel Footwear,5660,Regular,6,70.64,0.0117,418.86,103.25,26,Online
ORD-103411,04-10-2023,North,Apparel,Shirts,Apparel Shirts,4493,VIP,4,181.38,0.0821,665.97,266.72,43,Wholesale
ORD-103412,05-01-2025,East,Electronics,Phone,Electronics Phone,5087,New,2,184.62,0.0146,363.83,107.99,70,Wholesale
ORD-103413,27-04-2022,West,Furniture,Desk,Furniture Desk,5197,At Risk,3,150.43,0.0201,442.21,113.38,27,Wholesale
ORD-103414,11-01-2023,South,Electronics,Phone,Electronics Phone,4899,Regular,7,49.84,0.0569,329.03,136.14,65,Wholesale
ORD-103415,16-03-2023,North,Electronics,Accessories,Electronics Accessories,4249,New,1,160.03,0.0658,149.5,32.14,59,Wholesale
ORD-103416,16-08-2024,South,Furniture,Storage,Furniture Storage,2907,New,2,102.52,0.0241,200.09,68.02,23,Online
ORD-103417,10-03-2023,West,Apparel,Footwear,Apparel Footwear,6698,VIP,1,25.31,0.1355,21.88,7.7,33,Online
ORD-103418,10-12-2022,Central,Electronics,Phone,Electronics Phone,2909,Regular,1,54.26,0.1011,48.78,9.67,32,Retail
ORD-103419,02-02-2024,Central,Office Supplies,Ink,Office Supplies Ink,6062,New,6,117.94,0.0119,699.19,293.41,23,Retail
ORD-103420,18-12-2022,South,Electronics,Accessories,Electronics Accessories,6548,New,5,181.24,0.1007,814.94,238.13,60,Wholesale
ORD-103421,10-07-2023,East,Apparel,Footwear,Apparel Footwear,2154,New,1,77.77,0.1112,69.12,27.53,70,Online
ORD-103422,11-01-2022,West,Electronics,Phone,Electronics Phone,3463,At Risk,1,59.21,0.016,58.26,15.44,31,Retail
ORD-103423,13-09-2023,South,Electronics,Phone,Electronics Phone,5373,Regular,4,58.39,0.0773,215.52,79.66,33,Wholesale
ORD-103424,30-03-2023,West,Apparel,Footwear,Apparel Footwear,5254,At Risk,7,144.98,0.0298,984.61,410.79,43,Retail
ORD-103425,25-07-2022,North,Apparel,Jackets,Apparel Jackets,4537,At Risk,2,152.51,0.1322,264.7,103.25,36,Online
ORD-103426,21-09-2023,North,Office Supplies,Ink,Office Supplies Ink,6509,VIP,4,71.77,0.0242,280.13,68.76,27,Retail
ORD-103427,09-05-2024,East,Electronics,Accessories,Electronics Accessories,6587,New,2,192.12,0.0227,375.5,140.91,27,Wholesale
ORD-103428,24-08-2023,East,Furniture,Desk,Furniture Desk,5731,New,4,195.67,0.0346,755.59,269.57,65,Retail
ORD-103429,11-05-2022,East,Office Supplies,Paper,Office Supplies Paper,4467,New,5,95.53,0.0228,466.74,138.03,27,Online
ORD-103430,21-06-2023,West,Office Supplies,Ink,Office Supplies Ink,4912,At Risk,1,54.11,0.0876,49.37,16.82,36,Online
ORD-103431,22-11-2023,East,Apparel,Footwear,Apparel Footwear,3381,VIP,6,208.11,0.0545,1180.59,448.63,31,Wholesale
ORD-103432,29-12-2022,North,Furniture,Lighting,Furniture Lighting,6102,At Risk,4,121.05,0.0541,458.02,163.38,47,Online
ORD-103433,20-04-2023,East,Furniture,Storage,Furniture Storage,6969,New,4,47.16,0.0447,180.22,59.87,60,Retail
ORD-103434,23-10-2023,East,Furniture,Chair,Furniture Chair,6225,At Risk,5,42.39,0.1216,186.17,60.22,61,Retail
ORD-103435,16-07-2022,East,Apparel,Jackets,Apparel Jackets,6397,New,3,199.22,0.0439,571.43,192.61,61,Wholesale
ORD-103436,09-02-2025,South,Furniture,Storage,Furniture Storage,3920,At Risk,5,35.2,0.0432,168.39,58.08,36,Online
ORD-103437,03-11-2024,East,Furniture,Desk,Furniture Desk,3431,At Risk,3,46.92,0.0431,134.69,24.5,21,Wholesale
ORD-103438,29-07-2024,South,Apparel,Accessories,Apparel Accessories,4794,Regular,6,93.04,0.0808,513.14,120.82,63,Retail
ORD-103439,25-01-2024,North,Furniture,Desk,Furniture Desk,5739,Regular,6,207.49,0.0864,1137.36,348.02,63,Online
ORD-103440,11-04-2022,Central,Electronics,Tablet,Electronics Tablet,2334,VIP,1,119.08,0.0584,112.12,25.96,37,Wholesale
ORD-103441,20-06-2022,South,Electronics,Tablet,Electronics Tablet,2681,At Risk,1,50.13,0.0467,47.79,8.78,32,Wholesale
ORD-103442,03-04-2022,Central,Furniture,Lighting,Furniture Lighting,6397,New,4,124.63,0.0074,494.84,196.68,38,Retail
ORD-103443,12-01-2022,West,Apparel,Footwear,Apparel Footwear,4624,Regular,7,60.25,0.0995,379.77,70.88,39,Retail
ORD-103444,13-12-2023,West,Electronics,Accessories,Electronics Accessories,1944,New,7,113.17,0.1015,711.77,233.66,53,Retail
ORD-103445,21-07-2023,West,Office Supplies,Binders,Office Supplies Binders,4421,Regular,7,118.44,0.0592,780.01,289.43,54,Wholesale
ORD-103446,16-02-2024,South,Furniture,Desk,Furniture Desk,1627,At Risk,2,124.55,0.0423,238.56,52.13,50,Online
ORD-103447,09-11-2022,East,Electronics,Tablet,Electronics Tablet,1902,VIP,3,26.68,0.1366,69.1,27.49,29,Retail
ORD-103448,31-01-2024,East,Electronics,Tablet,Electronics Tablet,3120,Regular,2,101.64,0.0669,189.68,35.38,22,Wholesale
ORD-103449,21-06-2023,East,Electronics,Tablet,Electronics Tablet,4884,Regular,1,178.21,0.0608,167.38,42.97,62,Online
ORD-103450,30-10-2022,North,Office Supplies,Ink,Office Supplies Ink,1030,VIP,4,175.44,0.0301,680.67,205.48,52,Retail
ORD-103451,01-10-2023,North,Apparel,Jackets,Apparel Jackets,2913,Regular,3,165.7,0.0494,472.55,173.64,71,Online
ORD-103452,30-11-2022,East,Furniture,Lighting,Furniture Lighting,1095,New,5,185.39,0.1198,815.88,232.25,66,Online
ORD-103453,21-04-2024,Central,Apparel,Footwear,Apparel Footwear,5211,New,6,129.67,0.0674,725.6,275.14,53,Retail
ORD-103454,16-01-2023,North,Electronics,Laptop,Electronics Laptop,2706,Regular,2,136.23,0.1046,243.96,84.11,25,Wholesale
ORD-103455,02-04-2025,East,Office Supplies,Paper,Office Supplies Paper,5636,Regular,2,148.2,0.0314,287.1,91.4,52,Retail
ORD-103456,25-12-2023,West,Apparel,Accessories,Apparel Accessories,4048,Regular,1,176.12,0.1113,156.51,62.35,23,Wholesale
ORD-103457,02-02-2022,West,Office Supplies,Binders,Office Supplies Binders,1406,At Risk,4,49.9,0.0594,187.74,33.98,27,Retail
ORD-103458,19-10-2024,Central,Apparel,Footwear,Apparel Footwear,3084,New,4,43.91,0.1317,152.51,56.26,46,Wholesale
ORD-103459,30-05-2022,Central,Furniture,Lighting,Furniture Lighting,6376,Regular,1,136.82,0.0935,124.03,32.53,60,Online
ORD-103460,18-04-2023,Central,Office Supplies,Stationery,Office Supplies Stationery,3296,VIP,1,62.47,0.0258,60.86,20.01,24,Wholesale
ORD-103461,19-07-2023,East,Furniture,Lighting,Furniture Lighting,2312,New,4,94.18,0.0659,351.89,138.31,33,Wholesale
ORD-103462,04-05-2023,South,Office Supplies,Stationery,Office Supplies Stationery,5340,Regular,2,38.67,0.0301,75.01,14.58,58,Retail
ORD-103463,15-08-2024,Central,Electronics,Laptop,Electronics Laptop,2888,At Risk,7,25.86,0.095,163.83,32.62,50,Wholesale
ORD-103464,04-03-2023,North,Furniture,Lighting,Furniture Lighting,5024,VIP,6,28.37,0.026,165.8,51.82,25,Retail
ORD-103465,16-10-2023,East,Electronics,Laptop,Electronics Laptop,3625,Regular,5,215.05,0.0438,1028.15,222.64,67,Wholesale
ORD-103466,20-09-2022,Central,Electronics,Accessories,Electronics Accessories,4940,Regular,3,95.16,0.0572,269.14,112.5,57,Retail
ORD-103467,25-03-2022,North,Electronics,Laptop,Electronics Laptop,5489,At Risk,6,145.51,0.0769,805.9,236.87,42,Online
ORD-103468,11-09-2022,South,Electronics,Accessories,Electronics Accessories,6944,At Risk,5,170.3,0.1348,736.74,264.76,61,Online
ORD-103469,24-02-2024,Central,Apparel,Footwear,Apparel Footwear,5905,New,1,184.74,0.0517,175.18,62.8,63,Online
ORD-103470,28-10-2022,Central,Apparel,Jackets,Apparel Jackets,1690,At Risk,4,186.59,0.1156,660.05,134.86,63,Wholesale
ORD-103471,27-06-2024,West,Apparel,Jackets,Apparel Jackets,1806,Regular,5,103.61,0.0281,503.47,175.21,47,Wholesale
ORD-103472,17-09-2023,South,Apparel,Footwear,Apparel Footwear,6456,Regular,6,217.16,0.107,1163.51,271.3,37,Online
ORD-103473,09-05-2022,West,Office Supplies,Stationery,Office Supplies Stationery,4503,At Risk,1,91.23,0.044,87.21,32.6,70,Wholesale
ORD-103474,29-03-2023,South,Office Supplies,Paper,Office Supplies Paper,4394,VIP,2,212.69,0.0925,386.03,112.89,36,Retail
ORD-103475,04-12-2022,South,Apparel,Accessories,Apparel Accessories,5677,At Risk,6,56.58,0.0635,317.92,101.83,52,Online
ORD-103476,28-07-2022,North,Office Supplies,Paper,Office Supplies Paper,3331,Regular,3,127.54,0.0245,373.25,148.08,56,Wholesale
ORD-103477,12-04-2022,Central,Electronics,Accessories,Electronics Accessories,5331,VIP,7,213.58,0.0431,1430.59,416.97,61,Retail
ORD-103478,06-07-2023,North,Apparel,Shirts,Apparel Shirts,6692,VIP,5,72.37,0.0851,331.04,99.51,65,Retail
ORD-103479,22-05-2024,East,Electronics,Phone,Electronics Phone,1717,New,3,69.87,0.0899,190.77,37.28,51,Retail
ORD-103480,20-08-2024,East,Furniture,Storage,Furniture Storage,5710,Regular,6,87.71,0.0235,513.89,93.31,55,Retail
ORD-103481,23-07-2024,North,Furniture,Storage,Furniture Storage,4572,New,3,59.78,0.0701,166.76,53.03,66,Online
ORD-103482,23-08-2023,South,Electronics,Accessories,Electronics Accessories,4256,New,1,56.87,0.1292,49.52,14.81,36,Online
ORD-103483,04-10-2024,North,Furniture,Desk,Furniture Desk,2509,New,7,185.31,0.0503,1231.86,454.88,69,Online
ORD-103484,01-08-2024,East,Apparel,Footwear,Apparel Footwear,6901,New,3,42.89,0.0229,125.72,22.99,56,Retail
ORD-103485,06-05-2023,West,Office Supplies,Paper,Office Supplies Paper,6584,VIP,3,126.75,0.0654,355.4,91.52,48,Online
ORD-103486,10-04-2022,East,Office Supplies,Paper,Office Supplies Paper,3219,Regular,1,165.59,0.0449,158.16,37.9,55,Retail
ORD-103487,26-01-2023,South,Electronics,Phone,Electronics Phone,1130,New,2,80.18,0.0771,148,27.68,62,Online
ORD-103488,23-08-2023,North,Furniture,Storage,Furniture Storage,5579,VIP,1,202.8,0.0906,184.43,59.29,64,Retail
ORD-103489,23-03-2025,North,Furniture,Storage,Furniture Storage,6611,Regular,6,217.64,0.0721,1211.64,476.42,58,Wholesale
ORD-103490,25-01-2022,East,Electronics,Phone,Electronics Phone,4351,VIP,2,170.23,0.0427,325.91,88.84,60,Online
ORD-103491,17-08-2024,East,Furniture,Desk,Furniture Desk,6380,New,7,44.63,0.0572,294.55,82.81,24,Wholesale
ORD-103492,01-07-2024,South,Electronics,Phone,Electronics Phone,2915,VIP,3,32.09,0.1341,83.36,31.67,41,Retail
ORD-103493,17-02-2022,West,Apparel,Accessories,Apparel Accessories,6801,Regular,5,175.04,0.0914,795.21,179.27,70,Online
ORD-103494,07-01-2023,East,Furniture,Storage,Furniture Storage,6364,VIP,4,117.52,0.1562,396.64,102.33,25,Wholesale
ORD-103495,05-02-2025,East,Apparel,Shirts,Apparel Shirts,5447,VIP,1,210.55,0.0444,201.19,55.62,45,Wholesale
ORD-103496,28-10-2023,North,Furniture,Desk,Furniture Desk,5067,Regular,6,44.03,0.083,242.24,57.27,35,Online
ORD-103497,11-08-2023,South,Office Supplies,Stationery,Office Supplies Stationery,6090,VIP,2,22.14,0.0946,40.09,15.42,22,Online
ORD-103498,17-03-2022,Central,Office Supplies,Stationery,Office Supplies Stationery,6652,VIP,3,188.62,0.1949,455.55,151.18,40,Online
ORD-103499,31-03-2023,Central,Apparel,Accessories,Apparel Accessories,1026,Regular,5,135.07,0.0757,624.26,170.76,39,Retail
ORD-103500,27-12-2024,East,Furniture,Lighting,Furniture Lighting,2971,Regular,4,93.19,0.1851,303.77,76.98,25,Online
ORD-103501,31-07-2024,South,Apparel,Footwear,Apparel Footwear,3401,At Risk,3,171.4,0.0651,480.73,109.06,21,Wholesale
ORD-103502,16-02-2024,South,Apparel,Accessories,Apparel Accessories,5665,New,4,42.69,0.0768,157.65,40.27,31,Retail
ORD-103503,27-04-2022,East,Furniture,Desk,Furniture Desk,1450,Regular,2,204.74,0.0486,389.56,76.62,64,Wholesale
ORD-103504,12-06-2023,Central,Apparel,Shirts,Apparel Shirts,2484,New,7,208.21,0.0829,1336.58,388.27,31,Online
ORD-103505,07-09-2024,North,Office Supplies,Paper,Office Supplies Paper,2036,New,2,200.93,0.0613,377.21,153.37,66,Online
ORD-103506,26-03-2024,North,Furniture,Desk,Furniture Desk,3098,Regular,1,159.08,0.0325,153.91,50.86,55,Retail
ORD-103507,18-05-2022,South,Furniture,Chair,Furniture Chair,5921,VIP,4,142.66,0.0608,535.93,155.82,45,Online
ORD-103508,22-01-2025,Central,Electronics,Accessories,Electronics Accessories,6175,Regular,5,154.4,0.0172,758.73,236.6,49,Online
ORD-103509,07-08-2022,East,Office Supplies,Binders,Office Supplies Binders,6911,New,7,131.14,0.0429,878.64,212.34,21,Retail
ORD-103510,14-05-2022,North,Office Supplies,Stationery,Office Supplies Stationery,2311,Regular,3,65.05,0.0321,188.89,56.11,57,Wholesale
ORD-103511,25-08-2023,West,Furniture,Storage,Furniture Storage,6139,Regular,6,156.35,0.0604,881.48,183.42,68,Retail
ORD-103512,26-04-2023,North,Office Supplies,Binders,Office Supplies Binders,3055,VIP,5,144.6,0.0634,677.15,239.1,26,Wholesale
ORD-103513,12-03-2023,North,Furniture,Desk,Furniture Desk,5061,New,5,108.97,0.1135,483.02,146.7,24,Wholesale
ORD-103514,15-02-2023,South,Apparel,Jackets,Apparel Jackets,3524,New,6,83.71,0.0264,489.01,192.72,56,Wholesale
ORD-103515,24-05-2022,West,Office Supplies,Binders,Office Supplies Binders,5284,VIP,7,87.23,0.0574,575.56,134.94,67,Retail
ORD-103516,27-07-2023,North,Furniture,Desk,Furniture Desk,2722,VIP,1,26.62,0.061,25,6.98,45,Wholesale
ORD-103517,23-09-2022,West,Apparel,Footwear,Apparel Footwear,6868,At Risk,6,145.14,0.0026,868.55,353.38,42,Online
ORD-103518,20-03-2022,North,Electronics,Accessories,Electronics Accessories,6548,Regular,3,28.19,0.1189,74.51,21.35,25,Online
ORD-103519,17-04-2022,North,Office Supplies,Stationery,Office Supplies Stationery,2860,VIP,4,180.5,0.0994,650.26,164.59,44,Retail
ORD-103520,16-05-2024,Central,Office Supplies,Ink,Office Supplies Ink,1047,VIP,3,23.46,0.0209,68.91,20.75,59,Online
ORD-103521,22-04-2022,Central,Apparel,Footwear,Apparel Footwear,5913,New,3,158.52,0.0903,432.61,103.49,64,Retail
ORD-103522,08-12-2023,West,Furniture,Lighting,Furniture Lighting,6058,VIP,3,59.17,0.0484,168.93,31.57,41,Wholesale
ORD-103523,05-05-2024,South,Apparel,Shirts,Apparel Shirts,5240,Regular,4,134.92,0.0507,512.32,140.27,52,Online
ORD-103524,15-02-2024,North,Apparel,Accessories,Apparel Accessories,6706,At Risk,1,136.25,0.059,128.22,35.44,64,Retail
ORD-103525,19-02-2023,West,Apparel,Jackets,Apparel Jackets,4926,VIP,2,94.4,0.0276,183.59,63.53,66,Retail
ORD-103526,21-10-2024,North,Electronics,Laptop,Electronics Laptop,2478,New,5,193.56,0.0471,922.2,181.03,67,Wholesale
ORD-103527,16-03-2022,South,Electronics,Tablet,Electronics Tablet,6362,VIP,3,161.94,0.053,460.09,174.22,49,Retail
ORD-103528,22-03-2025,North,Apparel,Footwear,Apparel Footwear,2923,Regular,5,28.59,0.0462,136.34,55.45,48,Online
ORD-103529,11-01-2024,South,Office Supplies,Ink,Office Supplies Ink,4941,Regular,5,146.78,0.0656,685.74,209,57,Wholesale
ORD-103530,20-02-2024,South,Furniture,Chair,Furniture Chair,3205,New,3,202.91,0.0441,581.86,217.68,44,Online
ORD-103531,04-05-2024,Central,Office Supplies,Ink,Office Supplies Ink,2646,Regular,1,178.64,0.0326,172.82,46.36,26,Retail
ORD-103532,04-07-2023,Central,Furniture,Desk,Furniture Desk,6716,VIP,5,162.69,0.062,763,246.87,28,Wholesale
ORD-103533,07-05-2022,North,Furniture,Storage,Furniture Storage,3201,Regular,4,55.6,0.1523,188.53,70.59,37,Wholesale
ORD-103534,23-06-2023,West,Furniture,Storage,Furniture Storage,6932,VIP,5,189.99,0.0152,935.55,187.29,34,Wholesale
ORD-103535,05-07-2023,South,Apparel,Jackets,Apparel Jackets,2828,VIP,5,160.28,0.1423,687.35,279.24,39,Wholesale
ORD-103536,01-12-2022,South,Electronics,Laptop,Electronics Laptop,1069,New,3,126.09,0.026,368.43,82.51,47,Wholesale
ORD-103537,30-01-2024,West,Furniture,Lighting,Furniture Lighting,1833,Regular,3,112.02,0.1397,289.12,109.55,33,Wholesale
ORD-103538,05-06-2022,West,Electronics,Laptop,Electronics Laptop,6972,VIP,6,132.51,0.0216,777.88,296.69,67,Retail
ORD-103539,26-02-2023,North,Office Supplies,Binders,Office Supplies Binders,3479,Regular,2,125.43,0.0438,239.86,77.42,22,Retail
ORD-103540,24-08-2023,South,Office Supplies,Binders,Office Supplies Binders,5776,New,6,160.14,0.0609,902.36,327.14,61,Online
ORD-103541,28-02-2025,East,Office Supplies,Paper,Office Supplies Paper,6365,At Risk,5,35.16,0.0307,170.4,61.21,50,Wholesale
ORD-103542,24-10-2022,Central,Apparel,Accessories,Apparel Accessories,6304,At Risk,3,164.69,0.0817,453.72,112.59,31,Online
ORD-103543,10-01-2024,North,Office Supplies,Ink,Office Supplies Ink,6243,New,3,39.36,0.046,112.65,39.56,24,Retail
ORD-103544,28-06-2023,West,Furniture,Desk,Furniture Desk,6796,New,5,130.02,0.0602,610.97,254.22,59,Retail
ORD-103545,07-08-2024,East,Electronics,Laptop,Electronics Laptop,2574,At Risk,6,21.34,0.116,113.19,24.93,24,Wholesale
ORD-103546,25-07-2022,Central,Apparel,Footwear,Apparel Footwear,1168,Regular,4,148.38,0.1036,532.01,113.21,22,Online
ORD-103547,07-01-2025,South,Office Supplies,Stationery,Office Supplies Stationery,3358,VIP,2,216.75,0.1418,372.01,143.6,38,Retail
ORD-103548,16-06-2024,Central,Apparel,Shirts,Apparel Shirts,1731,New,5,109.35,0.0597,514.12,155.46,58,Online
ORD-103549,09-02-2022,West,Furniture,Lighting,Furniture Lighting,4720,At Risk,5,52.04,0.0709,241.76,66.36,69,Wholesale
ORD-103550,19-01-2024,North,Electronics,Tablet,Electronics Tablet,3668,New,6,126.6,0.006,755.06,302.81,21,Wholesale
ORD-103551,18-01-2025,Central,Apparel,Accessories,Apparel Accessories,6279,New,7,211.7,0.0574,1396.91,339.48,28,Online
ORD-103552,24-02-2024,South,Furniture,Lighting,Furniture Lighting,2373,New,1,34.75,0.0257,33.86,12.82,57,Wholesale
ORD-103553,17-07-2023,Central,Apparel,Footwear,Apparel Footwear,6222,New,3,186.93,0.0523,531.47,173.29,63,Online
ORD-103554,02-12-2022,North,Furniture,Lighting,Furniture Lighting,4115,New,3,92.94,0.034,269.33,48.52,44,Wholesale
ORD-103555,26-09-2023,West,Office Supplies,Ink,Office Supplies Ink,2941,Regular,2,44.61,0.0144,87.94,34.87,66,Online
ORD-103556,06-03-2024,East,Apparel,Shirts,Apparel Shirts,4019,Regular,5,113.74,0.1443,486.65,97.71,60,Online
ORD-103557,12-09-2022,Central,Apparel,Footwear,Apparel Footwear,4267,At Risk,5,58.37,0.1178,257.47,97.51,67,Retail
ORD-103558,25-08-2023,South,Office Supplies,Stationery,Office Supplies Stationery,6984,VIP,1,108.71,0.0331,105.11,39.04,33,Retail
ORD-103559,27-02-2023,South,Office Supplies,Binders,Office Supplies Binders,5954,Regular,3,94.81,0.0316,275.44,100.86,51,Online
ORD-103560,31-01-2022,West,Furniture,Lighting,Furniture Lighting,3865,New,5,160.13,0.0723,742.77,198.34,43,Wholesale
ORD-103561,08-09-2024,West,Electronics,Laptop,Electronics Laptop,6821,Regular,3,101.07,0.0387,291.47,65.26,64,Wholesale
ORD-103562,26-06-2024,Central,Furniture,Lighting,Furniture Lighting,4222,Regular,3,166.93,0.0378,481.87,180.09,45,Online
ORD-103563,01-06-2024,South,Electronics,Phone,Electronics Phone,6403,Regular,3,213.02,0.0287,620.73,113.93,27,Wholesale
ORD-103564,10-01-2022,West,Apparel,Jackets,Apparel Jackets,6288,At Risk,5,84.13,0.0704,391.02,121.3,51,Wholesale
ORD-103565,28-03-2024,North,Apparel,Accessories,Apparel Accessories,5112,VIP,1,147.54,0.1267,128.84,35.73,40,Online
ORD-103566,18-10-2023,North,Electronics,Phone,Electronics Phone,2142,New,3,177.36,0.0743,492.56,172.99,70,Online
ORD-103567,05-06-2023,Central,Electronics,Tablet,Electronics Tablet,1919,Regular,6,58.34,0.0373,336.97,124.24,28,Retail
ORD-103568,01-06-2024,South,Apparel,Footwear,Apparel Footwear,4786,Regular,2,152.72,0.0087,302.78,94.31,34,Online
ORD-103569,31-03-2025,Central,Apparel,Accessories,Apparel Accessories,4199,Regular,2,78.4,0.0483,149.23,59.01,47,Retail
ORD-103570,24-02-2023,North,Apparel,Shirts,Apparel Shirts,6722,New,3,67.4,0.0457,192.97,71.8,58,Wholesale
ORD-103571,18-03-2023,North,Electronics,Phone,Electronics Phone,6978,VIP,4,92.61,0.0121,365.95,113.03,44,Wholesale
ORD-103572,13-12-2022,East,Office Supplies,Paper,Office Supplies Paper,6010,Regular,3,115.02,0.0695,321.08,89.08,42,Retail
ORD-103573,11-04-2022,Central,Apparel,Accessories,Apparel Accessories,5847,Regular,5,42.45,0.1267,185.36,76.24,64,Retail
ORD-103574,18-08-2024,South,Furniture,Chair,Furniture Chair,4390,New,6,94.61,0.0756,524.77,220.1,41,Wholesale
ORD-103575,03-06-2022,South,Furniture,Storage,Furniture Storage,1637,Regular,6,143.07,0.1095,764.46,299.36,40,Online
ORD-103576,31-12-2024,Central,Office Supplies,Stationery,Office Supplies Stationery,3836,Regular,6,206.57,0.0964,1119.98,466.82,27,Retail
ORD-103577,19-02-2023,South,Apparel,Footwear,Apparel Footwear,5671,Regular,1,213.38,0.0919,193.78,35.68,46,Retail
ORD-103578,27-03-2025,East,Apparel,Jackets,Apparel Jackets,5691,Regular,3,111.74,0.0517,317.9,76.03,64,Online
ORD-103579,25-02-2025,South,Furniture,Chair,Furniture Chair,5099,Regular,1,77.01,0.1022,69.14,21.37,51,Online
ORD-103580,04-12-2023,North,Electronics,Laptop,Electronics Laptop,2198,VIP,5,160.58,0.0462,765.77,311.79,52,Wholesale
ORD-103581,10-03-2023,North,Apparel,Footwear,Apparel Footwear,6952,VIP,2,52.69,0.0534,99.75,35.85,27,Wholesale
ORD-103582,15-04-2023,South,Electronics,Accessories,Electronics Accessories,1916,Regular,7,38.23,0.1205,235.36,98.55,54,Online
ORD-103583,09-04-2022,North,Furniture,Storage,Furniture Storage,6834,VIP,5,27.34,0.0603,128.46,35.29,68,Retail
ORD-103584,24-10-2022,North,Apparel,Shirts,Apparel Shirts,5620,Regular,3,116,0.0759,321.58,123.5,62,Online
ORD-103585,13-01-2022,East,Apparel,Accessories,Apparel Accessories,6684,At Risk,2,31.74,0.0547,60.01,12.71,62,Wholesale
ORD-103586,18-02-2023,South,Office Supplies,Binders,Office Supplies Binders,3035,Regular,7,111.09,0.0514,737.63,293.8,66,Wholesale
ORD-103587,06-02-2022,East,Apparel,Jackets,Apparel Jackets,2132,At Risk,2,107.66,0.075,199.17,58.21,70,Retail
ORD-103588,09-12-2024,Central,Apparel,Footwear,Apparel Footwear,1737,At Risk,5,155.25,0.0985,699.82,148.58,69,Online
ORD-103589,17-01-2024,West,Office Supplies,Stationery,Office Supplies Stationery,4574,New,1,33.63,0.0463,32.07,8.19,46,Online
ORD-103590,16-07-2022,North,Apparel,Shirts,Apparel Shirts,5207,Regular,2,138.36,0.0458,264.04,88.03,60,Online
ORD-103591,24-03-2023,East,Office Supplies,Binders,Office Supplies Binders,6508,At Risk,3,71.77,0.1189,189.7,45.63,57,Retail
ORD-103592,22-01-2023,South,Electronics,Phone,Electronics Phone,5805,New,5,72.71,0.0281,353.32,112.56,58,Online
ORD-103593,25-12-2024,Central,Furniture,Lighting,Furniture Lighting,3794,At Risk,2,115.65,0.1037,207.31,53.3,51,Online
ORD-103594,11-11-2023,West,Office Supplies,Stationery,Office Supplies Stationery,6624,Regular,5,175.54,0.0054,872.95,278.91,47,Retail
ORD-103595,06-02-2023,South,Electronics,Phone,Electronics Phone,1822,At Risk,3,137.94,0.0727,383.74,134.93,41,Wholesale
ORD-103596,25-07-2022,West,Apparel,Footwear,Apparel Footwear,3060,VIP,6,195.13,0.0498,1112.46,424.03,69,Retail
ORD-103597,20-05-2024,South,Office Supplies,Paper,Office Supplies Paper,2815,New,2,85.13,0.0706,158.25,49.33,38,Wholesale
ORD-103598,13-01-2025,West,Apparel,Jackets,Apparel Jackets,5367,Regular,2,175.06,0.0645,327.54,89.64,58,Online
ORD-103599,16-10-2022,East,Electronics,Laptop,Electronics Laptop,2481,Regular,3,153.18,0.0915,417.5,155.75,61,Online
ORD-103600,03-07-2022,West,Electronics,Accessories,Electronics Accessories,5318,New,3,161.62,0.0342,468.29,167.81,61,Wholesale
ORD-103601,03-04-2023,West,Apparel,Jackets,Apparel Jackets,5481,New,6,44.22,0.0472,252.81,76.71,51,Online
ORD-103602,10-05-2023,West,Electronics,Accessories,Electronics Accessories,6877,New,5,109.53,0.0795,504.13,198.84,51,Online
ORD-103603,19-11-2022,East,Furniture,Storage,Furniture Storage,6020,VIP,4,144,0.0557,543.91,218.29,33,Online
ORD-103604,17-08-2022,North,Electronics,Laptop,Electronics Laptop,6429,VIP,5,85.36,0.0643,399.37,163.83,35,Wholesale
ORD-103605,24-02-2024,West,Furniture,Chair,Furniture Chair,1725,New,1,41.47,0.059,39.02,12.45,59,Retail
ORD-103606,13-12-2022,North,Electronics,Phone,Electronics Phone,6038,Regular,3,45.92,0.0092,136.5,42.58,29,Retail
ORD-103607,21-11-2024,West,Electronics,Laptop,Electronics Laptop,1478,Regular,1,80.43,0.0651,75.2,26.99,61,Online
ORD-103608,23-02-2024,East,Furniture,Lighting,Furniture Lighting,4924,At Risk,5,36.02,0.0748,166.63,31.42,46,Online
ORD-103609,14-04-2022,Central,Furniture,Storage,Furniture Storage,1642,Regular,7,187.56,0.052,1244.69,328.99,53,Retail
ORD-103610,28-06-2023,West,Apparel,Footwear,Apparel Footwear,4575,Regular,1,105.04,0.0898,95.61,31.34,50,Retail
ORD-103611,17-04-2023,North,Apparel,Jackets,Apparel Jackets,2170,Regular,7,44.84,0.0347,302.98,67.39,34,Online
ORD-103612,07-03-2022,East,Office Supplies,Paper,Office Supplies Paper,1741,Regular,5,52.28,0.0376,251.56,62.43,46,Online
ORD-103613,10-04-2024,North,Apparel,Jackets,Apparel Jackets,3142,New,6,54.52,0.1306,284.41,108.66,21,Wholesale
ORD-103614,07-11-2022,Central,Furniture,Storage,Furniture Storage,6004,VIP,6,125.06,0.0406,719.92,217.43,25,Wholesale
ORD-103615,23-12-2023,North,Office Supplies,Paper,Office Supplies Paper,4839,VIP,4,108.69,0.1101,386.89,128.85,42,Retail
ORD-103616,31-05-2023,South,Furniture,Lighting,Furniture Lighting,5509,New,3,90.47,0.1128,240.8,51.27,40,Online
ORD-103617,29-11-2024,West,Electronics,Laptop,Electronics Laptop,6004,VIP,7,133.74,0.0334,904.94,301.81,49,Wholesale
ORD-103618,26-03-2024,North,Furniture,Desk,Furniture Desk,1023,Regular,7,76.8,0.073,498.37,97.01,53,Wholesale
ORD-103619,16-02-2024,West,Furniture,Lighting,Furniture Lighting,5528,New,6,88.88,0.0682,496.93,205.24,22,Retail
ORD-103620,31-10-2023,Central,Office Supplies,Stationery,Office Supplies Stationery,1687,Regular,7,154.17,0.0981,973.35,269.29,62,Retail
ORD-103621,26-07-2023,Central,Furniture,Chair,Furniture Chair,2283,VIP,7,171.59,0.0687,1118.65,299.06,51,Online
ORD-103622,05-12-2024,West,Electronics,Phone,Electronics Phone,3684,New,5,158.39,0.0274,770.28,140.33,35,Online
ORD-103623,01-07-2023,West,Electronics,Tablet,Electronics Tablet,4284,New,5,56.13,0.0967,253.5,64.91,23,Wholesale
ORD-103624,09-10-2022,North,Furniture,Chair,Furniture Chair,2815,Regular,2,168.48,0.0575,317.57,133.23,49,Online
ORD-103625,22-11-2022,Central,Apparel,Jackets,Apparel Jackets,1326,Regular,2,189.29,0.1593,318.26,131.23,24,Retail
ORD-103626,22-07-2023,East,Apparel,Footwear,Apparel Footwear,6283,VIP,6,96.33,0.0773,533.3,201.86,44,Retail
ORD-103627,26-07-2022,East,Electronics,Tablet,Electronics Tablet,5461,New,3,179.43,0.0233,525.73,180.59,64,Wholesale
ORD-103628,07-09-2022,North,Apparel,Jackets,Apparel Jackets,4844,VIP,2,205.35,0.0348,396.4,146.14,60,Wholesale
ORD-103629,18-10-2022,North,Apparel,Jackets,Apparel Jackets,2014,VIP,6,174.38,0.0287,1016.2,381.72,34,Online
ORD-103630,07-04-2025,South,Apparel,Accessories,Apparel Accessories,3579,VIP,2,147,0.0612,276.01,58.92,36,Wholesale
ORD-103631,19-04-2024,Central,Office Supplies,Paper,Office Supplies Paper,3222,New,5,101.23,0.146,432.25,171.79,23,Retail
ORD-103632,05-05-2022,West,Electronics,Tablet,Electronics Tablet,2438,New,5,179.34,0.0636,839.64,309.45,43,Online
ORD-103633,20-06-2024,North,Furniture,Desk,Furniture Desk,1679,New,5,177.44,0.0815,814.91,271.59,33,Wholesale
ORD-103634,12-06-2022,South,Electronics,Phone,Electronics Phone,5747,VIP,2,90.63,0.022,177.27,40.37,54,Retail
ORD-103635,20-02-2023,East,Office Supplies,Paper,Office Supplies Paper,6740,At Risk,7,148.46,0.0722,964.15,192.11,64,Wholesale
ORD-103636,26-03-2022,Central,Furniture,Storage,Furniture Storage,2360,Regular,7,35.97,0.1464,214.92,76.76,60,Online
ORD-103637,07-02-2022,North,Office Supplies,Stationery,Office Supplies Stationery,2583,Regular,7,111,0.0523,736.35,177.54,30,Retail
ORD-103638,16-07-2022,North,Apparel,Shirts,Apparel Shirts,1444,New,4,137.87,0.0737,510.86,171.31,57,Retail
ORD-103639,15-01-2024,Central,Office Supplies,Ink,Office Supplies Ink,1079,Regular,7,138.49,0.0142,955.62,237.86,58,Retail
ORD-103640,08-04-2022,East,Office Supplies,Binders,Office Supplies Binders,3486,VIP,5,56.59,0.0827,259.56,76.78,49,Retail
ORD-103641,05-05-2024,Central,Apparel,Shirts,Apparel Shirts,3861,New,4,24.32,0.0456,92.84,35.65,39,Retail
ORD-103642,03-10-2022,West,Furniture,Lighting,Furniture Lighting,5767,New,3,196.6,0.0281,573.25,222.81,42,Online
ORD-103643,14-04-2024,East,Furniture,Lighting,Furniture Lighting,1486,Regular,4,94.88,0.0275,369.07,135.29,64,Retail
ORD-103644,24-07-2022,Central,Furniture,Desk,Furniture Desk,3712,New,2,217.12,0.1137,384.87,159.65,21,Online
ORD-103645,27-03-2022,North,Office Supplies,Stationery,Office Supplies Stationery,1004,At Risk,2,201.2,0.0318,389.61,94.07,67,Retail
ORD-103646,10-12-2022,Central,Furniture,Lighting,Furniture Lighting,4236,New,2,45.88,0.0357,88.49,28.19,59,Retail
ORD-103647,23-02-2024,South,Furniture,Chair,Furniture Chair,3826,New,7,38.8,0.0337,262.46,48.93,41,Online
ORD-103648,20-03-2024,South,Furniture,Lighting,Furniture Lighting,2127,Regular,6,117.72,0.0141,696.33,204.29,28,Retail
ORD-103649,25-07-2024,Central,Office Supplies,Ink,Office Supplies Ink,1653,Regular,1,37.02,0.078,34.13,6.18,27,Retail
ORD-103650,15-07-2024,South,Office Supplies,Stationery,Office Supplies Stationery,2481,VIP,7,166.58,0.1309,1013.44,240.17,29,Wholesale
ORD-103651,20-11-2022,East,Office Supplies,Stationery,Office Supplies Stationery,1169,New,1,156.76,0.0945,141.95,39.72,24,Wholesale
ORD-103652,29-04-2024,North,Furniture,Chair,Furniture Chair,6528,Regular,7,94.03,0.1309,572.07,185.09,66,Online
ORD-103653,11-08-2024,West,Apparel,Footwear,Apparel Footwear,3882,VIP,4,156.26,0.0811,574.36,138.83,40,Retail
ORD-103654,14-05-2024,North,Electronics,Phone,Electronics Phone,4805,Regular,1,51.44,0.0145,50.69,16.92,31,Retail
ORD-103655,28-01-2022,West,Electronics,Laptop,Electronics Laptop,5889,Regular,5,84.45,0.0819,387.66,109.88,35,Retail
ORD-103656,09-09-2024,North,Electronics,Phone,Electronics Phone,1727,At Risk,6,66.19,0.0528,376.19,107.45,59,Wholesale
ORD-103657,15-04-2022,Central,Furniture,Storage,Furniture Storage,4337,VIP,3,179.89,0.1529,457.15,165.37,59,Retail
ORD-103658,27-03-2023,West,Electronics,Laptop,Electronics Laptop,6543,VIP,2,172.06,0.0137,339.4,109.49,39,Wholesale
ORD-103659,10-03-2025,East,Electronics,Tablet,Electronics Tablet,1134,VIP,1,123.76,0.0904,112.57,35.92,47,Wholesale
ORD-103660,25-10-2024,South,Furniture,Lighting,Furniture Lighting,4932,At Risk,1,72.74,0.0258,70.87,26.81,61,Online
ORD-103661,25-04-2024,West,Office Supplies,Paper,Office Supplies Paper,2461,Regular,1,120.04,0.0796,110.49,35.58,43,Wholesale
ORD-103662,27-05-2023,North,Furniture,Lighting,Furniture Lighting,6552,At Risk,3,154.59,0.0554,438.06,182.05,51,Online
ORD-103663,27-11-2024,South,Furniture,Lighting,Furniture Lighting,5299,At Risk,3,40.75,0.1978,98.06,25.13,29,Retail
ORD-103664,04-09-2023,East,Electronics,Accessories,Electronics Accessories,3463,New,1,212.01,0.0348,204.64,60.12,38,Online
ORD-103665,07-03-2022,Central,Apparel,Jackets,Apparel Jackets,5208,At Risk,7,92.56,0.0649,605.89,150.71,67,Online
ORD-103666,05-10-2022,North,Apparel,Accessories,Apparel Accessories,2890,At Risk,5,102.98,0.0975,464.7,151.49,58,Online
ORD-103667,13-12-2022,West,Electronics,Laptop,Electronics Laptop,4641,Regular,4,72.74,0.0091,288.33,100.01,33,Online
ORD-103668,30-09-2024,West,Office Supplies,Ink,Office Supplies Ink,3157,VIP,7,166.5,0.0407,1118.03,223.69,54,Wholesale
ORD-103669,17-12-2023,North,Apparel,Accessories,Apparel Accessories,2423,Regular,7,58.77,0.0788,378.95,122.78,25,Online
ORD-103670,25-01-2024,East,Office Supplies,Ink,Office Supplies Ink,3868,Regular,6,92.96,0.0737,516.63,118.96,33,Wholesale
ORD-103671,07-10-2022,South,Furniture,Chair,Furniture Chair,5981,New,7,144.64,0.0561,955.64,320.14,27,Online
ORD-103672,19-12-2023,South,Office Supplies,Stationery,Office Supplies Stationery,1676,New,1,89.44,0.102,80.32,24.43,64,Wholesale
ORD-103673,19-04-2024,East,Office Supplies,Ink,Office Supplies Ink,3492,Regular,6,43.95,0.0768,243.44,83.72,40,Online
ORD-103674,24-12-2023,West,Office Supplies,Paper,Office Supplies Paper,5762,At Risk,2,83.05,0.0366,160.01,40.76,65,Retail
ORD-103675,16-01-2022,North,Electronics,Accessories,Electronics Accessories,6543,New,1,166.96,0.0161,164.28,66.07,46,Retail
ORD-103676,29-11-2024,Central,Furniture,Desk,Furniture Desk,2876,New,2,191,0.0766,352.75,138.62,42,Online
ORD-103677,28-02-2024,Central,Apparel,Shirts,Apparel Shirts,1286,VIP,4,131.15,0.0988,472.77,112.7,48,Retail
ORD-103678,01-09-2024,North,Office Supplies,Binders,Office Supplies Binders,1678,Regular,4,110.16,0.0662,411.47,94.56,37,Retail
ORD-103679,05-03-2022,South,Office Supplies,Ink,Office Supplies Ink,4019,Regular,3,50.04,0.0712,139.44,56.71,37,Retail
ORD-103680,18-03-2025,South,Apparel,Footwear,Apparel Footwear,4497,New,7,88.13,0.0215,603.67,223.78,64,Retail
ORD-103681,11-10-2024,South,Office Supplies,Binders,Office Supplies Binders,5418,New,5,56.08,0.0919,254.63,89.27,65,Retail
ORD-103682,03-07-2024,West,Apparel,Shirts,Apparel Shirts,6415,VIP,7,181.27,0.0911,1153.25,452.65,37,Retail
ORD-103683,10-04-2023,East,Apparel,Jackets,Apparel Jackets,1430,At Risk,1,109.11,0.0503,103.62,39.27,67,Retail
ORD-103684,06-10-2023,Central,Apparel,Accessories,Apparel Accessories,4171,Regular,7,133.46,0.1009,840,153.74,43,Retail
ORD-103685,20-05-2024,South,Office Supplies,Paper,Office Supplies Paper,3768,At Risk,6,214.66,0.0355,1242.27,511.7,67,Retail
ORD-103686,26-02-2024,Central,Electronics,Laptop,Electronics Laptop,1533,New,3,24.71,0.0476,70.6,28.14,65,Wholesale
ORD-103687,26-04-2023,West,Apparel,Shirts,Apparel Shirts,5954,Regular,1,44.03,0.0558,41.57,17.2,42,Online
ORD-103688,04-11-2022,West,Furniture,Desk,Furniture Desk,5601,Regular,4,151.94,0.0838,556.82,221.2,43,Wholesale
ORD-103689,05-10-2024,East,Electronics,Accessories,Electronics Accessories,5811,VIP,5,182.96,0.0221,894.57,279.68,36,Wholesale
ORD-103690,12-09-2022,South,Furniture,Storage,Furniture Storage,3169,At Risk,5,132.17,0.0505,627.48,168.26,39,Wholesale
ORD-103691,17-05-2022,West,Office Supplies,Paper,Office Supplies Paper,5565,New,6,153.51,0.171,763.53,262.4,59,Retail
ORD-103692,04-04-2023,South,Furniture,Lighting,Furniture Lighting,6662,New,3,93.31,0.0157,275.53,93.92,41,Wholesale
ORD-103693,14-11-2024,West,Electronics,Tablet,Electronics Tablet,6934,At Risk,6,45.76,0.0284,266.76,103.74,70,Wholesale
ORD-103694,10-05-2023,Central,Apparel,Shirts,Apparel Shirts,5295,Regular,2,99.33,0.0356,191.59,50.09,28,Online
ORD-103695,16-08-2024,South,Apparel,Jackets,Apparel Jackets,3045,VIP,1,140.65,0.0688,130.97,42.44,27,Online
ORD-103696,25-02-2025,North,Apparel,Accessories,Apparel Accessories,5943,New,2,142.85,0.0888,260.33,63.19,27,Online
ORD-103697,19-11-2022,South,Office Supplies,Ink,Office Supplies Ink,4902,VIP,5,64.86,0.008,321.71,73.09,26,Wholesale
ORD-103698,27-02-2023,North,Apparel,Accessories,Apparel Accessories,5215,Regular,3,65.47,0.1464,167.65,42.96,68,Wholesale
ORD-103699,09-05-2022,West,Office Supplies,Paper,Office Supplies Paper,2730,New,6,143.97,0.0233,843.73,350.94,25,Retail
ORD-103700,24-05-2022,Central,Furniture,Chair,Furniture Chair,1226,At Risk,5,89.75,0.0908,407.98,86,64,Wholesale
ORD-103701,06-02-2022,West,Apparel,Accessories,Apparel Accessories,6948,New,5,82.39,0.101,370.35,134.21,39,Retail
ORD-103702,18-10-2023,West,Furniture,Desk,Furniture Desk,4732,Regular,3,142.31,0.0459,407.34,130.37,33,Online
ORD-103703,20-02-2024,North,Apparel,Accessories,Apparel Accessories,5677,Regular,5,139.2,0.0329,673.08,236.18,35,Retail
ORD-103704,01-04-2024,East,Electronics,Accessories,Electronics Accessories,6077,New,7,161.66,0.1303,984.21,203.02,70,Retail
ORD-103705,18-12-2023,East,Electronics,Phone,Electronics Phone,1566,New,5,114.17,0.1348,493.92,154.04,51,Retail
ORD-103706,30-05-2022,South,Electronics,Phone,Electronics Phone,6836,New,4,37.32,0.05,141.82,52.45,64,Retail
ORD-103707,10-12-2024,West,Apparel,Footwear,Apparel Footwear,6918,Regular,3,206.58,0.0572,584.28,199.59,44,Wholesale
ORD-103708,11-09-2024,West,Furniture,Lighting,Furniture Lighting,4944,New,4,60.4,0.0458,230.53,87.83,36,Online
ORD-103709,20-08-2022,South,Furniture,Chair,Furniture Chair,5821,New,3,78.64,0.0291,229.06,61.59,41,Wholesale
ORD-103710,19-01-2024,North,Electronics,Phone,Electronics Phone,4667,VIP,7,156.14,0.1178,964.19,201.73,59,Online
ORD-103711,13-04-2023,North,Furniture,Lighting,Furniture Lighting,1487,New,2,36.16,0.0164,71.14,20.07,69,Online
ORD-103712,09-09-2024,North,Furniture,Lighting,Furniture Lighting,2432,At Risk,5,26.12,0.0905,118.78,24.93,47,Online
ORD-103713,13-07-2024,South,Office Supplies,Paper,Office Supplies Paper,5610,New,5,79.5,0.0581,374.4,127.77,55,Wholesale
ORD-103714,03-11-2022,West,Electronics,Accessories,Electronics Accessories,3355,Regular,1,184.84,0.0852,169.1,42.85,47,Online
ORD-103715,27-01-2024,West,Electronics,Laptop,Electronics Laptop,4553,Regular,4,47.42,0.0622,177.88,66.31,54,Online
ORD-103716,08-06-2022,South,Office Supplies,Binders,Office Supplies Binders,4536,At Risk,1,83.55,0.0415,80.08,21.07,58,Online
ORD-103717,16-07-2023,West,Apparel,Jackets,Apparel Jackets,1357,At Risk,6,188.96,0.0909,1030.67,342.35,47,Wholesale
ORD-103718,08-03-2022,North,Electronics,Accessories,Electronics Accessories,6288,At Risk,2,122.8,0.0819,225.48,66.6,27,Retail
ORD-103719,24-02-2025,West,Electronics,Tablet,Electronics Tablet,5714,VIP,5,139.35,0.0511,661.17,139.19,22,Wholesale
ORD-103720,22-04-2023,East,Furniture,Lighting,Furniture Lighting,6865,Regular,1,82.5,0.1235,72.31,27.4,71,Wholesale
ORD-103721,24-06-2024,West,Electronics,Phone,Electronics Phone,5963,New,6,24.19,0.128,126.56,26.39,62,Online
ORD-103722,12-01-2025,North,Apparel,Accessories,Apparel Accessories,6341,VIP,5,23.34,0.0629,109.36,28.2,62,Wholesale
ORD-103723,25-07-2024,South,Electronics,Accessories,Electronics Accessories,4129,New,4,58.51,0.031,226.79,62.71,58,Online
ORD-103724,15-02-2022,South,Apparel,Shirts,Apparel Shirts,5142,New,6,57.78,0.0801,318.91,111.05,55,Online
ORD-103725,28-06-2022,North,Apparel,Footwear,Apparel Footwear,4760,New,3,90.84,0.0537,257.89,104.56,34,Online
ORD-103726,20-01-2023,Central,Office Supplies,Paper,Office Supplies Paper,1579,At Risk,4,32.12,0.0693,119.58,31.18,59,Wholesale
ORD-103727,05-07-2024,North,Apparel,Shirts,Apparel Shirts,4604,VIP,1,178.9,0.1241,156.7,46.78,69,Retail
ORD-103728,25-05-2023,East,Furniture,Storage,Furniture Storage,5443,Regular,3,60.11,0.0643,168.73,48.36,67,Online
ORD-103729,18-03-2022,Central,Electronics,Laptop,Electronics Laptop,3158,New,3,215.85,0.0282,629.32,231.81,60,Wholesale
ORD-103730,29-07-2023,West,Electronics,Tablet,Electronics Tablet,2705,Regular,6,109.36,0.0759,606.33,153.58,22,Wholesale
ORD-103731,19-03-2022,North,Office Supplies,Stationery,Office Supplies Stationery,2762,At Risk,3,205.48,0.0531,583.72,216.86,66,Retail
ORD-103732,05-06-2023,West,Electronics,Laptop,Electronics Laptop,3152,Regular,1,103.91,0.0122,102.64,40.69,29,Wholesale
ORD-103733,25-08-2024,East,Apparel,Accessories,Apparel Accessories,6718,Regular,2,93.19,0.1168,164.6,63.13,58,Retail
ORD-103734,22-12-2024,Central,Furniture,Lighting,Furniture Lighting,6094,Regular,1,182.48,0.0995,164.32,59.37,45,Wholesale
ORD-103735,22-12-2023,West,Apparel,Shirts,Apparel Shirts,4559,Regular,6,159.23,0.0696,888.91,294.51,50,Wholesale
ORD-103736,10-02-2025,Central,Furniture,Desk,Furniture Desk,3127,VIP,1,109.64,0.0235,107.06,42.65,69,Online
ORD-103737,27-06-2024,East,Office Supplies,Stationery,Office Supplies Stationery,5834,New,6,62.21,0.1567,314.76,91.89,69,Online
ORD-103738,09-10-2024,Central,Electronics,Phone,Electronics Phone,2394,New,5,29.35,0.0785,135.23,25.83,45,Online
ORD-103739,21-11-2024,West,Furniture,Chair,Furniture Chair,5462,New,2,210.72,0.149,358.65,85.79,52,Retail
ORD-103740,30-04-2023,North,Office Supplies,Stationery,Office Supplies Stationery,4294,VIP,6,207.44,0.0885,1134.44,348.76,44,Online
ORD-103741,04-10-2023,Central,Office Supplies,Ink,Office Supplies Ink,5786,VIP,3,106.51,0.0924,290.01,59.21,46,Wholesale
ORD-103742,11-08-2023,Central,Apparel,Jackets,Apparel Jackets,1530,New,7,29.08,0.0569,191.97,61.65,37,Wholesale
ORD-103743,28-03-2024,Central,Electronics,Accessories,Electronics Accessories,1132,VIP,4,31.76,0.0898,115.63,41.93,54,Wholesale
ORD-103744,22-02-2022,East,Apparel,Footwear,Apparel Footwear,5930,At Risk,6,141.54,0.0127,838.42,304.07,38,Wholesale
ORD-103745,05-01-2025,Central,Furniture,Lighting,Furniture Lighting,1110,At Risk,5,67.85,0.0407,325.45,83.31,24,Retail
ORD-103746,15-10-2022,Central,Apparel,Jackets,Apparel Jackets,4960,New,3,165.68,0.0932,450.7,156.09,64,Online
ORD-103747,25-01-2023,Central,Furniture,Storage,Furniture Storage,1805,New,6,183.48,0.066,1028.22,360.82,56,Wholesale
ORD-103748,05-03-2024,West,Furniture,Desk,Furniture Desk,6417,Regular,2,79.92,0.0419,153.15,55.15,59,Online
ORD-103749,12-01-2022,West,Furniture,Storage,Furniture Storage,2632,Regular,5,128.92,0.0854,589.56,220.66,56,Online
ORD-103750,02-05-2023,North,Apparel,Accessories,Apparel Accessories,6864,New,6,119.09,0.0085,708.5,190.26,26,Wholesale
ORD-103751,11-08-2023,West,Electronics,Phone,Electronics Phone,4340,New,2,63.04,0.0102,124.79,29.74,54,Retail
ORD-103752,29-12-2023,South,Furniture,Desk,Furniture Desk,1581,Regular,3,142.88,0.0724,397.6,125.26,68,Online
ORD-103753,20-02-2023,South,Furniture,Storage,Furniture Storage,5871,VIP,7,90.85,0.0362,612.92,214.31,34,Online
ORD-103754,16-09-2024,North,Apparel,Accessories,Apparel Accessories,1517,Regular,3,53.45,0.0372,154.38,43.94,65,Retail
ORD-103755,25-11-2023,South,Apparel,Footwear,Apparel Footwear,6900,Regular,7,112.49,0.1201,692.89,229.26,36,Online
ORD-103756,07-09-2023,West,Apparel,Footwear,Apparel Footwear,1052,VIP,7,123.55,0.1346,748.48,137.42,53,Retail
ORD-103757,30-10-2022,South,Electronics,Phone,Electronics Phone,4702,New,2,168.38,0.1031,302.03,113.25,25,Wholesale
ORD-103758,29-02-2024,West,Apparel,Jackets,Apparel Jackets,6147,New,5,172.2,0.0467,820.83,338.96,67,Online
ORD-103759,22-02-2022,South,Electronics,Phone,Electronics Phone,5441,Regular,7,137.27,0.0841,880.03,198.76,33,Retail
ORD-103760,23-12-2023,West,Office Supplies,Binders,Office Supplies Binders,6204,New,1,87.29,0.0582,82.21,33.99,30,Retail
ORD-103761,20-02-2022,East,Office Supplies,Binders,Office Supplies Binders,6923,Regular,1,212.88,0.0215,208.3,41.24,44,Wholesale
ORD-103762,29-04-2024,Central,Office Supplies,Ink,Office Supplies Ink,2595,Regular,2,181.98,0.1499,309.39,106.88,69,Wholesale
ORD-103763,15-03-2024,East,Apparel,Jackets,Apparel Jackets,5260,Regular,3,116.79,0.0859,320.27,129.22,39,Retail
ORD-103764,21-02-2022,West,Office Supplies,Paper,Office Supplies Paper,3397,Regular,5,170.93,0.0498,812.1,297.7,39,Wholesale
ORD-103765,15-04-2023,North,Office Supplies,Ink,Office Supplies Ink,1307,Regular,6,59,0.0338,342.02,98.4,25,Online
ORD-103766,21-09-2024,East,Electronics,Phone,Electronics Phone,4484,Regular,2,164.13,0.0533,310.77,78.03,40,Retail
ORD-103767,13-09-2024,East,Electronics,Laptop,Electronics Laptop,3234,New,6,110.88,0.0662,621.23,149.27,28,Online
ORD-103768,30-04-2023,North,Apparel,Footwear,Apparel Footwear,2081,Regular,4,121.27,0.0168,476.93,126.17,45,Online
ORD-103769,14-01-2025,South,Furniture,Chair,Furniture Chair,1995,Regular,6,146.5,0.0718,815.9,227.83,49,Retail
ORD-103770,06-01-2022,Central,Office Supplies,Ink,Office Supplies Ink,5363,Regular,5,189.86,0.0569,895.26,258.9,29,Wholesale
ORD-103771,24-02-2025,West,Electronics,Tablet,Electronics Tablet,6261,VIP,7,131.34,0.0509,872.58,344.9,45,Wholesale
ORD-103772,10-10-2022,South,Furniture,Lighting,Furniture Lighting,4557,Regular,2,126.18,0.0054,251,57.57,39,Online
ORD-103773,17-05-2022,West,Apparel,Footwear,Apparel Footwear,4198,New,7,100.19,0.1222,615.61,113.94,27,Online
ORD-103774,02-05-2022,South,Office Supplies,Stationery,Office Supplies Stationery,6919,VIP,5,167.51,0.0511,794.72,212.97,49,Wholesale
ORD-103775,27-01-2024,North,Electronics,Phone,Electronics Phone,1612,New,6,106.71,0.1496,544.49,179.68,63,Online
ORD-103776,19-03-2025,Central,Office Supplies,Stationery,Office Supplies Stationery,6808,Regular,6,148.3,0.0444,850.33,179.95,32,Online
ORD-103777,11-07-2022,West,Furniture,Chair,Furniture Chair,6750,Regular,7,192.38,0.0218,1317.3,487.08,38,Wholesale
ORD-103778,28-08-2023,South,Apparel,Jackets,Apparel Jackets,5911,New,6,150.19,0.0482,857.73,238.23,52,Online
ORD-103779,24-12-2022,East,Office Supplies,Stationery,Office Supplies Stationery,4540,Regular,4,152.63,0.1885,495.44,190.89,25,Wholesale
ORD-103780,28-08-2023,Central,Electronics,Accessories,Electronics Accessories,5040,New,3,31.93,0.0422,91.75,26.64,70,Wholesale
ORD-103781,07-03-2022,West,Apparel,Jackets,Apparel Jackets,6430,New,2,39.88,0.0218,78.02,27.69,30,Retail
ORD-103782,01-08-2023,East,Apparel,Accessories,Apparel Accessories,2103,At Risk,5,60.78,0.0278,295.45,103.51,55,Wholesale
ORD-103783,26-06-2022,North,Apparel,Jackets,Apparel Jackets,2903,Regular,1,214.69,0.0675,200.19,70.25,35,Retail
ORD-103784,19-07-2023,West,Office Supplies,Stationery,Office Supplies Stationery,5122,New,5,164.83,0.0817,756.81,257.66,39,Wholesale
ORD-103785,05-07-2022,North,Furniture,Chair,Furniture Chair,2390,Regular,1,157.4,0.125,137.73,29.15,58,Retail
ORD-103786,02-03-2025,South,Electronics,Tablet,Electronics Tablet,5200,Regular,1,215.58,0.1053,192.88,55.14,56,Wholesale
ORD-103787,14-06-2023,East,Electronics,Laptop,Electronics Laptop,2064,VIP,3,143.15,0.1032,385.12,73.14,50,Retail
ORD-103788,19-03-2023,Central,Office Supplies,Stationery,Office Supplies Stationery,4002,Regular,6,201.59,0.0424,1158.23,307.03,70,Retail
ORD-103789,16-07-2024,South,Apparel,Jackets,Apparel Jackets,2053,Regular,1,143.73,0.0014,143.53,58.61,52,Wholesale
ORD-103790,19-01-2023,South,Office Supplies,Binders,Office Supplies Binders,3733,At Risk,1,60.33,0.0173,59.29,19.6,34,Online
ORD-103791,10-10-2024,West,Apparel,Footwear,Apparel Footwear,1730,New,3,140.1,0.0029,419.09,122.76,32,Online
ORD-103792,21-03-2023,East,Furniture,Lighting,Furniture Lighting,5580,New,5,182.37,0.0867,832.8,315.48,46,Retail
ORD-103793,16-12-2023,South,Apparel,Jackets,Apparel Jackets,1592,At Risk,5,28.52,0.0496,135.53,56.44,57,Retail
ORD-103794,04-04-2022,North,Furniture,Storage,Furniture Storage,6551,VIP,3,168.31,0.0041,502.87,182.52,22,Wholesale
ORD-103795,30-01-2022,Central,Furniture,Storage,Furniture Storage,4799,VIP,2,48.3,0.0764,89.22,16.22,34,Wholesale
ORD-103796,31-08-2023,West,Furniture,Lighting,Furniture Lighting,6519,At Risk,1,96.53,0.1313,83.86,24.57,57,Online
ORD-103797,16-12-2024,East,Apparel,Footwear,Apparel Footwear,4497,New,2,95.67,0.0591,180.03,54.68,58,Wholesale
ORD-103798,19-10-2023,North,Electronics,Laptop,Electronics Laptop,5855,At Risk,3,63.86,0.0832,175.64,41.48,30,Wholesale
ORD-103799,13-05-2023,East,Furniture,Desk,Furniture Desk,1528,VIP,5,140.19,0.149,596.5,125.83,58,Retail
ORD-103800,16-05-2024,West,Electronics,Tablet,Electronics Tablet,2566,New,6,102.71,0.0514,584.56,127.9,71,Wholesale
ORD-103801,29-03-2023,East,Furniture,Storage,Furniture Storage,6761,New,5,141.41,0.0254,689.1,224.1,38,Online
ORD-103802,01-08-2024,North,Furniture,Chair,Furniture Chair,1678,Regular,7,94.38,0.0405,633.93,128.03,53,Online
ORD-103803,31-05-2022,East,Electronics,Phone,Electronics Phone,1227,VIP,1,113.04,0.0862,103.3,27.97,37,Wholesale
ORD-103804,20-02-2024,North,Apparel,Footwear,Apparel Footwear,3021,Regular,1,167.18,0.0446,159.72,66.44,64,Retail
ORD-103805,11-01-2024,North,Apparel,Jackets,Apparel Jackets,4518,New,3,51.09,0.0388,147.32,42.61,36,Wholesale
ORD-103806,12-01-2025,Central,Electronics,Phone,Electronics Phone,4773,Regular,7,40.85,0.0351,275.91,60.76,61,Wholesale
ORD-103807,15-03-2024,North,Apparel,Jackets,Apparel Jackets,3474,New,5,207.97,0.058,979.51,224.44,71,Retail
ORD-103808,23-10-2024,South,Apparel,Jackets,Apparel Jackets,6260,New,7,145.38,0.0404,976.53,219.04,47,Wholesale
ORD-103809,16-11-2022,East,Apparel,Shirts,Apparel Shirts,5591,VIP,4,180.55,0.06,678.85,192.42,30,Online
ORD-103810,15-07-2022,West,Office Supplies,Binders,Office Supplies Binders,2135,Regular,6,157.58,0.0905,859.9,344.06,56,Retail
ORD-103811,18-06-2023,East,Apparel,Jackets,Apparel Jackets,6384,VIP,4,102.6,0.0216,401.53,85.61,35,Retail
ORD-103812,30-11-2024,Central,Electronics,Phone,Electronics Phone,4925,VIP,7,66.6,0.0771,430.24,127.44,65,Retail
ORD-103813,06-01-2023,Central,Apparel,Accessories,Apparel Accessories,2286,New,5,100.23,0.0635,469.32,175.73,35,Wholesale
ORD-103814,09-12-2022,North,Electronics,Tablet,Electronics Tablet,4454,At Risk,3,101.54,0.1954,245.08,86.49,50,Retail
ORD-103815,07-07-2022,Central,Office Supplies,Paper,Office Supplies Paper,1598,New,2,41.17,0.0053,81.9,21.95,34,Online
ORD-103816,16-06-2022,South,Electronics,Accessories,Electronics Accessories,5080,New,1,108,0.0735,100.06,21.07,71,Online
ORD-103817,06-07-2022,South,Office Supplies,Ink,Office Supplies Ink,3872,New,7,188.73,0.0758,1220.99,318.69,71,Retail
ORD-103818,23-08-2024,North,Apparel,Shirts,Apparel Shirts,5711,New,4,98.91,0.0878,360.9,126.74,49,Retail
ORD-103819,19-10-2023,Central,Office Supplies,Paper,Office Supplies Paper,3845,New,1,30.25,0.0952,27.37,5.83,67,Retail
ORD-103820,07-08-2023,West,Apparel,Shirts,Apparel Shirts,3658,VIP,5,58.34,0.0615,273.77,73.49,34,Wholesale
ORD-103821,01-01-2024,West,Office Supplies,Stationery,Office Supplies Stationery,6671,Regular,7,90.5,0.037,610.05,187.88,31,Wholesale
ORD-103822,02-12-2024,South,Electronics,Accessories,Electronics Accessories,3395,VIP,7,69.04,0.0918,438.92,162.27,69,Retail
ORD-103823,26-06-2024,Central,Office Supplies,Binders,Office Supplies Binders,1567,Regular,7,167.06,0.0571,1102.64,333.42,36,Online
ORD-103824,10-12-2024,North,Office Supplies,Binders,Office Supplies Binders,4147,Regular,1,66.45,0.0848,60.81,17.54,63,Online
ORD-103825,14-02-2025,South,Office Supplies,Paper,Office Supplies Paper,6973,At Risk,6,70.45,0.033,408.74,85.33,67,Retail
ORD-103826,15-04-2022,North,Electronics,Tablet,Electronics Tablet,4326,New,5,86.39,0.0349,416.87,80.81,38,Wholesale
ORD-103827,20-12-2024,East,Apparel,Accessories,Apparel Accessories,5617,Regular,4,54.54,0.0389,209.68,77.84,47,Wholesale
ORD-103828,16-07-2022,North,Furniture,Lighting,Furniture Lighting,6864,VIP,4,39.57,0.0326,153.12,54.17,35,Online
ORD-103829,14-11-2022,East,Apparel,Footwear,Apparel Footwear,2705,Regular,5,160.45,0.0261,781.29,249.31,65,Online
ORD-103830,12-10-2022,North,Electronics,Tablet,Electronics Tablet,2323,New,1,31.85,0.1002,28.66,10.47,25,Retail
ORD-103831,07-10-2023,North,Electronics,Tablet,Electronics Tablet,4410,New,2,201.68,0.0138,397.77,85.8,41,Online
ORD-103832,18-01-2025,Central,Electronics,Accessories,Electronics Accessories,6633,Regular,6,192.8,0.018,1136.03,389.88,35,Retail
ORD-103833,23-12-2024,East,Office Supplies,Paper,Office Supplies Paper,2061,At Risk,4,36.15,0.0359,139.41,38.45,44,Wholesale
ORD-103834,02-09-2023,East,Apparel,Shirts,Apparel Shirts,6007,Regular,4,68.87,0.0468,262.6,75.13,30,Retail
ORD-103835,03-06-2024,East,Apparel,Shirts,Apparel Shirts,5992,At Risk,5,35.56,0.0505,168.83,43.08,31,Retail
ORD-103836,09-06-2023,Central,Office Supplies,Paper,Office Supplies Paper,6915,Regular,5,128.94,0.0835,590.9,234.27,46,Wholesale
ORD-103837,23-05-2024,East,Apparel,Shirts,Apparel Shirts,4229,Regular,5,126.51,0.0936,573.36,131.28,32,Retail
ORD-103838,04-01-2023,Central,Apparel,Jackets,Apparel Jackets,3516,VIP,1,64.31,0.0842,58.89,19.45,37,Online
ORD-103839,29-01-2022,North,Furniture,Chair,Furniture Chair,3385,At Risk,4,136.86,0.0227,535.04,212.31,46,Wholesale
ORD-103840,16-11-2022,North,Furniture,Desk,Furniture Desk,2471,Regular,7,212.9,0.0445,1423.92,417.44,41,Online
ORD-103841,08-05-2022,North,Furniture,Desk,Furniture Desk,6681,New,3,159.22,0.1095,425.35,81.91,34,Wholesale
ORD-103842,04-01-2023,West,Office Supplies,Ink,Office Supplies Ink,6170,New,7,206.31,0.0716,1340.83,399.46,26,Wholesale
ORD-103843,01-06-2022,North,Apparel,Footwear,Apparel Footwear,1515,New,6,195.08,0.06,1100.25,231.09,50,Online
ORD-103844,03-08-2023,West,Apparel,Footwear,Apparel Footwear,2938,At Risk,4,144.28,0.0289,560.43,161.92,49,Retail
ORD-103845,25-07-2024,North,Office Supplies,Stationery,Office Supplies Stationery,3711,VIP,2,108.8,0.0992,196.02,48.66,53,Wholesale
ORD-103846,09-05-2022,North,Electronics,Phone,Electronics Phone,5111,Regular,4,30.52,0.1064,109.09,24.92,59,Wholesale
ORD-103847,12-01-2022,North,Electronics,Accessories,Electronics Accessories,4683,At Risk,1,105.79,0.0549,99.98,35,61,Online
ORD-103848,01-01-2023,North,Furniture,Lighting,Furniture Lighting,5619,VIP,6,182.12,0.0315,1058.28,438.81,22,Retail
ORD-103849,19-09-2024,South,Office Supplies,Stationery,Office Supplies Stationery,4009,VIP,1,101.67,0.0283,98.79,20.67,45,Wholesale
ORD-103850,30-05-2024,East,Electronics,Laptop,Electronics Laptop,3960,New,7,73.4,0.0815,471.91,198.08,41,Online
ORD-103851,29-09-2023,South,Furniture,Lighting,Furniture Lighting,2694,VIP,2,98.77,0.0144,194.69,48.46,61,Retail
ORD-103852,02-08-2023,Central,Electronics,Accessories,Electronics Accessories,4027,New,6,204.06,0.0238,1195.27,377.86,61,Retail
ORD-103853,18-04-2023,Central,Apparel,Jackets,Apparel Jackets,6108,Regular,3,118.31,0.0239,346.46,89.59,40,Wholesale
ORD-103854,09-10-2022,Central,Furniture,Storage,Furniture Storage,6531,VIP,4,173.63,0.0667,648.21,122.45,25,Online
ORD-103855,09-02-2025,South,Furniture,Chair,Furniture Chair,3298,New,3,27.11,0.0774,75.04,29.46,38,Retail
ORD-103856,01-12-2024,Central,Furniture,Lighting,Furniture Lighting,2143,Regular,2,89.13,0.1007,160.31,52.96,69,Online
ORD-103857,17-05-2024,West,Furniture,Desk,Furniture Desk,1549,New,4,162.23,0.0486,617.36,114.94,27,Wholesale
ORD-103858,31-01-2022,West,Furniture,Chair,Furniture Chair,4511,At Risk,1,212.65,0.0634,199.16,73.67,56,Retail
ORD-103859,24-04-2022,East,Apparel,Accessories,Apparel Accessories,4471,VIP,3,74.85,0.0834,205.81,62.35,53,Online
ORD-103860,02-08-2022,East,Office Supplies,Paper,Office Supplies Paper,6520,Regular,1,172.18,0.0384,165.56,42,41,Retail
ORD-103861,01-08-2024,South,Apparel,Accessories,Apparel Accessories,5228,Regular,3,166.12,0.0256,485.61,88.7,68,Retail
ORD-103862,08-03-2022,West,Furniture,Lighting,Furniture Lighting,6572,Regular,4,166.55,0.0457,635.77,118.65,58,Online
ORD-103863,10-06-2022,West,Furniture,Lighting,Furniture Lighting,6217,New,1,218.74,0.0444,209.02,76.95,49,Retail
ORD-103864,08-08-2023,North,Apparel,Jackets,Apparel Jackets,5721,At Risk,4,30.19,0.026,117.62,38.94,49,Retail
ORD-103865,12-11-2022,West,Apparel,Jackets,Apparel Jackets,2932,At Risk,3,204.08,0.1214,537.9,206.39,69,Retail
ORD-103866,07-03-2024,West,Furniture,Chair,Furniture Chair,4952,New,3,55.33,0.0907,150.93,49.17,28,Online
ORD-103867,13-04-2025,West,Office Supplies,Stationery,Office Supplies Stationery,3842,New,3,204.88,0.0281,597.35,214.55,61,Retail
ORD-103868,19-07-2023,North,Electronics,Tablet,Electronics Tablet,3545,New,7,98.96,0.0823,635.7,266.58,32,Retail
ORD-103869,02-01-2024,West,Electronics,Phone,Electronics Phone,2763,Regular,6,83.4,0.0901,455.3,97.46,66,Online
ORD-103870,16-05-2022,North,Furniture,Chair,Furniture Chair,2766,New,4,216.01,0.0364,832.58,170.71,43,Wholesale
ORD-103871,17-08-2023,East,Office Supplies,Paper,Office Supplies Paper,5777,Regular,3,39.62,0.0251,115.88,39.36,36,Wholesale
ORD-103872,26-09-2022,Central,Office Supplies,Ink,Office Supplies Ink,6655,VIP,7,52.2,0.0954,330.54,63.52,60,Retail
ORD-103873,24-12-2022,South,Apparel,Jackets,Apparel Jackets,5820,Regular,5,25.76,0.1132,114.22,43.22,34,Retail
ORD-103874,04-06-2023,South,Electronics,Tablet,Electronics Tablet,5006,Regular,7,210.78,0.0782,1360.03,482.56,36,Wholesale
ORD-103875,31-03-2025,East,Apparel,Accessories,Apparel Accessories,6163,Regular,6,167.43,0.0329,971.55,295.7,60,Retail
ORD-103876,08-03-2022,Central,Electronics,Accessories,Electronics Accessories,3456,VIP,7,132.57,0.0348,895.71,267.87,42,Online
ORD-103877,21-10-2024,North,Electronics,Phone,Electronics Phone,3120,At Risk,6,61.45,0.0103,364.9,151.88,68,Retail
ORD-103878,24-02-2022,East,Office Supplies,Binders,Office Supplies Binders,1758,New,4,98.2,0.1078,350.45,117.02,63,Wholesale
ORD-103879,22-10-2022,North,Office Supplies,Paper,Office Supplies Paper,5520,VIP,5,122.84,0.0092,608.56,216.4,34,Online
ORD-103880,09-02-2023,North,Furniture,Desk,Furniture Desk,3106,New,5,164.72,0.121,723.97,206.05,29,Wholesale
ORD-103881,16-10-2023,West,Furniture,Chair,Furniture Chair,3036,New,4,67.38,0.0437,257.74,66.96,37,Online
ORD-103882,29-11-2022,West,Electronics,Tablet,Electronics Tablet,1260,At Risk,1,111.34,0.0447,106.36,20.63,71,Wholesale
ORD-103883,24-03-2022,South,Office Supplies,Stationery,Office Supplies Stationery,5680,VIP,5,112.23,0.104,502.81,153.4,41,Retail
ORD-103884,09-06-2022,North,Electronics,Laptop,Electronics Laptop,6508,Regular,7,62.91,0.1209,387.14,159.15,55,Online
ORD-103885,06-03-2022,East,Electronics,Accessories,Electronics Accessories,4116,Regular,5,59.17,0.0087,293.27,107.18,48,Online
ORD-103886,29-01-2023,East,Office Supplies,Ink,Office Supplies Ink,4538,New,5,164.32,0.0231,802.62,234.54,30,Wholesale
ORD-103887,27-04-2024,North,Electronics,Accessories,Electronics Accessories,2081,At Risk,1,121.52,0.142,104.27,29.86,56,Wholesale
ORD-103888,15-07-2024,Central,Office Supplies,Paper,Office Supplies Paper,5270,At Risk,6,32.15,0.0141,190.19,62.1,36,Wholesale
ORD-103889,29-03-2022,South,Apparel,Footwear,Apparel Footwear,5741,VIP,6,41.09,0.1448,210.84,43.16,29,Wholesale
ORD-103890,06-06-2023,South,Electronics,Laptop,Electronics Laptop,1523,Regular,1,106.23,0.1138,94.14,26.76,60,Online
ORD-103891,17-02-2022,South,Furniture,Desk,Furniture Desk,1510,New,7,53.48,0.0481,356.34,67.88,58,Retail
ORD-103892,11-05-2022,North,Furniture,Desk,Furniture Desk,1874,Regular,5,180.14,0.0325,871.4,304.39,44,Retail
ORD-103893,12-05-2023,North,Office Supplies,Paper,Office Supplies Paper,4849,VIP,5,79.9,0.0479,380.37,133.84,69,Retail
ORD-103894,21-03-2024,West,Apparel,Shirts,Apparel Shirts,1252,New,4,126.48,0.1117,449.39,141.63,30,Retail
ORD-103895,03-10-2024,North,Office Supplies,Ink,Office Supplies Ink,6491,New,5,131.9,0.0924,598.59,129.54,36,Online
ORD-103896,31-12-2022,West,Furniture,Desk,Furniture Desk,4490,At Risk,3,101.15,0.1816,248.35,85.82,40,Retail
ORD-103897,24-01-2023,West,Apparel,Accessories,Apparel Accessories,2241,Regular,7,71.08,0.0556,469.91,125.66,68,Retail
ORD-103898,12-09-2024,East,Apparel,Shirts,Apparel Shirts,5134,VIP,7,180.71,0.0818,1161.56,469.63,70,Wholesale
ORD-103899,16-02-2022,West,Furniture,Desk,Furniture Desk,6691,VIP,6,205.35,0.1815,1008.43,245.7,30,Retail
ORD-103900,11-11-2024,South,Apparel,Shirts,Apparel Shirts,3197,Regular,4,82.07,0.0574,309.45,94.45,62,Retail
ORD-103901,21-03-2024,North,Apparel,Footwear,Apparel Footwear,2961,New,7,35.14,0.0203,241,61.89,33,Retail
ORD-103902,09-08-2022,South,Apparel,Footwear,Apparel Footwear,4743,New,3,125.37,0.0737,348.38,118.8,41,Online
ORD-103903,10-07-2023,South,Electronics,Tablet,Electronics Tablet,1699,New,7,84.99,0.1039,533.13,154.46,68,Retail
ORD-103904,08-04-2022,West,Furniture,Lighting,Furniture Lighting,1406,New,5,160.69,0.0374,773.38,305.06,54,Wholesale
ORD-103905,10-10-2022,Central,Furniture,Storage,Furniture Storage,5917,At Risk,3,205.32,0.0594,579.39,116.95,65,Wholesale
ORD-103906,08-08-2024,North,Office Supplies,Binders,Office Supplies Binders,6983,New,1,89.71,0.0362,86.46,27.2,63,Online
ORD-103907,17-02-2025,East,Electronics,Laptop,Electronics Laptop,4456,At Risk,4,57.43,0.1743,189.67,51.35,60,Wholesale
ORD-103908,25-08-2022,North,Apparel,Jackets,Apparel Jackets,4219,Regular,2,69.17,0.0504,131.37,34.34,56,Wholesale
ORD-103909,15-03-2024,West,Electronics,Tablet,Electronics Tablet,5928,VIP,7,60.92,0.0515,404.46,106.27,23,Wholesale
ORD-103910,24-05-2022,South,Electronics,Phone,Electronics Phone,3358,At Risk,7,49.85,0.0514,331.03,104.5,45,Retail
ORD-103911,08-09-2023,Central,Electronics,Laptop,Electronics Laptop,3388,At Risk,1,210.9,0.0205,206.57,72.34,44,Wholesale
ORD-103912,06-01-2025,North,Furniture,Chair,Furniture Chair,4868,New,6,196.94,0.0265,1150.31,330.75,38,Retail
ORD-103913,20-03-2022,Central,Electronics,Laptop,Electronics Laptop,3859,New,2,129.14,0.0221,252.56,51.48,47,Retail
ORD-103914,10-11-2024,Central,Apparel,Shirts,Apparel Shirts,2593,VIP,2,44.28,0.0917,80.44,17.87,57,Retail
ORD-103915,05-03-2023,South,Furniture,Storage,Furniture Storage,3775,New,2,42.38,0.0814,77.86,25.53,63,Retail
ORD-103916,28-06-2022,Central,Furniture,Lighting,Furniture Lighting,3356,At Risk,6,111.27,0.1241,584.79,114.68,37,Online
ORD-103917,21-04-2023,West,Office Supplies,Ink,Office Supplies Ink,5737,New,7,213.12,0.0749,1380.05,493.03,29,Retail
ORD-103918,23-08-2022,West,Furniture,Desk,Furniture Desk,4956,Regular,3,134.9,0.043,387.31,101.4,64,Retail
ORD-103919,12-11-2023,Central,Apparel,Jackets,Apparel Jackets,6745,New,4,94.97,0.0063,377.49,102.63,25,Online
ORD-103920,14-07-2022,North,Office Supplies,Paper,Office Supplies Paper,4735,Regular,4,47.86,0.0714,177.77,68.18,21,Retail
ORD-103921,16-03-2022,South,Apparel,Shirts,Apparel Shirts,4110,New,2,47.17,0.1446,80.69,19.72,51,Online
ORD-103922,15-03-2022,West,Electronics,Laptop,Electronics Laptop,1966,At Risk,3,20.25,0.0381,58.43,22.74,71,Wholesale
ORD-103923,03-12-2023,South,Office Supplies,Ink,Office Supplies Ink,3790,At Risk,6,181.71,0.1505,926.13,224.03,65,Wholesale
ORD-103924,31-05-2024,West,Office Supplies,Stationery,Office Supplies Stationery,1575,At Risk,4,155.02,0.0315,600.55,202.44,44,Retail
ORD-103925,04-04-2024,South,Furniture,Chair,Furniture Chair,2414,Regular,4,139.08,0.149,473.45,189.5,37,Retail
ORD-103926,28-12-2024,South,Office Supplies,Ink,Office Supplies Ink,5335,Regular,1,135.44,0.0538,128.15,29.44,57,Wholesale
ORD-103927,31-03-2024,East,Furniture,Desk,Furniture Desk,3945,New,3,124.57,0.0255,364.19,103.28,70,Retail
ORD-103928,06-03-2023,South,Electronics,Phone,Electronics Phone,6595,Regular,1,142.06,0.0694,132.21,41.71,37,Retail
ORD-103929,19-11-2024,North,Office Supplies,Ink,Office Supplies Ink,1529,VIP,3,144.21,0.0957,391.25,100,46,Online
ORD-103930,16-02-2025,South,Apparel,Shirts,Apparel Shirts,6957,Regular,3,191.32,0.0897,522.49,136.37,39,Online
ORD-103931,13-08-2022,Central,Furniture,Storage,Furniture Storage,3735,New,5,85.85,0.0432,410.71,130.05,34,Wholesale
ORD-103932,10-10-2022,South,Furniture,Lighting,Furniture Lighting,4349,Regular,7,182.36,0.0946,1155.77,298.32,44,Online
ORD-103933,30-10-2022,West,Office Supplies,Binders,Office Supplies Binders,2417,New,2,189.94,0.1149,336.24,130.37,38,Retail
ORD-103934,31-03-2024,West,Apparel,Footwear,Apparel Footwear,4478,VIP,5,23.47,0.0555,110.83,29.27,32,Online
ORD-103935,03-12-2022,East,Electronics,Laptop,Electronics Laptop,4533,At Risk,4,85.39,0.1755,281.61,117.83,63,Online
ORD-103936,28-12-2022,East,Furniture,Chair,Furniture Chair,6046,At Risk,4,147.46,0.0131,582.11,225.29,65,Wholesale
ORD-103937,07-04-2025,West,Furniture,Storage,Furniture Storage,1460,New,6,93.63,0.0954,508.18,211.9,37,Retail
ORD-103938,02-11-2024,Central,Office Supplies,Binders,Office Supplies Binders,1538,VIP,3,49.71,0.0438,142.6,38.64,28,Online
ORD-103939,14-03-2023,Central,Furniture,Desk,Furniture Desk,3332,At Risk,2,30.01,0.1441,51.37,14.38,34,Retail
ORD-103940,14-11-2024,West,Office Supplies,Binders,Office Supplies Binders,3274,Regular,7,173.4,0.0753,1122.44,426.75,36,Retail
ORD-103941,20-03-2022,West,Furniture,Lighting,Furniture Lighting,2773,At Risk,3,45.93,0.1406,118.42,43.58,25,Online
ORD-103942,24-01-2023,Central,Apparel,Accessories,Apparel Accessories,1303,Regular,4,29.39,0.0263,114.47,29.55,62,Retail
ORD-103943,19-01-2024,North,Furniture,Desk,Furniture Desk,3271,Regular,6,157.22,0.0311,913.96,200.31,37,Online
ORD-103944,15-09-2024,West,Apparel,Jackets,Apparel Jackets,5465,At Risk,3,202.89,0.0759,562.48,235.83,43,Wholesale
ORD-103945,23-11-2024,Central,Apparel,Jackets,Apparel Jackets,3890,New,2,166.5,0.0104,329.53,132.27,40,Wholesale
ORD-103946,13-04-2022,West,Office Supplies,Paper,Office Supplies Paper,3594,New,6,45.15,0.0789,249.52,88.77,41,Retail
ORD-103947,30-03-2025,Central,Office Supplies,Stationery,Office Supplies Stationery,6217,Regular,3,57.87,0.0326,167.95,39.63,49,Retail
ORD-103948,22-11-2023,Central,Electronics,Tablet,Electronics Tablet,4514,New,5,105.73,0.04,507.5,108.88,47,Retail
ORD-103949,28-05-2023,South,Electronics,Accessories,Electronics Accessories,4258,Regular,5,116.76,0.0497,554.8,107.75,70,Online
ORD-103950,12-02-2023,West,Apparel,Footwear,Apparel Footwear,2377,New,2,214.14,0.0539,405.19,89.34,46,Wholesale
ORD-103951,09-04-2024,North,Furniture,Desk,Furniture Desk,2233,At Risk,2,45.6,0.0573,85.98,15.89,41,Online
ORD-103952,30-06-2022,North,Furniture,Desk,Furniture Desk,6707,VIP,4,205.14,0.0884,747.99,304.09,56,Wholesale
ORD-103953,30-06-2024,West,Furniture,Desk,Furniture Desk,5508,New,1,100.36,0.0613,94.21,28.08,66,Wholesale
ORD-103954,24-11-2022,East,Apparel,Footwear,Apparel Footwear,4719,New,1,83.61,0.0529,79.19,19.85,37,Online
ORD-103955,14-05-2024,East,Electronics,Phone,Electronics Phone,3816,Regular,7,215.35,0.0404,1446.54,511.14,61,Online
ORD-103956,01-02-2025,East,Electronics,Tablet,Electronics Tablet,3097,Regular,4,198.22,0.0454,756.87,256.5,52,Retail
ORD-103957,28-09-2023,East,Office Supplies,Ink,Office Supplies Ink,1497,Regular,7,51.56,0.0227,352.72,114.93,24,Online
ORD-103958,17-07-2023,North,Office Supplies,Stationery,Office Supplies Stationery,1008,Regular,5,208.57,0.0719,967.83,351.9,71,Retail
ORD-103959,01-07-2023,East,Office Supplies,Ink,Office Supplies Ink,2667,New,3,97.79,0.031,284.29,97.02,42,Wholesale
ORD-103960,29-06-2023,West,Furniture,Lighting,Furniture Lighting,4391,VIP,5,198.63,0.0485,944.96,218.46,28,Online
ORD-103961,28-11-2023,East,Electronics,Accessories,Electronics Accessories,1863,New,4,145.82,0.0065,579.51,205.1,44,Retail
ORD-103962,01-11-2024,Central,Apparel,Shirts,Apparel Shirts,1898,Regular,6,43.01,0.0708,239.8,54.34,47,Retail
ORD-103963,02-08-2024,East,Apparel,Jackets,Apparel Jackets,3907,At Risk,5,152.68,0.0589,718.43,152.59,62,Online
ORD-103964,05-03-2022,South,Apparel,Shirts,Apparel Shirts,3784,VIP,6,158.25,0.1267,829.22,339.62,54,Online
ORD-103965,15-11-2024,Central,Electronics,Phone,Electronics Phone,1060,New,3,195.56,0.0822,538.44,112.31,69,Retail
ORD-103966,12-03-2024,South,Apparel,Jackets,Apparel Jackets,3501,Regular,2,69.61,0.0982,125.55,24.77,38,Wholesale
ORD-103967,24-04-2023,South,Furniture,Lighting,Furniture Lighting,4523,Regular,6,196.14,0.132,1021.48,325.93,56,Online
ORD-103968,31-01-2025,Central,Apparel,Footwear,Apparel Footwear,1120,Regular,3,25.41,0.0325,73.75,17.83,56,Online
ORD-103969,03-12-2022,East,Apparel,Accessories,Apparel Accessories,4429,At Risk,5,34,0.0755,157.17,32.01,31,Online
ORD-103970,24-02-2024,East,Apparel,Footwear,Apparel Footwear,4243,VIP,6,53.63,0.1048,288.05,64.22,50,Retail
ORD-103971,03-09-2022,East,Electronics,Phone,Electronics Phone,5300,At Risk,3,190.39,0.0842,523.06,194.91,24,Retail
ORD-103972,27-07-2022,Central,Furniture,Storage,Furniture Storage,2949,New,1,207.49,0.061,194.84,40.82,24,Online
ORD-103973,20-12-2023,South,Office Supplies,Ink,Office Supplies Ink,2723,Regular,2,22.65,0.0505,43.01,15.93,53,Online
ORD-103974,08-09-2023,North,Apparel,Shirts,Apparel Shirts,1498,VIP,1,168.2,0.0982,151.68,42.45,28,Retail
ORD-103975,09-08-2022,Central,Electronics,Accessories,Electronics Accessories,2193,VIP,7,36.06,0.0463,240.74,76.7,36,Retail
ORD-103976,05-11-2022,Central,Electronics,Tablet,Electronics Tablet,6457,New,1,168.02,0.029,163.14,48.24,58,Wholesale
ORD-103977,06-03-2023,West,Apparel,Shirts,Apparel Shirts,2827,Regular,1,198.76,0.057,187.43,55.96,51,Retail
ORD-103978,25-05-2022,Central,Office Supplies,Ink,Office Supplies Ink,3499,New,3,110.77,0.1382,286.38,113.51,23,Online
ORD-103979,09-02-2025,North,Apparel,Jackets,Apparel Jackets,2698,At Risk,4,47.5,0.0602,178.55,61.68,67,Online
ORD-103980,03-01-2024,East,Furniture,Storage,Furniture Storage,5199,New,7,179.8,0.0585,1185.02,352.94,62,Wholesale
ORD-103981,30-04-2024,North,Electronics,Phone,Electronics Phone,1166,New,2,120.45,0.0036,240.03,85.45,48,Wholesale
ORD-103982,28-03-2025,South,Furniture,Desk,Furniture Desk,1509,New,7,83.7,0.0911,532.51,199.11,31,Wholesale
ORD-103983,25-11-2022,West,Electronics,Tablet,Electronics Tablet,6158,VIP,3,53.67,0.0358,155.24,57.55,39,Wholesale
ORD-103984,07-05-2024,East,Furniture,Lighting,Furniture Lighting,2263,Regular,7,188.6,0.0698,1228.09,388.8,47,Wholesale
ORD-103985,11-12-2023,West,Electronics,Laptop,Electronics Laptop,4835,New,1,154.94,0.0342,149.64,50.76,46,Retail
ORD-103986,09-09-2024,East,Apparel,Accessories,Apparel Accessories,3624,VIP,6,118.28,0.0781,654.26,255.16,49,Retail
ORD-103987,30-01-2022,West,Electronics,Tablet,Electronics Tablet,2347,VIP,7,27.81,0.0804,179.03,58.18,42,Retail
ORD-103988,15-11-2024,North,Furniture,Lighting,Furniture Lighting,4167,New,1,54.72,0.054,51.76,20.79,29,Wholesale
ORD-103989,03-02-2024,West,Electronics,Laptop,Electronics Laptop,4879,Regular,5,105.82,0.1047,473.73,174.8,42,Retail
ORD-103990,23-08-2023,West,Electronics,Accessories,Electronics Accessories,1693,Regular,3,153.04,0.125,401.73,155.07,45,Wholesale
ORD-103991,16-03-2022,North,Electronics,Laptop,Electronics Laptop,3774,New,6,176.91,0.0922,963.55,311.17,54,Retail
ORD-103992,22-01-2023,East,Furniture,Lighting,Furniture Lighting,6575,Regular,4,193.26,0.0392,742.71,220.52,43,Wholesale
ORD-103993,17-02-2025,North,Office Supplies,Paper,Office Supplies Paper,6471,Regular,3,173.32,0.0831,476.73,152.84,31,Online
ORD-103994,07-08-2022,West,Furniture,Chair,Furniture Chair,1465,Regular,3,213.06,0.0272,621.81,250.9,51,Wholesale
ORD-103995,25-11-2024,West,Electronics,Tablet,Electronics Tablet,2570,New,5,166.35,0.0833,762.45,200.35,56,Retail
ORD-103996,21-03-2024,East,Electronics,Tablet,Electronics Tablet,6938,At Risk,5,179.6,0.139,773.19,181.54,22,Online
ORD-103997,15-02-2025,North,Office Supplies,Ink,Office Supplies Ink,4383,Regular,7,147.97,0.0785,954.46,386.88,62,Retail
ORD-103998,14-01-2025,Central,Electronics,Accessories,Electronics Accessories,1583,At Risk,1,36.27,0.0651,33.91,12.61,41,Online
ORD-103999,11-06-2023,Central,Apparel,Footwear,Apparel Footwear,6661,Regular,6,44.03,0.003,263.4,107.78,51,Wholesale
ORD-104000,18-07-2022,Central,Electronics,Accessories,Electronics Accessories,6700,Regular,6,75.98,0.0184,447.51,141.19,41,Online
ORD-104001,16-04-2023,West,Office Supplies,Paper,Office Supplies Paper,1481,Regular,5,38.21,0.1566,161.13,41.23,39,Retail
ORD-104002,04-10-2024,West,Electronics,Laptop,Electronics Laptop,5022,Regular,6,148.4,0.0534,842.83,241.7,24,Online
ORD-104003,18-03-2025,East,Furniture,Chair,Furniture Chair,5228,New,6,71.99,0.0898,393.14,161.4,23,Retail
ORD-104004,26-03-2022,Central,Electronics,Tablet,Electronics Tablet,2028,At Risk,2,74.09,0.0112,146.52,39.44,27,Retail
ORD-104005,22-11-2024,Central,Electronics,Laptop,Electronics Laptop,1026,Regular,4,131.82,0.1522,447.05,162.5,59,Online
ORD-104006,14-07-2024,South,Furniture,Storage,Furniture Storage,3158,VIP,3,113.48,0.0466,324.57,121.59,65,Online
ORD-104007,03-04-2024,Central,Furniture,Chair,Furniture Chair,3874,Regular,4,52.08,0.1318,180.87,71.61,49,Online
ORD-104008,08-12-2023,North,Office Supplies,Paper,Office Supplies Paper,6540,Regular,4,111.31,0.0838,407.91,108.5,50,Online
ORD-104009,25-12-2023,North,Furniture,Lighting,Furniture Lighting,6081,Regular,4,74.04,0.0197,290.33,121.54,48,Online
ORD-104010,21-03-2023,North,Office Supplies,Binders,Office Supplies Binders,5564,New,3,59.77,0.0741,166.02,63.07,43,Retail
ORD-104011,26-10-2022,Central,Furniture,Desk,Furniture Desk,2540,Regular,7,207.07,0.0678,1351.27,495.74,47,Wholesale
ORD-104012,21-10-2024,Central,Office Supplies,Stationery,Office Supplies Stationery,1951,VIP,1,35.63,0.0484,33.91,7.01,68,Wholesale
ORD-104013,25-01-2025,South,Office Supplies,Ink,Office Supplies Ink,1621,VIP,2,141.84,0.0444,271.07,98.22,22,Online
ORD-104014,12-03-2023,Central,Electronics,Accessories,Electronics Accessories,4805,VIP,5,120.74,0.0519,572.34,214.08,61,Online
ORD-104015,19-03-2024,North,Electronics,Laptop,Electronics Laptop,3929,New,4,204.57,0.1096,728.57,154.26,22,Wholesale
ORD-104016,29-12-2022,East,Apparel,Jackets,Apparel Jackets,5379,At Risk,2,213.08,0.044,407.4,156.19,55,Online
ORD-104017,08-02-2024,West,Electronics,Accessories,Electronics Accessories,3579,New,2,191.12,0.0408,366.65,84.8,55,Wholesale
ORD-104018,09-01-2025,South,Furniture,Lighting,Furniture Lighting,2726,Regular,3,174.17,0.0752,483.2,87.67,66,Retail
ORD-104019,16-03-2024,West,Apparel,Shirts,Apparel Shirts,4659,At Risk,7,121.82,0.018,837.42,233.37,43,Wholesale
ORD-104020,31-01-2022,East,Electronics,Tablet,Electronics Tablet,4750,Regular,2,83.87,0.049,159.52,34.14,49,Wholesale
ORD-104021,14-02-2024,South,Furniture,Storage,Furniture Storage,1973,Regular,1,160.13,0.05,152.13,53.93,35,Retail
ORD-104022,09-03-2023,South,Office Supplies,Ink,Office Supplies Ink,4552,New,4,168,0.1028,602.89,170.09,64,Wholesale
ORD-104023,01-03-2023,North,Electronics,Accessories,Electronics Accessories,4328,VIP,4,81.98,0.0454,313.04,71.25,67,Retail
ORD-104024,06-04-2025,South,Furniture,Desk,Furniture Desk,6684,New,6,101.74,0.0119,603.17,163.01,43,Wholesale
ORD-104025,12-04-2025,South,Office Supplies,Stationery,Office Supplies Stationery,5555,New,5,58.99,0.0812,271.01,79.32,70,Online
ORD-104026,13-05-2022,South,Furniture,Chair,Furniture Chair,4424,VIP,3,39.91,0.1359,103.46,21.88,58,Online
ORD-104027,26-01-2024,East,Furniture,Storage,Furniture Storage,2697,VIP,5,108.12,0.1215,474.93,151.42,66,Retail
ORD-104028,17-12-2022,South,Furniture,Chair,Furniture Chair,6027,New,2,201.08,0.0034,400.78,112.74,35,Wholesale
ORD-104029,03-10-2023,West,Apparel,Footwear,Apparel Footwear,5659,VIP,5,141.77,0.1073,632.82,134.39,44,Retail
ORD-104030,17-11-2022,East,Furniture,Chair,Furniture Chair,6396,New,2,122.65,0.1526,207.88,50.14,38,Wholesale
ORD-104031,05-10-2024,Central,Office Supplies,Ink,Office Supplies Ink,2343,At Risk,5,204.97,0.1378,883.6,242.53,28,Online
ORD-104032,17-07-2024,West,Office Supplies,Paper,Office Supplies Paper,3231,New,3,31.01,0.084,85.21,17.78,62,Online
ORD-104033,08-09-2023,South,Apparel,Jackets,Apparel Jackets,1114,New,3,39.3,0.0707,109.56,31.28,45,Retail
ORD-104034,12-12-2022,Central,Electronics,Laptop,Electronics Laptop,5270,New,6,136.46,0.1187,721.61,260.73,66,Online
ORD-104035,18-04-2023,East,Apparel,Jackets,Apparel Jackets,4187,Regular,3,178.58,0.0647,501.07,187.48,44,Online
ORD-104036,20-06-2023,North,Office Supplies,Paper,Office Supplies Paper,1453,New,6,191.37,0.1254,1004.2,363.93,52,Online
ORD-104037,29-07-2022,North,Apparel,Shirts,Apparel Shirts,2457,Regular,7,110.87,0.1343,671.85,230.79,64,Retail
ORD-104038,04-07-2024,North,Apparel,Shirts,Apparel Shirts,2205,VIP,5,45.59,0.0202,223.34,88.61,61,Retail
ORD-104039,12-10-2022,Central,Furniture,Storage,Furniture Storage,3897,New,7,119.64,0.038,805.69,277.49,25,Retail
ORD-104040,07-05-2023,South,Furniture,Lighting,Furniture Lighting,5627,New,4,213.3,0.0655,797.35,203.3,55,Retail
ORD-104041,21-09-2022,North,Apparel,Footwear,Apparel Footwear,5871,VIP,2,39.06,0.1121,69.36,22.54,64,Retail
ORD-104042,20-12-2022,Central,Electronics,Phone,Electronics Phone,3222,New,3,169.02,0.0402,486.69,142.8,48,Wholesale
ORD-104043,31-03-2022,North,Electronics,Tablet,Electronics Tablet,6815,Regular,5,210.62,0.0587,991.29,247.04,58,Online
ORD-104044,12-03-2025,West,Electronics,Laptop,Electronics Laptop,5140,VIP,7,188.89,0.0769,1220.59,274.67,23,Retail
ORD-104045,02-03-2024,West,Electronics,Laptop,Electronics Laptop,6025,VIP,2,84.66,0.0382,162.85,64.26,61,Wholesale
ORD-104046,12-03-2023,North,Furniture,Storage,Furniture Storage,5451,At Risk,4,143.51,0.0175,564,222.76,22,Online
ORD-104047,27-10-2024,West,Electronics,Laptop,Electronics Laptop,2003,VIP,3,56.22,0.0334,163.02,60.84,34,Retail
ORD-104048,01-06-2023,Central,Office Supplies,Stationery,Office Supplies Stationery,6920,New,6,129.13,0.0555,731.76,207.11,52,Retail
ORD-104049,20-08-2024,South,Apparel,Jackets,Apparel Jackets,4209,New,1,94.66,0.0155,93.19,33.31,66,Online
ORD-104050,28-09-2022,South,Electronics,Laptop,Electronics Laptop,4064,Regular,7,99.57,0.0528,660.22,176.62,33,Retail
ORD-104051,11-04-2023,East,Electronics,Tablet,Electronics Tablet,2665,VIP,4,172.91,0.1131,613.42,133.05,30,Wholesale
ORD-104052,02-05-2024,Central,Electronics,Phone,Electronics Phone,1493,Regular,5,24.98,0.1461,106.65,35.33,21,Online
ORD-104053,31-07-2024,West,Office Supplies,Ink,Office Supplies Ink,5751,New,3,70,0.0123,207.41,55.74,37,Retail
ORD-104054,11-03-2025,Central,Office Supplies,Stationery,Office Supplies Stationery,1698,VIP,2,102.48,0.0997,184.52,61.11,34,Online
ORD-104055,03-04-2024,West,Electronics,Laptop,Electronics Laptop,2862,VIP,1,52.39,0.0956,47.38,17.53,49,Online
ORD-104056,13-01-2025,East,Apparel,Footwear,Apparel Footwear,6506,New,6,161.07,0.0405,927.31,209.13,41,Wholesale
ORD-104057,30-05-2022,South,Apparel,Jackets,Apparel Jackets,6917,Regular,6,129.69,0.0229,760.34,218.98,47,Retail
ORD-104058,05-07-2024,North,Electronics,Accessories,Electronics Accessories,4852,New,2,185.26,0.0454,353.69,69.3,59,Wholesale
ORD-104059,21-06-2023,Central,Electronics,Phone,Electronics Phone,2253,At Risk,6,176.12,0.0546,999.01,378.18,52,Wholesale
ORD-104060,16-04-2024,North,Furniture,Chair,Furniture Chair,5489,Regular,6,30.01,0.0558,170,52.29,66,Wholesale
ORD-104061,28-08-2023,South,Electronics,Laptop,Electronics Laptop,4494,New,2,68.17,0.1128,120.96,45.93,26,Online
ORD-104062,26-11-2024,Central,Electronics,Tablet,Electronics Tablet,4503,Regular,2,167.36,0.068,311.95,122.96,32,Wholesale
ORD-104063,09-12-2023,North,Apparel,Shirts,Apparel Shirts,6295,New,5,186.18,0.1511,790.24,172.04,40,Retail
ORD-104064,04-05-2022,Central,Furniture,Storage,Furniture Storage,3033,Regular,1,118.1,0.05,112.19,31.1,26,Retail
ORD-104065,13-08-2022,West,Apparel,Jackets,Apparel Jackets,5751,New,1,79.17,0.0861,72.35,29.01,51,Wholesale
ORD-104066,29-10-2023,East,Electronics,Laptop,Electronics Laptop,4194,Regular,6,175.93,0.1363,911.66,296.82,60,Online
ORD-104067,21-06-2022,West,Office Supplies,Paper,Office Supplies Paper,2164,VIP,2,149.22,0.0413,286.13,59.76,25,Wholesale
ORD-104068,19-03-2024,East,Furniture,Storage,Furniture Storage,4917,At Risk,6,51.97,0.0815,286.4,100.58,66,Wholesale
ORD-104069,26-04-2024,Central,Electronics,Tablet,Electronics Tablet,2267,Regular,5,124.87,0.0367,601.41,167.02,64,Online
ORD-104070,11-02-2023,West,Electronics,Accessories,Electronics Accessories,4139,VIP,5,103.75,0.0547,490.37,184.23,45,Wholesale
ORD-104071,06-06-2023,West,Electronics,Tablet,Electronics Tablet,5814,Regular,7,59.3,0.068,386.88,125.25,40,Retail
ORD-104072,29-10-2024,East,Electronics,Accessories,Electronics Accessories,3407,New,5,29.61,0.0342,142.99,50.56,27,Retail
ORD-104073,17-10-2022,North,Office Supplies,Ink,Office Supplies Ink,2237,VIP,7,138.12,0.0182,949.26,365.1,57,Wholesale
ORD-104074,11-05-2022,South,Office Supplies,Paper,Office Supplies Paper,6766,Regular,6,41.31,0.0758,229.06,41.8,44,Online
ORD-104075,26-03-2024,East,Apparel,Footwear,Apparel Footwear,6986,Regular,1,89.46,0.0818,82.14,33.7,42,Wholesale
ORD-104076,19-02-2025,East,Electronics,Phone,Electronics Phone,5419,VIP,5,130.3,0.0895,593.22,190.77,27,Retail
ORD-104077,19-09-2024,South,Office Supplies,Paper,Office Supplies Paper,3619,Regular,1,32,0.0477,30.47,8.46,54,Wholesale
ORD-104078,29-06-2022,South,Electronics,Phone,Electronics Phone,1134,VIP,5,150.19,0.0477,715.16,299.37,53,Wholesale
ORD-104079,13-08-2022,South,Office Supplies,Binders,Office Supplies Binders,5258,Regular,5,40.29,0.0812,185.1,49.49,43,Retail
ORD-104080,05-04-2024,Central,Furniture,Chair,Furniture Chair,2105,Regular,5,72.2,0.0451,344.71,128.59,34,Online
ORD-104081,06-11-2022,North,Office Supplies,Paper,Office Supplies Paper,3659,Regular,7,170.15,0.0581,1121.79,222.4,26,Online
ORD-104082,16-03-2023,South,Office Supplies,Binders,Office Supplies Binders,2579,New,2,139.64,0.0391,268.37,72.21,66,Wholesale
ORD-104083,28-08-2024,West,Electronics,Accessories,Electronics Accessories,4647,New,6,216.48,0.0841,1189.65,326.36,58,Retail
ORD-104084,28-07-2023,North,Furniture,Lighting,Furniture Lighting,6355,New,6,167.13,0.1197,882.7,228.61,25,Retail
ORD-104085,15-10-2024,North,Furniture,Chair,Furniture Chair,1459,At Risk,2,77.01,0.0833,141.2,40.04,69,Retail
ORD-104086,04-05-2024,West,Office Supplies,Ink,Office Supplies Ink,5696,Regular,1,148.15,0.0148,145.96,30.22,50,Retail
ORD-104087,11-05-2024,East,Apparel,Footwear,Apparel Footwear,2619,VIP,1,187.01,0.044,178.79,71.45,33,Wholesale
ORD-104088,06-10-2022,East,Electronics,Tablet,Electronics Tablet,1021,Regular,3,83.51,0.0715,232.62,71.82,71,Retail
ORD-104089,20-03-2022,West,Apparel,Shirts,Apparel Shirts,6996,VIP,5,128.32,0.056,605.69,193.82,46,Wholesale
ORD-104090,17-08-2023,East,Electronics,Phone,Electronics Phone,3583,VIP,7,127.77,0.1201,786.98,238.32,66,Online
ORD-104091,10-07-2023,North,Office Supplies,Stationery,Office Supplies Stationery,4382,Regular,3,100.92,0.058,285.21,84.6,37,Wholesale
ORD-104092,20-02-2022,West,Office Supplies,Ink,Office Supplies Ink,1748,Regular,4,165.87,0.1111,589.74,153.22,39,Retail
ORD-104093,08-09-2023,Central,Apparel,Shirts,Apparel Shirts,3214,At Risk,3,20.1,0.0875,55.02,16.92,21,Online
ORD-104094,29-09-2024,South,Apparel,Accessories,Apparel Accessories,3123,VIP,1,34.32,0.0352,33.11,10.41,39,Retail
ORD-104095,07-05-2024,West,Office Supplies,Binders,Office Supplies Binders,2453,New,6,103.23,0.1297,539.02,113.57,40,Retail
ORD-104096,06-05-2023,Central,Furniture,Lighting,Furniture Lighting,3789,New,1,80.74,0.0403,77.49,20.65,31,Wholesale
ORD-104097,22-10-2024,Central,Electronics,Accessories,Electronics Accessories,4437,At Risk,2,32.03,0.0358,61.76,17.44,55,Retail
ORD-104098,23-12-2024,West,Office Supplies,Paper,Office Supplies Paper,6329,Regular,5,54.05,0.1362,233.45,45.94,31,Online
ORD-104099,30-11-2022,North,Office Supplies,Ink,Office Supplies Ink,6250,VIP,4,158.86,0.0856,581.06,149.59,62,Wholesale
ORD-104100,20-06-2024,West,Office Supplies,Paper,Office Supplies Paper,4057,Regular,1,196.08,0.0181,192.53,67.83,64,Online
ORD-104101,22-10-2023,East,Apparel,Footwear,Apparel Footwear,1223,New,6,132.15,0.024,773.85,195.78,44,Online
ORD-104102,26-03-2023,East,Furniture,Chair,Furniture Chair,1709,VIP,1,148.74,0.0873,135.75,30.62,45,Wholesale
ORD-104103,17-07-2023,North,Furniture,Desk,Furniture Desk,2523,At Risk,1,143.76,0.1071,128.36,32.01,34,Online
ORD-104104,16-02-2022,North,Furniture,Chair,Furniture Chair,6179,At Risk,7,194.27,0.0394,1306.25,461.56,47,Wholesale
ORD-104105,02-12-2023,South,Furniture,Chair,Furniture Chair,1046,Regular,7,21.95,0.0702,142.87,45.8,67,Online
ORD-104106,08-11-2022,West,Office Supplies,Binders,Office Supplies Binders,3539,VIP,7,198.99,0.0436,1332.25,418.54,65,Online
ORD-104107,02-07-2023,North,Furniture,Chair,Furniture Chair,3332,Regular,3,99.41,0.0452,284.74,84.12,26,Online
ORD-104108,12-02-2022,Central,Office Supplies,Ink,Office Supplies Ink,4720,Regular,4,144.8,0.0364,558.12,192.27,39,Wholesale
ORD-104109,13-06-2024,South,Electronics,Tablet,Electronics Tablet,6483,At Risk,1,31.2,0.0374,30.03,7.56,29,Online
ORD-104110,01-03-2024,West,Electronics,Tablet,Electronics Tablet,4681,Regular,6,124.27,0.0414,714.73,298.08,28,Retail
ORD-104111,15-11-2023,South,Office Supplies,Binders,Office Supplies Binders,4941,VIP,5,179.83,0.0621,843.32,224.06,40,Online
ORD-104112,01-08-2023,West,Electronics,Laptop,Electronics Laptop,5045,At Risk,3,57.55,0.0285,167.73,57.23,24,Wholesale
ORD-104113,01-03-2024,West,Apparel,Jackets,Apparel Jackets,2094,Regular,6,94.85,0.0204,557.48,159.24,63,Wholesale
ORD-104114,12-06-2023,South,Electronics,Tablet,Electronics Tablet,2759,VIP,6,151.94,0.1881,740.19,136.24,41,Retail
ORD-104115,21-02-2024,East,Electronics,Tablet,Electronics Tablet,6002,Regular,2,180.39,0.0768,333.07,99.62,40,Retail
ORD-104116,25-11-2022,South,Office Supplies,Paper,Office Supplies Paper,3615,Regular,2,74.05,0.0551,139.93,28.19,30,Retail
ORD-104117,18-04-2023,Central,Office Supplies,Stationery,Office Supplies Stationery,4133,VIP,1,96.58,0.0657,90.24,17.49,56,Online
ORD-104118,26-03-2023,East,Apparel,Jackets,Apparel Jackets,3236,Regular,1,38.61,0.0609,36.26,7.4,43,Wholesale
ORD-104119,30-12-2024,West,Office Supplies,Binders,Office Supplies Binders,6066,VIP,7,211.54,0.0196,1451.77,481.77,48,Wholesale
ORD-104120,08-11-2022,South,Office Supplies,Stationery,Office Supplies Stationery,2688,New,5,116.03,0.1173,512.12,191.4,33,Retail
ORD-104121,17-10-2023,West,Electronics,Phone,Electronics Phone,5042,New,7,188.42,0.0633,1235.48,289.96,32,Online
ORD-104122,06-02-2023,West,Electronics,Phone,Electronics Phone,2344,At Risk,3,205.34,0.0668,574.85,235.59,42,Online
ORD-104123,03-08-2022,South,Furniture,Storage,Furniture Storage,1882,New,5,161.96,0.0955,732.48,206.64,67,Wholesale
ORD-104124,10-04-2023,South,Electronics,Accessories,Electronics Accessories,2084,New,4,130.12,0.1321,451.75,117.1,24,Online
ORD-104125,09-08-2023,East,Electronics,Laptop,Electronics Laptop,5778,Regular,5,36.41,0.0916,165.37,63.01,55,Retail
ORD-104126,10-12-2023,West,Electronics,Laptop,Electronics Laptop,2573,VIP,7,56.61,0.0137,390.83,151.85,65,Wholesale
ORD-104127,31-03-2022,South,Office Supplies,Binders,Office Supplies Binders,4711,New,4,176.26,0.0267,686.23,274.42,64,Retail
ORD-104128,30-05-2022,West,Office Supplies,Paper,Office Supplies Paper,6848,New,2,163.73,0.1965,263.11,51.87,36,Retail
ORD-104129,25-12-2023,North,Furniture,Lighting,Furniture Lighting,6764,Regular,6,179.58,0.0254,1050.17,209.5,63,Wholesale
ORD-104130,26-08-2024,South,Electronics,Accessories,Electronics Accessories,4958,VIP,7,176.51,0.1339,1070.11,313.98,47,Online
ORD-104131,09-10-2024,Central,Furniture,Chair,Furniture Chair,6564,At Risk,1,48.82,0.079,44.96,10.91,45,Retail
ORD-104132,02-07-2023,South,Furniture,Desk,Furniture Desk,3037,New,5,74.46,0.1129,330.28,90.41,39,Retail
ORD-104133,14-07-2023,East,Apparel,Accessories,Apparel Accessories,6818,VIP,6,177.96,0.0177,1048.91,357.83,61,Online
ORD-104134,22-05-2023,South,Furniture,Desk,Furniture Desk,2565,VIP,2,67.56,0.0284,131.28,40.53,62,Wholesale
ORD-104135,09-09-2022,Central,Electronics,Phone,Electronics Phone,5445,At Risk,1,72.54,0.0213,71,13.54,66,Retail
ORD-104136,12-09-2023,West,Furniture,Lighting,Furniture Lighting,6646,Regular,2,139.43,0.0781,257.07,60.74,56,Wholesale
ORD-104137,12-12-2024,North,Office Supplies,Ink,Office Supplies Ink,3482,New,1,87.18,0.0903,79.3,30.48,33,Wholesale
ORD-104138,30-10-2022,South,Apparel,Footwear,Apparel Footwear,4160,VIP,3,150.66,0.0544,427.41,120.76,69,Retail
ORD-104139,21-04-2022,West,Electronics,Laptop,Electronics Laptop,5356,At Risk,2,54.54,0.0695,101.5,38.62,47,Online
ORD-104140,22-07-2023,Central,Office Supplies,Binders,Office Supplies Binders,2742,Regular,5,52.5,0.132,227.84,44.56,39,Retail
ORD-104141,06-02-2023,South,Furniture,Chair,Furniture Chair,2083,New,3,47.89,0.0429,137.5,32.05,24,Wholesale
ORD-104142,06-03-2024,Central,Furniture,Desk,Furniture Desk,5540,New,7,151.03,0.1465,902.29,285.13,28,Retail
ORD-104143,07-01-2023,Central,Apparel,Jackets,Apparel Jackets,5454,At Risk,5,155.98,0.0746,721.73,297.11,57,Retail
ORD-104144,11-04-2025,East,Office Supplies,Binders,Office Supplies Binders,3160,VIP,1,185.56,0.0538,175.57,70.98,63,Wholesale
ORD-104145,24-05-2024,East,Furniture,Storage,Furniture Storage,3339,New,7,180.91,0.0837,1160.41,315.69,28,Wholesale
ORD-104146,30-04-2022,North,Apparel,Shirts,Apparel Shirts,4490,VIP,6,104.47,0.0253,610.94,135.82,24,Online
ORD-104147,04-06-2023,North,Apparel,Accessories,Apparel Accessories,6839,New,5,70.69,0.0402,339.23,131.03,24,Wholesale
ORD-104148,02-08-2024,West,Furniture,Lighting,Furniture Lighting,4072,VIP,5,121.58,0.0668,567.27,213.16,61,Wholesale
ORD-104149,07-02-2025,East,Apparel,Jackets,Apparel Jackets,5967,Regular,6,180.27,0.0222,1057.62,325.05,58,Online
ORD-104150,07-08-2023,East,Electronics,Tablet,Electronics Tablet,5626,Regular,3,147.48,0.0517,419.57,152.28,41,Retail
ORD-104151,14-07-2023,North,Electronics,Laptop,Electronics Laptop,6424,At Risk,6,168.48,0.0759,934.19,319.68,34,Online
ORD-104152,02-06-2024,South,Apparel,Shirts,Apparel Shirts,6191,At Risk,7,106.05,0.1442,635.32,161.26,28,Retail
ORD-104153,13-11-2022,North,Office Supplies,Ink,Office Supplies Ink,4892,Regular,6,184.88,0.1879,900.81,281.48,69,Online
ORD-104154,12-11-2024,East,Office Supplies,Paper,Office Supplies Paper,6062,New,3,49.8,0.1431,128.02,46.58,30,Online
ORD-104155,19-07-2022,East,Apparel,Footwear,Apparel Footwear,4135,Regular,5,132.76,0.1176,585.77,216.12,37,Online
ORD-104156,18-06-2024,Central,Apparel,Accessories,Apparel Accessories,2781,VIP,7,189.94,0.0902,1209.67,398.7,38,Wholesale
ORD-104157,02-12-2022,East,Furniture,Chair,Furniture Chair,2954,At Risk,4,160.56,0.0248,626.31,236.36,67,Online
ORD-104158,01-10-2024,South,Electronics,Accessories,Electronics Accessories,2059,Regular,6,137.43,0.0735,763.97,290.36,63,Wholesale
ORD-104159,19-03-2024,Central,Furniture,Lighting,Furniture Lighting,5115,At Risk,6,219.43,0.1275,1148.7,448.01,50,Wholesale
ORD-104160,11-03-2022,East,Office Supplies,Ink,Office Supplies Ink,2131,Regular,5,125.85,0.0417,603.02,228.69,22,Online
ORD-104161,25-09-2022,West,Electronics,Tablet,Electronics Tablet,1280,New,7,127.88,0.0992,806.34,164.33,68,Online
ORD-104162,10-08-2023,Central,Electronics,Phone,Electronics Phone,2808,Regular,5,45.42,0.0468,216.47,54.43,27,Online
ORD-104163,29-05-2024,East,Office Supplies,Paper,Office Supplies Paper,5359,VIP,5,151.73,0.0987,683.74,147.14,24,Retail
ORD-104164,13-02-2023,East,Furniture,Desk,Furniture Desk,4213,VIP,6,125.3,0.0199,736.8,174.88,62,Retail
ORD-104165,20-05-2022,South,Apparel,Shirts,Apparel Shirts,1348,Regular,2,85.08,0.0803,156.49,41.2,21,Retail
ORD-104166,03-09-2023,Central,Apparel,Jackets,Apparel Jackets,1858,New,2,199.78,0.0965,361.01,85.04,42,Wholesale
ORD-104167,08-09-2022,Central,Furniture,Desk,Furniture Desk,6106,Regular,7,186.59,0.0785,1203.61,406.1,48,Retail
ORD-104168,10-03-2023,South,Apparel,Shirts,Apparel Shirts,6154,Regular,2,215.79,0.1255,377.41,104.58,24,Online
ORD-104169,02-02-2023,South,Electronics,Tablet,Electronics Tablet,5657,Regular,1,53.36,0.0804,49.07,11.85,63,Wholesale
ORD-104170,13-04-2025,Central,Furniture,Chair,Furniture Chair,6777,Regular,6,113.78,0.0218,667.82,247.34,49,Retail
ORD-104171,01-11-2022,West,Office Supplies,Paper,Office Supplies Paper,5083,New,6,108.45,0.0504,617.89,120.16,39,Wholesale
ORD-104172,22-05-2024,East,Office Supplies,Binders,Office Supplies Binders,1792,VIP,7,74.94,0.0594,493.42,141.17,57,Retail
ORD-104173,14-01-2025,North,Furniture,Chair,Furniture Chair,3105,At Risk,2,202.85,0.0745,375.46,139.76,70,Wholesale
ORD-104174,27-01-2024,South,Office Supplies,Stationery,Office Supplies Stationery,3970,VIP,4,114.13,0.0753,422.13,90.21,42,Retail
ORD-104175,15-04-2023,North,Office Supplies,Ink,Office Supplies Ink,6372,Regular,2,193.64,0.0226,378.52,93.07,55,Retail
ORD-104176,15-06-2023,West,Office Supplies,Ink,Office Supplies Ink,2603,VIP,4,22.58,0.0429,86.45,20.73,31,Wholesale
ORD-104177,05-04-2025,East,Furniture,Lighting,Furniture Lighting,3171,New,7,127.68,0.0398,858.18,311.02,50,Wholesale
ORD-104178,12-09-2023,South,Furniture,Lighting,Furniture Lighting,1569,Regular,7,113.96,0.1258,697.37,217.23,69,Wholesale
ORD-104179,18-02-2023,North,Furniture,Chair,Furniture Chair,6045,Regular,5,113.86,0.0522,539.59,160.12,69,Online
ORD-104180,18-02-2025,South,Apparel,Shirts,Apparel Shirts,2896,New,2,212.1,0.0604,398.57,106.92,23,Retail
ORD-104181,16-10-2024,Central,Office Supplies,Binders,Office Supplies Binders,1854,New,5,151.95,0.0317,735.65,189.17,71,Retail
ORD-104182,11-09-2022,West,Electronics,Accessories,Electronics Accessories,4489,Regular,4,184.88,0.0599,695.26,215.78,64,Online
ORD-104183,29-03-2025,South,Office Supplies,Stationery,Office Supplies Stationery,4831,Regular,2,107.87,0.0335,208.52,76.28,22,Online
ORD-104184,14-09-2022,Central,Office Supplies,Paper,Office Supplies Paper,4522,New,4,136.55,0.0599,513.47,99.26,45,Online
ORD-104185,07-09-2022,South,Furniture,Desk,Furniture Desk,1220,Regular,2,115.42,0.0188,226.49,76.58,42,Wholesale
ORD-104186,01-10-2023,East,Electronics,Laptop,Electronics Laptop,3894,VIP,4,62.75,0.0538,237.51,45.06,67,Online
ORD-104187,06-08-2023,Central,Apparel,Jackets,Apparel Jackets,6160,New,3,107.22,0.0696,299.28,118.29,59,Online
ORD-104188,19-02-2025,West,Furniture,Lighting,Furniture Lighting,3662,VIP,7,192.42,0.0478,1282.49,491.48,63,Wholesale
ORD-104189,10-08-2022,Central,Apparel,Footwear,Apparel Footwear,2968,Regular,3,71.58,0.0743,198.78,73.42,51,Online
ORD-104190,12-05-2023,East,Electronics,Laptop,Electronics Laptop,6128,Regular,5,125.65,0.0588,591.32,109.8,40,Retail
ORD-104191,07-12-2023,North,Furniture,Desk,Furniture Desk,3413,Regular,7,166.98,0.0493,1111.27,334.82,35,Online
ORD-104192,10-04-2025,North,Electronics,Accessories,Electronics Accessories,5989,Regular,6,167.75,0.0674,938.62,194.16,64,Online
ORD-104193,30-11-2022,West,Furniture,Lighting,Furniture Lighting,4280,New,7,78.88,0.1329,478.79,136.42,67,Online
ORD-104194,29-01-2023,West,Furniture,Chair,Furniture Chair,4486,New,7,144.7,0.0594,952.7,338.94,65,Online
ORD-104195,01-06-2024,Central,Apparel,Jackets,Apparel Jackets,3321,Regular,2,137.21,0.0782,252.95,57.93,58,Retail
ORD-104196,24-09-2023,North,Office Supplies,Paper,Office Supplies Paper,5015,New,5,27.38,0.0703,127.27,46.58,57,Wholesale
ORD-104197,09-05-2024,West,Electronics,Phone,Electronics Phone,5668,VIP,6,178.96,0.0992,967.29,202.89,50,Wholesale
ORD-104198,09-02-2023,East,Apparel,Accessories,Apparel Accessories,3389,New,6,25.17,0.0322,146.16,26.6,31,Retail
ORD-104199,08-12-2024,South,Electronics,Accessories,Electronics Accessories,2426,New,4,99.41,0.1086,354.46,141.75,63,Wholesale
ORD-104200,13-03-2025,East,Electronics,Tablet,Electronics Tablet,3491,VIP,4,166.5,0.1119,591.47,219.55,26,Wholesale
ORD-104201,11-02-2023,North,Office Supplies,Binders,Office Supplies Binders,4337,VIP,7,31.24,0.1326,189.68,74.44,22,Online
ORD-104202,23-07-2022,Central,Apparel,Accessories,Apparel Accessories,6089,Regular,1,201.17,0.0913,182.81,49.79,40,Wholesale
ORD-104203,21-01-2024,Central,Electronics,Phone,Electronics Phone,4105,Regular,6,103.67,0.0386,598.03,176.15,22,Wholesale
ORD-104204,11-04-2022,North,Electronics,Tablet,Electronics Tablet,1069,Regular,6,49.64,0.0199,291.92,100.26,43,Wholesale
ORD-104205,18-09-2024,West,Furniture,Desk,Furniture Desk,1527,At Risk,1,64.86,0.0176,63.72,21.89,21,Retail
ORD-104206,26-08-2023,East,Office Supplies,Ink,Office Supplies Ink,6191,VIP,3,179.11,0.1084,479.08,124.65,71,Retail
ORD-104207,26-06-2022,East,Furniture,Desk,Furniture Desk,1611,New,2,34.46,0.036,66.44,18.44,70,Wholesale
ORD-104208,03-05-2024,South,Office Supplies,Stationery,Office Supplies Stationery,2388,VIP,4,133.89,0.0586,504.18,181.58,59,Online
ORD-104209,04-07-2024,West,Furniture,Storage,Furniture Storage,4225,VIP,7,37.04,0.0928,235.23,86.65,53,Retail
ORD-104210,02-10-2023,North,Furniture,Lighting,Furniture Lighting,3958,At Risk,4,98.13,0.0564,370.39,71.53,41,Online
ORD-104211,25-05-2023,South,Electronics,Accessories,Electronics Accessories,1808,At Risk,7,49.23,0.0579,324.67,68.33,71,Wholesale
ORD-104212,06-02-2022,West,Office Supplies,Stationery,Office Supplies Stationery,5181,VIP,7,151.33,0.1083,944.57,206.01,58,Wholesale
ORD-104213,21-01-2022,Central,Electronics,Phone,Electronics Phone,1453,New,6,76.43,0.0733,424.98,85.48,44,Online
ORD-104214,12-03-2025,East,Apparel,Footwear,Apparel Footwear,5660,New,6,88.41,0.0601,498.58,173.05,42,Wholesale
ORD-104215,20-02-2025,East,Furniture,Lighting,Furniture Lighting,3961,VIP,4,120.16,0.1403,413.23,104.1,24,Online
ORD-104216,18-03-2024,North,Electronics,Tablet,Electronics Tablet,1567,Regular,6,85.4,0.0443,489.72,159.7,60,Wholesale
ORD-104217,24-06-2024,North,Furniture,Lighting,Furniture Lighting,6945,VIP,1,152.23,0.0342,147.02,34.37,70,Retail
ORD-104218,13-03-2025,North,Apparel,Shirts,Apparel Shirts,3646,At Risk,3,180.87,0.0874,495.18,141.65,26,Online
ORD-104219,24-03-2024,Central,Furniture,Lighting,Furniture Lighting,5060,New,6,34.72,0.0403,199.92,72.26,27,Retail
ORD-104220,06-03-2024,East,Office Supplies,Binders,Office Supplies Binders,4203,VIP,7,23.53,0.1126,146.16,40.32,54,Wholesale
ORD-104221,05-03-2024,North,Electronics,Laptop,Electronics Laptop,6040,VIP,3,114.29,0.1229,300.74,79.86,32,Retail
ORD-104222,19-05-2022,South,Office Supplies,Binders,Office Supplies Binders,6344,New,2,168.43,0.1211,296.05,111.89,34,Online
ORD-104223,01-11-2023,Central,Electronics,Accessories,Electronics Accessories,3274,VIP,5,149.17,0.0529,706.41,224.36,42,Wholesale
ORD-104224,20-02-2025,South,Office Supplies,Ink,Office Supplies Ink,1127,Regular,3,109.58,0.0775,303.27,83.97,22,Retail
ORD-104225,09-01-2025,West,Furniture,Desk,Furniture Desk,5555,Regular,3,38.42,0.0425,110.36,28.92,22,Online
ORD-104226,21-03-2024,East,Apparel,Footwear,Apparel Footwear,5802,At Risk,3,131.87,0.1122,351.21,91.35,40,Online
ORD-104227,24-10-2022,Central,Apparel,Footwear,Apparel Footwear,5368,New,2,188.23,0.059,354.24,79.6,28,Online
ORD-104228,15-10-2024,West,Apparel,Jackets,Apparel Jackets,3282,New,2,211.76,0.0672,395.05,105.58,56,Wholesale
ORD-104229,04-07-2023,East,Furniture,Desk,Furniture Desk,2916,Regular,5,70.25,0.0046,349.62,92.2,53,Wholesale
ORD-104230,14-01-2022,Central,Apparel,Jackets,Apparel Jackets,2143,New,4,197.16,0.0576,743.19,236.78,65,Wholesale
ORD-104231,12-12-2022,East,Furniture,Desk,Furniture Desk,6193,VIP,4,96.7,0.0301,375.18,70.74,66,Wholesale
ORD-104232,16-02-2024,Central,Apparel,Shirts,Apparel Shirts,6612,At Risk,4,157.29,0.0689,585.81,243.77,65,Online
ORD-104233,22-09-2022,North,Office Supplies,Stationery,Office Supplies Stationery,4744,Regular,6,27.49,0.1256,144.22,58.58,53,Online
ORD-104234,01-06-2022,South,Furniture,Lighting,Furniture Lighting,3949,New,5,78.26,0.0457,373.42,148.52,66,Retail
ORD-104235,30-04-2022,East,Electronics,Phone,Electronics Phone,6466,Regular,6,123.07,0.0227,721.63,167.7,41,Wholesale
ORD-104236,22-08-2022,South,Apparel,Shirts,Apparel Shirts,5340,New,2,150.57,0.0127,297.32,65.1,59,Retail
ORD-104237,02-02-2023,South,Furniture,Lighting,Furniture Lighting,3737,VIP,2,118.69,0.0459,226.49,78.56,23,Online
ORD-104238,06-06-2023,East,Electronics,Tablet,Electronics Tablet,2804,New,6,61.69,0.0785,341.1,121.18,50,Wholesale
ORD-104239,20-01-2025,Central,Office Supplies,Binders,Office Supplies Binders,5608,New,5,101.72,0.0241,496.33,135.58,40,Wholesale
ORD-104240,15-02-2023,East,Office Supplies,Stationery,Office Supplies Stationery,1044,New,7,105.02,0.0133,725.35,163.32,28,Online
ORD-104241,07-01-2025,West,Apparel,Shirts,Apparel Shirts,5118,At Risk,6,205.78,0.0382,1187.51,276.82,34,Retail
ORD-104242,27-09-2023,South,Electronics,Phone,Electronics Phone,5355,At Risk,2,93.4,0.075,172.8,63.3,42,Wholesale
ORD-104243,07-01-2022,West,Electronics,Accessories,Electronics Accessories,5817,New,6,30.74,0.0156,181.57,46.63,71,Wholesale
ORD-104244,12-05-2024,North,Electronics,Accessories,Electronics Accessories,1985,At Risk,1,130.97,0.0671,122.18,44.09,39,Retail
ORD-104245,10-06-2024,West,Furniture,Storage,Furniture Storage,2262,VIP,5,25.12,0.0219,122.84,32.99,52,Retail
ORD-104246,25-06-2023,North,Furniture,Lighting,Furniture Lighting,2796,New,4,179.95,0.0886,656.01,235.13,62,Online
ORD-104247,03-06-2024,East,Electronics,Laptop,Electronics Laptop,6793,Regular,6,165.54,0.0343,959.15,361.14,63,Online
ORD-104248,29-06-2022,South,Office Supplies,Paper,Office Supplies Paper,5055,At Risk,3,110.27,0.1264,289.01,61.17,31,Online
ORD-104249,25-03-2022,Central,Office Supplies,Ink,Office Supplies Ink,2965,At Risk,7,84.19,0.0317,570.66,129.1,23,Online
ORD-104250,20-11-2023,West,Electronics,Phone,Electronics Phone,1528,New,4,168.79,0.0472,643.26,123.34,64,Retail
ORD-104251,06-05-2023,North,Furniture,Desk,Furniture Desk,5310,Regular,5,113.76,0.0589,535.3,152.63,24,Retail
ORD-104252,30-12-2024,South,Office Supplies,Binders,Office Supplies Binders,4674,Regular,3,186.71,0.1392,482.18,161.47,36,Online
ORD-104253,19-12-2022,South,Office Supplies,Binders,Office Supplies Binders,3230,VIP,4,29.99,0.0364,115.59,43.11,50,Online
ORD-104254,27-09-2022,West,Electronics,Phone,Electronics Phone,4377,New,4,65.82,0.0259,256.47,88.54,22,Online
ORD-104255,22-02-2022,South,Furniture,Chair,Furniture Chair,4534,Regular,2,209.89,0.0502,398.71,167.06,64,Retail
ORD-104256,11-03-2022,East,Furniture,Desk,Furniture Desk,2260,Regular,2,23.09,0.0669,43.09,9.18,62,Retail
ORD-104257,16-03-2024,North,Furniture,Desk,Furniture Desk,3121,Regular,5,58.7,0.0236,286.59,106.75,50,Retail
ORD-104258,22-10-2023,West,Apparel,Accessories,Apparel Accessories,6119,At Risk,1,70.82,0.1185,62.43,18.39,41,Online
ORD-104259,11-02-2025,North,Apparel,Footwear,Apparel Footwear,2127,Regular,1,158.76,0.0508,150.69,28.91,50,Wholesale
ORD-104260,16-03-2025,Central,Office Supplies,Paper,Office Supplies Paper,4162,Regular,7,23.68,0.0657,154.86,30.93,52,Wholesale
ORD-104261,30-09-2023,Central,Apparel,Accessories,Apparel Accessories,1565,Regular,7,109.76,0.053,727.57,133.2,42,Retail
ORD-104262,24-02-2025,Central,Office Supplies,Binders,Office Supplies Binders,4486,VIP,4,213.3,0.0464,813.6,189.21,55,Wholesale
ORD-104263,02-11-2023,East,Furniture,Desk,Furniture Desk,2650,At Risk,6,172.23,0.0507,981.03,286.4,68,Online
ORD-104264,21-08-2022,South,Electronics,Tablet,Electronics Tablet,5973,Regular,6,120.46,0.0911,656.92,267.29,51,Retail
ORD-104265,22-09-2024,Central,Furniture,Chair,Furniture Chair,4172,New,7,193.26,0.0528,1281.43,351.67,21,Retail
ORD-104266,03-09-2022,North,Office Supplies,Paper,Office Supplies Paper,5268,New,5,185.08,0.0462,882.65,272.13,22,Wholesale
ORD-104267,23-04-2022,North,Office Supplies,Binders,Office Supplies Binders,3387,New,2,134.4,0.1135,238.3,72.19,23,Wholesale
ORD-104268,03-02-2022,North,Electronics,Phone,Electronics Phone,4645,Regular,1,141.53,0.0923,128.47,47.07,31,Retail
ORD-104269,30-07-2024,South,Apparel,Accessories,Apparel Accessories,1307,New,7,49.9,0.0901,317.84,89.73,29,Retail
ORD-104270,23-04-2022,South,Furniture,Desk,Furniture Desk,6339,New,3,214.97,0.1268,563.15,114.15,46,Wholesale
ORD-104271,14-03-2025,South,Apparel,Jackets,Apparel Jackets,3452,At Risk,5,82.84,0.0349,399.75,124.38,71,Retail
ORD-104272,12-10-2023,Central,Electronics,Laptop,Electronics Laptop,3249,New,7,126.69,0.0854,811.09,150.66,65,Wholesale
ORD-104273,06-08-2024,East,Furniture,Lighting,Furniture Lighting,3280,Regular,4,152.76,0.0661,570.65,186.94,30,Wholesale
ORD-104274,13-07-2022,West,Electronics,Tablet,Electronics Tablet,5017,Regular,6,37.93,0.0683,212.03,50.32,55,Online
ORD-104275,13-07-2022,North,Furniture,Lighting,Furniture Lighting,2394,Regular,4,100.77,0.0971,363.95,132.07,69,Wholesale
ORD-104276,18-02-2023,Central,Office Supplies,Binders,Office Supplies Binders,5019,VIP,3,96.21,0.0626,270.55,64.76,23,Wholesale
ORD-104277,18-02-2022,South,Apparel,Accessories,Apparel Accessories,4516,New,2,95.3,0.0405,182.89,72.11,64,Retail
ORD-104278,24-04-2024,West,Furniture,Chair,Furniture Chair,2409,Regular,1,168.34,0.1265,147.04,54.38,62,Wholesale
ORD-104279,28-06-2022,West,Apparel,Jackets,Apparel Jackets,1671,At Risk,1,90.88,0.0641,85.06,30.88,27,Retail
ORD-104280,26-01-2023,North,Apparel,Jackets,Apparel Jackets,3759,New,6,162.06,0.038,935.42,193.98,25,Retail
ORD-104281,17-07-2023,West,Furniture,Desk,Furniture Desk,4175,New,1,75.47,0.0818,69.3,19.05,45,Online
ORD-104282,19-02-2023,West,Office Supplies,Binders,Office Supplies Binders,6814,New,2,219.35,0.068,408.86,102.85,53,Wholesale
ORD-104283,16-01-2024,South,Furniture,Desk,Furniture Desk,5244,Regular,2,202.54,0.11,360.52,113.16,28,Wholesale
ORD-104284,08-07-2024,South,Office Supplies,Binders,Office Supplies Binders,1182,New,1,194.35,0.0107,192.27,39.3,56,Wholesale
ORD-104285,10-04-2022,Central,Electronics,Phone,Electronics Phone,2272,Regular,1,216.89,0.0986,195.49,38.19,58,Retail
ORD-104286,31-01-2023,North,Apparel,Jackets,Apparel Jackets,6793,VIP,7,213.59,0.0951,1352.92,458.77,56,Online
ORD-104287,10-03-2023,West,Furniture,Storage,Furniture Storage,3739,New,2,176.67,0.0497,335.78,60.71,26,Online
ORD-104288,25-10-2024,South,Apparel,Shirts,Apparel Shirts,3312,Regular,3,212.72,0.006,634.31,263.56,32,Wholesale
ORD-104289,16-05-2024,North,Apparel,Jackets,Apparel Jackets,5120,At Risk,4,125.14,0.0796,460.73,126.31,21,Retail
ORD-104290,25-04-2023,South,Office Supplies,Stationery,Office Supplies Stationery,4215,VIP,5,57.49,0.0541,271.9,54.03,32,Online
ORD-104291,15-07-2024,South,Electronics,Laptop,Electronics Laptop,4246,New,5,97.64,0.0509,463.34,169.58,40,Retail
ORD-104292,31-01-2022,South,Furniture,Chair,Furniture Chair,3219,New,7,135.75,0.0272,924.4,334.12,29,Online
ORD-104293,18-05-2023,South,Office Supplies,Ink,Office Supplies Ink,1376,Regular,7,24.85,0.0834,159.45,52.44,28,Wholesale
ORD-104294,13-06-2024,North,Electronics,Tablet,Electronics Tablet,1811,New,1,207.22,0.0214,202.79,39.53,43,Retail
ORD-104295,13-11-2023,Central,Office Supplies,Ink,Office Supplies Ink,1695,VIP,5,171.72,0.015,845.68,256.42,48,Retail
ORD-104296,19-03-2023,East,Apparel,Shirts,Apparel Shirts,2222,Regular,3,209.32,0.1087,559.68,204.9,46,Retail
ORD-104297,28-04-2023,East,Electronics,Accessories,Electronics Accessories,3393,At Risk,1,68.54,0.041,65.73,12.1,49,Retail
ORD-104298,11-05-2024,East,Office Supplies,Binders,Office Supplies Binders,5830,New,1,102.21,0.0375,98.37,18.66,31,Online
ORD-104299,20-11-2024,North,Office Supplies,Stationery,Office Supplies Stationery,1033,Regular,6,147.6,0.0293,859.69,304.17,66,Online
ORD-104300,10-09-2023,Central,Electronics,Accessories,Electronics Accessories,4492,Regular,7,168.85,0.1166,1044.17,338.31,65,Retail
ORD-104301,07-02-2025,South,Furniture,Storage,Furniture Storage,6847,New,2,176.41,0.0381,339.37,136.99,62,Online
ORD-104302,04-02-2024,West,Furniture,Lighting,Furniture Lighting,4251,New,6,162.97,0.1185,861.94,245.97,54,Online
ORD-104303,10-01-2023,South,Furniture,Chair,Furniture Chair,3832,New,3,99.13,0.0283,288.98,66.35,66,Wholesale
ORD-104304,04-04-2025,East,Apparel,Accessories,Apparel Accessories,2556,Regular,6,186.97,0.0523,1063.12,202.54,45,Online
ORD-104305,07-04-2025,Central,Office Supplies,Stationery,Office Supplies Stationery,1174,Regular,7,99.91,0.0559,660.27,191.39,34,Retail
ORD-104306,18-03-2023,South,Office Supplies,Ink,Office Supplies Ink,4591,At Risk,2,29.45,0.0574,55.52,10.76,28,Online
ORD-104307,30-05-2024,East,Electronics,Tablet,Electronics Tablet,1818,Regular,3,106.2,0.0399,305.9,72.38,25,Online
ORD-104308,08-07-2024,West,Apparel,Footwear,Apparel Footwear,6593,VIP,1,57.41,0.0387,55.19,20.74,59,Online
ORD-104309,21-03-2024,North,Furniture,Storage,Furniture Storage,3309,Regular,3,29.41,0.0554,83.34,17.96,57,Wholesale
ORD-104310,24-01-2025,South,Furniture,Storage,Furniture Storage,3151,New,1,154.24,0.0099,152.72,38.63,68,Wholesale
ORD-104311,23-07-2022,East,Office Supplies,Paper,Office Supplies Paper,5551,New,4,51.59,0.0469,196.68,40.98,27,Retail
ORD-104312,21-06-2024,West,Electronics,Phone,Electronics Phone,3078,Regular,4,142.85,0.0372,550.12,112.79,58,Wholesale
ORD-104313,03-09-2022,West,Furniture,Storage,Furniture Storage,1509,New,5,67.46,0.0265,328.38,134.35,56,Retail
ORD-104314,22-05-2023,South,Apparel,Footwear,Apparel Footwear,3697,New,6,102.46,0.0124,607.12,225.06,38,Wholesale
ORD-104315,19-04-2022,West,Apparel,Accessories,Apparel Accessories,4309,New,2,85.46,0.1034,153.25,48.26,41,Retail
ORD-104316,22-11-2022,Central,Furniture,Desk,Furniture Desk,6028,Regular,7,24.11,0.1232,147.97,36.8,52,Wholesale
ORD-104317,12-04-2023,South,Office Supplies,Ink,Office Supplies Ink,4918,New,7,78.59,0.0237,537.07,124.28,38,Wholesale
ORD-104318,21-03-2025,Central,Apparel,Jackets,Apparel Jackets,4616,VIP,1,192.87,0.0576,181.76,40.13,40,Retail
ORD-104319,16-03-2023,East,Furniture,Lighting,Furniture Lighting,6291,Regular,2,185.19,0.0203,362.88,144.4,66,Online
ORD-104320,12-09-2022,North,Apparel,Jackets,Apparel Jackets,5328,At Risk,2,112.99,0.0332,218.47,71.94,47,Online
ORD-104321,07-01-2023,South,Furniture,Desk,Furniture Desk,2982,VIP,5,173.72,0.1294,756.23,300.89,42,Online
ORD-104322,21-12-2023,North,Furniture,Desk,Furniture Desk,2737,Regular,6,106.39,0.0398,612.91,179.67,42,Online
ORD-104323,02-10-2022,South,Furniture,Chair,Furniture Chair,1808,Regular,3,83.64,0.0409,240.65,82.33,24,Online
ORD-104324,24-01-2024,West,Furniture,Lighting,Furniture Lighting,5285,At Risk,7,49.07,0.1027,308.22,121.47,22,Online
ORD-104325,31-01-2023,Central,Office Supplies,Ink,Office Supplies Ink,6100,New,1,184.5,0.0874,168.38,69.98,51,Wholesale
ORD-104326,15-03-2023,South,Office Supplies,Ink,Office Supplies Ink,6852,VIP,4,58.42,0.0958,211.29,69.3,44,Online
ORD-104327,15-11-2022,East,Apparel,Footwear,Apparel Footwear,6787,VIP,1,119.91,0.0852,109.69,21.04,32,Retail
ORD-104328,11-04-2024,South,Office Supplies,Stationery,Office Supplies Stationery,4500,At Risk,6,74.28,0.0289,432.79,80.21,68,Online
ORD-104329,07-08-2022,North,Electronics,Accessories,Electronics Accessories,3108,VIP,5,200.49,0.048,954.37,279.06,24,Retail
ORD-104330,14-10-2022,Central,Electronics,Phone,Electronics Phone,5059,Regular,6,92.93,0.0369,537,201.18,38,Retail
ORD-104331,22-02-2023,Central,Furniture,Lighting,Furniture Lighting,3498,New,4,193.76,0.0872,707.48,157.98,47,Retail
ORD-104332,24-02-2022,South,Office Supplies,Stationery,Office Supplies Stationery,1531,Regular,2,52.79,0.1049,94.5,26.06,42,Online
ORD-104333,13-09-2024,Central,Apparel,Jackets,Apparel Jackets,4677,VIP,6,166.12,0.0509,946.03,349.36,25,Wholesale
ORD-104334,29-01-2025,East,Furniture,Lighting,Furniture Lighting,3923,Regular,4,120.31,0.0838,440.92,134.05,44,Online
ORD-104335,14-04-2025,West,Office Supplies,Binders,Office Supplies Binders,3836,At Risk,4,88.44,0.0502,335.99,125.78,42,Retail
ORD-104336,12-01-2025,West,Office Supplies,Paper,Office Supplies Paper,4700,Regular,1,27.2,0.0417,26.07,7.1,68,Online
ORD-104337,11-10-2024,Central,Apparel,Shirts,Apparel Shirts,2204,At Risk,5,82.29,0.1058,367.93,144.85,25,Online
ORD-104338,12-05-2023,South,Furniture,Lighting,Furniture Lighting,6986,Regular,7,54.75,0.0752,354.42,108.63,63,Wholesale
ORD-104339,05-03-2025,Central,Furniture,Lighting,Furniture Lighting,1943,VIP,3,94.43,0.1622,237.35,92.29,40,Wholesale
ORD-104340,07-08-2024,Central,Electronics,Phone,Electronics Phone,4130,New,5,59.43,0.0608,279.08,104.49,37,Online
ORD-104341,09-05-2022,South,Office Supplies,Stationery,Office Supplies Stationery,2853,New,2,41,0.0485,78.02,18.25,30,Retail
ORD-104342,12-07-2022,North,Electronics,Phone,Electronics Phone,6468,New,6,106.25,0.0304,618.15,146.56,54,Wholesale
ORD-104343,21-10-2023,South,Apparel,Footwear,Apparel Footwear,2317,New,6,192.29,0.0841,1056.76,375.17,52,Retail
ORD-104344,12-12-2023,North,Furniture,Storage,Furniture Storage,4862,VIP,3,67.9,0.0783,187.74,65.67,65,Retail
ORD-104345,31-08-2023,East,Electronics,Phone,Electronics Phone,3521,Regular,6,28.43,0.1097,151.88,38.06,53,Wholesale
ORD-104346,08-05-2024,West,Office Supplies,Paper,Office Supplies Paper,4022,Regular,5,212.12,0.0291,1029.76,344.19,59,Retail
ORD-104347,20-03-2025,West,Apparel,Footwear,Apparel Footwear,4604,Regular,1,78.05,0.0984,70.37,24.63,35,Online
ORD-104348,29-03-2023,East,Office Supplies,Paper,Office Supplies Paper,2959,Regular,1,77.45,0.0906,70.43,13.94,68,Online
ORD-104349,02-08-2022,South,Furniture,Desk,Furniture Desk,5043,VIP,1,154.06,0.0219,150.69,46.6,29,Retail
ORD-104350,11-04-2022,North,Electronics,Accessories,Electronics Accessories,5285,New,2,89.73,0.0768,165.68,37.11,34,Wholesale
ORD-104351,12-07-2024,Central,Furniture,Storage,Furniture Storage,3807,New,3,119.86,0.1011,323.23,96.97,37,Online
ORD-104352,29-03-2025,West,Electronics,Laptop,Electronics Laptop,4886,New,5,62.23,0.1375,268.38,64.41,58,Retail
ORD-104353,16-01-2025,West,Electronics,Laptop,Electronics Laptop,6300,Regular,5,181.84,0.1445,777.86,224.3,42,Wholesale
ORD-104354,10-01-2025,East,Electronics,Tablet,Electronics Tablet,5300,New,1,180.31,0.1323,156.46,49.82,67,Online
ORD-104355,23-06-2023,East,Apparel,Accessories,Apparel Accessories,3263,VIP,7,111.21,0.1092,693.47,215.69,60,Online
ORD-104356,20-09-2024,Central,Office Supplies,Binders,Office Supplies Binders,5375,VIP,4,48.18,0.1507,163.67,54.16,45,Wholesale
ORD-104357,15-11-2023,North,Apparel,Accessories,Apparel Accessories,5895,New,3,152.2,0.0639,427.43,82.01,65,Retail
ORD-104358,21-01-2022,East,Office Supplies,Binders,Office Supplies Binders,1717,Regular,3,68.29,0.1096,182.42,68.01,53,Online
ORD-104359,06-12-2022,North,Furniture,Lighting,Furniture Lighting,6712,New,4,120.94,0.1327,419.55,142.88,44,Online
ORD-104360,02-01-2022,Central,Furniture,Chair,Furniture Chair,4141,VIP,3,200.84,0.0455,575.09,174.2,59,Retail
ORD-104361,14-07-2023,West,Office Supplies,Binders,Office Supplies Binders,6694,Regular,2,141.2,0.0163,277.78,87.78,54,Online
ORD-104362,18-07-2023,Central,Apparel,Footwear,Apparel Footwear,2007,At Risk,2,85.24,0.0301,165.35,62.59,59,Wholesale
ORD-104363,27-11-2023,South,Furniture,Chair,Furniture Chair,4667,At Risk,3,72.99,0.1426,187.74,54.02,22,Retail
ORD-104364,22-03-2025,West,Apparel,Footwear,Apparel Footwear,1978,Regular,2,27.96,0.0606,52.53,15.67,56,Wholesale
ORD-104365,01-04-2024,North,Electronics,Phone,Electronics Phone,4862,New,5,207.5,0.0283,1008.17,183.09,69,Retail
ORD-104366,11-04-2024,South,Furniture,Chair,Furniture Chair,5938,New,1,78.29,0.0877,71.42,26.8,35,Retail
ORD-104367,22-12-2022,Central,Apparel,Jackets,Apparel Jackets,3311,At Risk,3,72.48,0.0472,207.19,55,24,Retail
ORD-104368,17-02-2025,Central,Office Supplies,Binders,Office Supplies Binders,4084,At Risk,7,133.82,0.0547,885.5,254.44,55,Wholesale
ORD-104369,11-07-2022,West,Office Supplies,Ink,Office Supplies Ink,2863,Regular,6,60.61,0.071,337.83,93.95,45,Online
ORD-104370,15-03-2025,West,Electronics,Accessories,Electronics Accessories,3056,Regular,1,144.23,0.0831,132.24,37.05,54,Online
ORD-104371,15-11-2022,North,Electronics,Tablet,Electronics Tablet,1800,Regular,5,135.13,0.137,583.09,204.69,45,Online
ORD-104372,12-01-2024,South,Office Supplies,Paper,Office Supplies Paper,6536,VIP,5,176.22,0.0126,870,284.8,38,Wholesale
ORD-104373,16-02-2025,West,Furniture,Chair,Furniture Chair,2375,New,3,51.71,0.0913,140.97,39.02,41,Wholesale
ORD-104374,13-01-2024,Central,Furniture,Lighting,Furniture Lighting,2275,At Risk,5,100.54,0.0884,458.28,89.13,41,Wholesale
ORD-104375,28-04-2023,West,Office Supplies,Binders,Office Supplies Binders,2692,Regular,5,32.35,0.0894,147.29,31.88,29,Online
ORD-104376,12-01-2024,West,Apparel,Footwear,Apparel Footwear,3480,VIP,6,33.5,0.0845,184.02,65.98,32,Retail
ORD-104377,16-05-2023,South,Office Supplies,Ink,Office Supplies Ink,5702,VIP,7,163.99,0.0376,1104.74,267.58,67,Wholesale
ORD-104378,31-03-2025,East,Apparel,Accessories,Apparel Accessories,1745,Regular,2,21.65,0.0158,42.61,16.26,70,Online
ORD-104379,04-03-2025,West,Electronics,Accessories,Electronics Accessories,5634,Regular,7,210.95,0.0907,1342.77,539.96,21,Online
ORD-104380,01-11-2024,South,Office Supplies,Ink,Office Supplies Ink,5249,Regular,2,69.97,0.1217,122.92,39.6,22,Retail
ORD-104381,29-09-2022,South,Electronics,Phone,Electronics Phone,3272,VIP,3,165.11,0.0469,472.09,149.53,31,Retail
ORD-104382,16-03-2025,West,Electronics,Tablet,Electronics Tablet,5031,VIP,6,148.82,0.0718,828.82,307.07,46,Retail
ORD-104383,29-01-2023,South,Furniture,Storage,Furniture Storage,5713,At Risk,7,182.62,0.0423,1224.3,326.82,55,Retail
ORD-104384,24-06-2023,West,Office Supplies,Binders,Office Supplies Binders,3550,New,7,126.27,0.106,790.2,221.39,55,Wholesale
ORD-104385,27-07-2023,Central,Apparel,Shirts,Apparel Shirts,1012,VIP,4,202.44,0.0837,742.01,306.43,33,Online
ORD-104386,20-09-2023,Central,Office Supplies,Stationery,Office Supplies Stationery,5882,New,2,168.6,0.0981,304.13,65.87,22,Wholesale
ORD-104387,16-11-2023,Central,Furniture,Storage,Furniture Storage,2385,At Risk,7,59.95,0.0352,404.9,144.63,25,Retail
ORD-104388,07-01-2025,South,Furniture,Lighting,Furniture Lighting,4796,VIP,3,88.01,0.1603,221.7,83.54,39,Wholesale
ORD-104389,03-10-2022,Central,Electronics,Phone,Electronics Phone,3047,New,5,120.05,0.0685,559.12,204.44,67,Online
ORD-104390,05-07-2022,South,Electronics,Laptop,Electronics Laptop,1874,Regular,6,63.11,0.0214,370.56,147.58,52,Wholesale
ORD-104391,24-06-2023,Central,Electronics,Accessories,Electronics Accessories,4330,VIP,2,53.87,0.1072,96.19,39.69,49,Wholesale
ORD-104392,22-04-2023,North,Apparel,Jackets,Apparel Jackets,1977,Regular,3,114.52,0.0342,331.82,74.27,47,Online
ORD-104393,18-02-2023,Central,Apparel,Accessories,Apparel Accessories,2722,VIP,1,71.4,0.0321,69.11,20.82,68,Retail
ORD-104394,31-03-2024,North,Electronics,Tablet,Electronics Tablet,1192,New,5,212.91,0.0605,1000.18,282.63,43,Wholesale
ORD-104395,12-06-2022,East,Furniture,Storage,Furniture Storage,1679,Regular,5,109.44,0.1156,483.96,87.13,71,Wholesale
ORD-104396,16-10-2022,East,Furniture,Chair,Furniture Chair,5711,New,6,31.31,0.0211,183.91,45.24,67,Retail
ORD-104397,04-09-2023,West,Furniture,Storage,Furniture Storage,2226,New,4,178.85,0.1542,605.09,250.01,59,Wholesale
ORD-104398,20-01-2025,South,Apparel,Shirts,Apparel Shirts,4115,VIP,7,127.92,0.0878,816.8,154.49,43,Wholesale
ORD-104399,21-09-2023,West,Apparel,Footwear,Apparel Footwear,1855,VIP,1,208.61,0.0565,196.83,68.5,48,Retail
ORD-104400,31-12-2023,Central,Apparel,Accessories,Apparel Accessories,1694,At Risk,6,216.28,0.1052,1161.21,248.45,40,Online
ORD-104401,24-01-2025,Central,Furniture,Chair,Furniture Chair,3961,At Risk,3,170.38,0.0389,491.23,165.78,66,Online
ORD-104402,20-03-2024,East,Furniture,Lighting,Furniture Lighting,5981,Regular,4,156.06,0.0478,594.37,161.96,55,Online
ORD-104403,24-12-2024,South,Office Supplies,Binders,Office Supplies Binders,6996,New,2,137.78,0.0412,264.2,55.84,53,Wholesale
ORD-104404,07-07-2024,East,Apparel,Footwear,Apparel Footwear,3287,VIP,6,118.55,0.0222,695.51,266.71,50,Online
ORD-104405,24-09-2022,South,Apparel,Accessories,Apparel Accessories,4947,At Risk,6,106.23,0.0729,590.91,218.79,47,Wholesale
ORD-104406,27-07-2022,South,Furniture,Chair,Furniture Chair,3714,Regular,4,154.59,0.0309,599.22,233.29,25,Online
ORD-104407,24-09-2022,North,Electronics,Accessories,Electronics Accessories,4674,Regular,7,188.53,0.0938,1195.86,337.8,28,Online
ORD-104408,07-12-2024,Central,Furniture,Desk,Furniture Desk,2880,New,7,119.98,0.0563,792.55,303.23,67,Retail
ORD-104409,29-01-2024,Central,Apparel,Accessories,Apparel Accessories,3792,At Risk,1,25.11,0.0527,23.79,7.08,62,Wholesale
ORD-104410,14-09-2023,North,Furniture,Desk,Furniture Desk,3895,At Risk,2,58.01,0.0415,111.21,41.16,62,Online
ORD-104411,25-03-2022,Central,Apparel,Accessories,Apparel Accessories,4281,New,5,125.96,0.0972,568.61,149.08,39,Wholesale
ORD-104412,30-07-2022,Central,Electronics,Laptop,Electronics Laptop,2394,New,7,34.2,0.0566,225.84,75.91,29,Retail
ORD-104413,25-10-2022,South,Office Supplies,Paper,Office Supplies Paper,6836,VIP,7,72.25,0.0808,464.87,107.6,49,Retail
ORD-104414,01-10-2024,East,Furniture,Chair,Furniture Chair,1196,New,2,94.17,0.0429,180.27,67.62,35,Wholesale
ORD-104415,15-09-2023,North,Apparel,Footwear,Apparel Footwear,4225,At Risk,6,34.67,0.1252,181.98,56.5,33,Retail
ORD-104416,18-06-2022,East,Office Supplies,Paper,Office Supplies Paper,2594,New,5,30.3,0.1051,135.57,54.66,59,Retail
ORD-104417,03-11-2024,South,Apparel,Footwear,Apparel Footwear,1096,New,7,73.65,0.0263,501.97,170.13,63,Retail
ORD-104418,06-09-2023,East,Office Supplies,Paper,Office Supplies Paper,5759,VIP,2,137.88,0.0193,270.43,49.02,58,Online
ORD-104419,21-08-2024,North,Furniture,Lighting,Furniture Lighting,2831,Regular,5,158.65,0.0426,759.44,139.54,24,Online
ORD-104420,01-02-2022,East,Office Supplies,Ink,Office Supplies Ink,3197,Regular,6,142.76,0.054,810.32,336.6,63,Online
ORD-104421,25-01-2022,Central,Apparel,Shirts,Apparel Shirts,4848,Regular,3,115.54,0.0245,338.13,128.03,31,Retail
ORD-104422,31-03-2025,East,Furniture,Lighting,Furniture Lighting,3312,Regular,2,34.8,0.0717,64.61,14.61,66,Retail
ORD-104423,09-05-2023,North,Electronics,Laptop,Electronics Laptop,1664,Regular,2,31.03,0.0515,58.87,11.9,44,Online
ORD-104424,22-01-2025,South,Apparel,Footwear,Apparel Footwear,6413,Regular,7,46.28,0.0672,302.18,88.84,53,Wholesale
ORD-104425,21-01-2022,East,Electronics,Phone,Electronics Phone,1771,Regular,5,55.83,0.0256,272.01,72.25,35,Online
ORD-104426,29-01-2023,East,Office Supplies,Paper,Office Supplies Paper,3709,New,5,54.01,0.0727,250.42,82.81,38,Online
ORD-104427,05-11-2024,North,Office Supplies,Paper,Office Supplies Paper,4327,At Risk,7,44.03,0.0625,288.95,58.74,61,Retail
ORD-104428,03-03-2024,East,Apparel,Shirts,Apparel Shirts,5821,VIP,5,67.85,0.0697,315.6,109.93,39,Wholesale
ORD-104429,21-01-2024,West,Furniture,Desk,Furniture Desk,6573,VIP,3,177.49,0.056,502.66,182.8,42,Retail
ORD-104430,16-11-2023,Central,Furniture,Desk,Furniture Desk,2908,Regular,2,172.22,0.0389,331.03,72.09,46,Wholesale
ORD-104431,29-07-2024,Central,Apparel,Footwear,Apparel Footwear,1736,Regular,1,212.08,0.125,185.57,70.5,58,Wholesale
ORD-104432,29-01-2024,Central,Office Supplies,Paper,Office Supplies Paper,4981,At Risk,4,90.24,0.0345,348.5,141.09,62,Wholesale
ORD-104433,23-02-2025,West,Electronics,Laptop,Electronics Laptop,5434,VIP,5,100.19,0.0397,481.06,167.56,70,Retail
ORD-104434,25-10-2022,West,Furniture,Storage,Furniture Storage,5725,VIP,5,92.64,0.0417,443.87,163.52,45,Wholesale
ORD-104435,07-08-2023,North,Apparel,Accessories,Apparel Accessories,3242,New,3,76.75,0.0191,225.86,69.77,48,Retail
ORD-104436,09-12-2023,North,Electronics,Laptop,Electronics Laptop,3087,At Risk,1,189.5,0.0201,185.7,34.91,40,Wholesale
ORD-104437,07-04-2024,North,Apparel,Jackets,Apparel Jackets,1836,New,4,98.59,0.137,340.35,70.41,34,Online
ORD-104438,27-08-2023,East,Electronics,Accessories,Electronics Accessories,1237,New,1,120.36,0.1354,104.07,38.25,37,Online
ORD-104439,23-04-2024,East,Electronics,Accessories,Electronics Accessories,2433,Regular,4,25.41,0.054,96.15,23.26,58,Online
ORD-104440,09-03-2025,North,Office Supplies,Paper,Office Supplies Paper,2937,New,2,153.48,0.0257,299.08,64.68,64,Online
ORD-104441,17-02-2023,North,Office Supplies,Ink,Office Supplies Ink,3978,At Risk,1,46.36,0.0882,42.27,10.69,26,Wholesale
ORD-104442,10-04-2024,North,Apparel,Jackets,Apparel Jackets,2075,New,4,32.02,0.061,120.27,44.2,68,Online
ORD-104443,23-08-2022,North,Office Supplies,Stationery,Office Supplies Stationery,2374,Regular,5,47.3,0.1609,198.45,45.33,60,Retail
ORD-104444,11-04-2022,Central,Electronics,Phone,Electronics Phone,5469,Regular,4,168.96,0.0803,621.6,134.27,28,Retail
ORD-104445,21-10-2023,Central,Apparel,Shirts,Apparel Shirts,3775,VIP,6,204.21,0.07,1139.51,260.88,66,Online
ORD-104446,24-06-2023,North,Furniture,Chair,Furniture Chair,1187,At Risk,5,79.02,0.0471,376.5,92.8,27,Wholesale
ORD-104447,14-08-2023,Central,Furniture,Lighting,Furniture Lighting,1710,At Risk,1,194.15,0.1033,174.09,67.04,49,Online
ORD-104448,27-05-2022,Central,Furniture,Chair,Furniture Chair,2014,Regular,5,71.02,0.0288,344.86,114.89,52,Retail
ORD-104449,04-05-2022,West,Office Supplies,Binders,Office Supplies Binders,5424,New,6,116.44,0.0558,659.64,228.34,57,Wholesale
ORD-104450,02-07-2024,North,Office Supplies,Ink,Office Supplies Ink,6459,Regular,6,182.16,0.0321,1057.86,304.57,22,Wholesale
ORD-104451,28-08-2024,West,Furniture,Storage,Furniture Storage,6225,Regular,1,148.74,0.0549,140.58,33.93,56,Retail
ORD-104452,15-04-2024,East,Office Supplies,Stationery,Office Supplies Stationery,5786,At Risk,4,84.84,0.0494,322.6,111.91,60,Wholesale
ORD-104453,19-01-2023,South,Office Supplies,Binders,Office Supplies Binders,2365,VIP,3,106.26,0.0401,305.99,93.78,51,Retail
ORD-104454,31-07-2022,East,Office Supplies,Binders,Office Supplies Binders,2561,Regular,3,214.33,0.1073,573.99,228.16,54,Retail
ORD-104455,08-12-2023,South,Furniture,Chair,Furniture Chair,1389,New,3,29.85,0.0429,85.71,23.21,60,Retail
ORD-104456,01-04-2025,South,Electronics,Tablet,Electronics Tablet,3029,New,2,209.15,0.0509,397.02,102.07,40,Retail
ORD-104457,07-03-2025,East,Apparel,Jackets,Apparel Jackets,3040,Regular,4,130.01,0.0877,474.45,188.13,38,Online
ORD-104458,19-11-2024,Central,Office Supplies,Stationery,Office Supplies Stationery,6541,New,2,56.01,0.0661,104.62,40.72,28,Retail
ORD-104459,16-06-2024,South,Apparel,Footwear,Apparel Footwear,3561,VIP,6,98.46,0.0061,587.18,184.34,57,Retail
ORD-104460,04-05-2023,South,Office Supplies,Binders,Office Supplies Binders,1478,VIP,4,69.49,0.1131,246.51,68.83,50,Wholesale
ORD-104461,03-06-2024,South,Apparel,Jackets,Apparel Jackets,3697,VIP,4,130.7,0.0398,502.01,117.48,42,Retail
ORD-104462,17-03-2023,South,Apparel,Accessories,Apparel Accessories,3681,Regular,1,119.1,0.0863,108.82,36.54,60,Retail
ORD-104463,06-07-2022,Central,Apparel,Shirts,Apparel Shirts,2750,Regular,2,200.64,0.0371,386.38,121.26,34,Retail
ORD-104464,03-05-2024,West,Office Supplies,Ink,Office Supplies Ink,2480,New,3,67.15,0.0376,193.87,43.34,22,Retail
ORD-104465,14-02-2024,South,Furniture,Lighting,Furniture Lighting,4960,Regular,2,219.46,0.0442,419.54,151.78,36,Online
ORD-104466,22-01-2023,West,Office Supplies,Ink,Office Supplies Ink,4883,New,1,100.52,0.0298,97.52,36.76,28,Wholesale
ORD-104467,30-03-2025,East,Furniture,Desk,Furniture Desk,3786,At Risk,6,204.14,0.0294,1188.78,281.47,50,Wholesale
ORD-104468,29-07-2024,Central,Electronics,Laptop,Electronics Laptop,4010,At Risk,3,106.65,0.1048,286.43,104.43,59,Wholesale
ORD-104469,14-06-2023,Central,Office Supplies,Stationery,Office Supplies Stationery,1163,Regular,5,181.94,0.1257,795.37,268.67,47,Retail
ORD-104470,04-04-2024,West,Electronics,Phone,Electronics Phone,1103,VIP,1,143.58,0.0244,140.08,38.65,48,Wholesale
ORD-104471,15-08-2023,Central,Furniture,Desk,Furniture Desk,1921,Regular,1,198.86,0.0602,186.89,38.53,44,Retail
ORD-104472,16-03-2023,South,Apparel,Shirts,Apparel Shirts,5353,New,3,157.52,0.0616,443.44,142.8,45,Wholesale
ORD-104473,25-02-2024,Central,Apparel,Jackets,Apparel Jackets,5231,Regular,2,120.38,0.0751,222.68,53.2,60,Retail
ORD-104474,23-05-2024,East,Apparel,Footwear,Apparel Footwear,5375,New,7,44.76,0.0586,294.96,62.56,24,Wholesale
ORD-104475,27-06-2024,North,Office Supplies,Binders,Office Supplies Binders,3897,At Risk,1,47.26,0.1247,41.37,14.73,23,Retail
ORD-104476,04-01-2025,Central,Furniture,Chair,Furniture Chair,4519,Regular,7,156.7,0.1393,944.07,298.72,45,Online
ORD-104477,10-10-2024,West,Apparel,Jackets,Apparel Jackets,1247,New,2,124.9,0.0701,232.28,89.95,54,Wholesale
ORD-104478,28-04-2024,East,Electronics,Phone,Electronics Phone,3797,Regular,1,52.47,0.0271,51.05,16.65,36,Wholesale
ORD-104479,31-10-2022,Central,Office Supplies,Stationery,Office Supplies Stationery,4228,At Risk,2,121.95,0.1094,217.21,78.36,57,Wholesale
ORD-104480,15-01-2024,South,Office Supplies,Paper,Office Supplies Paper,3281,Regular,1,20.57,0.0194,20.17,4.13,63,Online
ORD-104481,15-10-2023,Central,Office Supplies,Stationery,Office Supplies Stationery,2739,Regular,1,196.74,0.1635,164.57,56.83,48,Wholesale
ORD-104482,02-09-2024,North,Apparel,Accessories,Apparel Accessories,2148,VIP,2,194.67,0.0735,360.74,112.11,43,Online
ORD-104483,01-04-2023,South,Office Supplies,Ink,Office Supplies Ink,6406,Regular,6,41.84,0.0746,232.32,44.84,26,Retail
ORD-104484,31-05-2024,South,Office Supplies,Ink,Office Supplies Ink,4085,Regular,6,200.51,0.0772,1110.2,349.87,62,Retail
ORD-104485,03-03-2023,North,Furniture,Desk,Furniture Desk,2677,New,6,85.22,0.0507,485.42,157.91,49,Retail
ORD-104486,30-01-2022,Central,Electronics,Laptop,Electronics Laptop,1478,VIP,4,198.2,0.1211,696.79,230.26,30,Online
ORD-104487,07-03-2023,Central,Office Supplies,Ink,Office Supplies Ink,5407,New,7,80.37,0.0371,541.73,100.59,41,Retail
ORD-104488,18-10-2024,South,Apparel,Shirts,Apparel Shirts,3828,VIP,5,197.89,0.1114,879.27,162.82,34,Retail
ORD-104489,05-06-2024,Central,Apparel,Footwear,Apparel Footwear,2902,VIP,3,99.63,0.0242,291.66,106.2,28,Retail
ORD-104490,08-03-2024,South,Electronics,Phone,Electronics Phone,4616,VIP,5,54.27,0.0241,264.82,102.28,59,Wholesale
ORD-104491,06-11-2023,West,Electronics,Laptop,Electronics Laptop,3454,Regular,5,136.07,0.089,619.77,197.82,57,Online
ORD-104492,19-09-2022,Central,Furniture,Storage,Furniture Storage,1713,Regular,2,142.11,0.0691,264.58,101.13,42,Retail
ORD-104493,14-12-2024,South,Furniture,Storage,Furniture Storage,4058,Regular,7,167.43,0.1,1054.76,298.34,71,Online
ORD-104494,26-05-2024,Central,Apparel,Jackets,Apparel Jackets,2206,Regular,4,131.07,0.0518,497.13,207,69,Retail
ORD-104495,04-03-2025,West,Electronics,Phone,Electronics Phone,4375,At Risk,7,65.97,0.0284,448.69,99.69,67,Online
ORD-104496,13-07-2024,Central,Electronics,Tablet,Electronics Tablet,4120,New,6,91.64,0.0184,539.75,140.89,53,Wholesale
ORD-104497,05-11-2022,East,Furniture,Desk,Furniture Desk,2082,Regular,6,173.04,0.0875,947.35,236.58,65,Online
ORD-104498,23-10-2024,Central,Electronics,Accessories,Electronics Accessories,2291,At Risk,7,218.69,0.0602,1438.72,455.11,50,Retail
ORD-104499,21-09-2022,South,Office Supplies,Binders,Office Supplies Binders,5965,Regular,4,41.96,0.0892,152.87,61.57,54,Wholesale
ORD-104500,27-01-2023,West,Electronics,Tablet,Electronics Tablet,1739,New,2,104.73,0.0401,201.06,82.43,26,Wholesale
ORD-104501,24-12-2023,Central,Electronics,Tablet,Electronics Tablet,5736,New,3,187.19,0.065,525.09,183.7,38,Online
ORD-104502,06-02-2024,North,Electronics,Tablet,Electronics Tablet,1275,New,7,32.63,0.0261,222.44,89.97,36,Online
ORD-104503,28-07-2023,South,Office Supplies,Paper,Office Supplies Paper,6389,VIP,3,20.08,0.0619,56.51,13.95,59,Wholesale
ORD-104504,03-04-2022,West,Electronics,Phone,Electronics Phone,5575,VIP,1,38.9,0.1003,35,6.48,55,Wholesale
ORD-104505,28-09-2023,West,Electronics,Tablet,Electronics Tablet,1928,VIP,5,168.21,0.0638,787.4,222,50,Retail
ORD-104506,07-05-2023,East,Office Supplies,Paper,Office Supplies Paper,5873,Regular,4,112.79,0.0589,424.6,118.62,21,Retail
ORD-104507,25-09-2023,Central,Electronics,Laptop,Electronics Laptop,3902,Regular,2,56.85,0.0328,109.97,22.6,43,Retail
ORD-104508,04-04-2025,South,Office Supplies,Paper,Office Supplies Paper,3485,At Risk,6,213.58,0.1581,1078.88,243.96,56,Wholesale
ORD-104509,11-11-2022,Central,Electronics,Tablet,Electronics Tablet,4938,At Risk,1,112.51,0.0034,112.13,45.89,39,Online
ORD-104510,08-06-2024,North,Electronics,Laptop,Electronics Laptop,3008,Regular,5,117.51,0.0376,565.45,164.66,64,Online
ORD-104511,21-11-2023,West,Office Supplies,Stationery,Office Supplies Stationery,3481,Regular,5,78.01,0.1052,349.03,114.2,63,Retail
ORD-104512,23-05-2024,South,Apparel,Footwear,Apparel Footwear,1337,New,2,26.68,0.0366,51.41,15.21,58,Online
ORD-104513,14-02-2022,South,Electronics,Tablet,Electronics Tablet,4519,Regular,6,90.6,0.0393,522.21,141.81,62,Online
ORD-104514,08-03-2024,East,Office Supplies,Binders,Office Supplies Binders,2611,New,6,129.38,0.0317,751.68,172.22,33,Retail
ORD-104515,26-01-2025,West,Furniture,Chair,Furniture Chair,4923,Regular,2,35.2,0.0758,65.07,17.35,50,Wholesale
ORD-104516,31-08-2023,Central,Electronics,Laptop,Electronics Laptop,2411,At Risk,5,193.69,0.0721,898.59,368.48,47,Online
ORD-104517,07-09-2022,Central,Apparel,Jackets,Apparel Jackets,6315,Regular,4,80.81,0.0658,301.98,70.76,54,Wholesale
ORD-104518,30-07-2024,North,Apparel,Accessories,Apparel Accessories,6662,At Risk,7,42.73,0.1038,268.08,64.03,65,Wholesale
ORD-104519,28-02-2024,West,Furniture,Desk,Furniture Desk,3076,Regular,7,158.78,0.0652,1039.03,377.98,57,Wholesale
ORD-104520,08-02-2024,South,Electronics,Accessories,Electronics Accessories,3997,New,1,192.27,0.0121,189.95,76.62,29,Online
ORD-104521,18-06-2022,Central,Electronics,Phone,Electronics Phone,3765,At Risk,3,126.61,0.0473,361.86,111.94,51,Online
ORD-104522,07-07-2023,West,Furniture,Chair,Furniture Chair,6356,Regular,6,28.65,0.0331,166.21,35.5,47,Online
ORD-104523,28-04-2022,South,Electronics,Laptop,Electronics Laptop,1934,New,2,52.7,0.0676,98.27,38.77,40,Retail
ORD-104524,02-01-2025,East,Furniture,Storage,Furniture Storage,1732,Regular,1,143.8,0.0485,136.83,51.19,38,Retail
ORD-104525,19-04-2023,East,Electronics,Accessories,Electronics Accessories,5295,Regular,5,157.37,0.0337,760.36,142.83,71,Wholesale
ORD-104526,03-12-2023,West,Office Supplies,Binders,Office Supplies Binders,4545,VIP,2,141.98,0.0562,268,68.04,37,Online
ORD-104527,12-11-2022,West,Electronics,Accessories,Electronics Accessories,4689,VIP,5,54.35,0.0784,250.44,55.5,44,Online
ORD-104528,31-10-2023,East,Apparel,Footwear,Apparel Footwear,4590,Regular,6,97.9,0.0508,557.54,212.43,59,Online
ORD-104529,19-05-2023,West,Apparel,Footwear,Apparel Footwear,6904,Regular,7,157.6,0.033,1066.81,245.64,29,Retail
ORD-104530,22-08-2024,Central,Apparel,Jackets,Apparel Jackets,6821,New,1,22.52,0.0933,20.42,7.99,23,Online
ORD-104531,04-02-2023,South,Apparel,Accessories,Apparel Accessories,6426,Regular,2,164.09,0.0624,307.69,60.92,43,Wholesale
ORD-104532,08-01-2022,North,Office Supplies,Paper,Office Supplies Paper,2720,Regular,7,50.78,0.0388,341.66,119.92,71,Online
ORD-104533,18-12-2024,Central,Furniture,Chair,Furniture Chair,2038,Regular,3,191.98,0.0705,535.36,108.16,32,Retail
ORD-104534,15-05-2023,North,Furniture,Desk,Furniture Desk,3544,Regular,4,96.25,0.0571,363.01,86.35,56,Retail
ORD-104535,19-11-2024,East,Furniture,Chair,Furniture Chair,2950,At Risk,4,91.28,0.0429,349.47,67.19,58,Wholesale
ORD-104536,18-03-2024,Central,Furniture,Lighting,Furniture Lighting,2033,Regular,7,42.25,0.0633,277.03,107.15,60,Retail
ORD-104537,08-02-2025,South,Apparel,Shirts,Apparel Shirts,6659,New,2,94.21,0.0293,182.9,38.76,62,Retail
ORD-104538,24-05-2022,East,Electronics,Accessories,Electronics Accessories,5081,Regular,2,71.51,0.0964,129.23,25.59,43,Retail
ORD-104539,26-02-2022,East,Apparel,Footwear,Apparel Footwear,1852,Regular,2,49.38,0.0645,92.39,27.05,36,Retail
ORD-104540,05-11-2022,South,Furniture,Desk,Furniture Desk,6448,New,1,73.34,0.0079,72.76,18.39,44,Online
ORD-104541,15-11-2024,West,Apparel,Shirts,Apparel Shirts,6150,At Risk,5,92.28,0.0585,434.4,142.85,56,Wholesale
ORD-104542,31-03-2023,South,Electronics,Accessories,Electronics Accessories,2281,Regular,6,177.61,0.0658,995.56,310.83,23,Wholesale
ORD-104543,30-09-2022,East,Apparel,Footwear,Apparel Footwear,5029,Regular,1,197.28,0.093,178.93,45.36,68,Retail
ORD-104544,15-08-2023,North,Apparel,Shirts,Apparel Shirts,5024,New,7,22.06,0.0809,141.93,44.93,67,Retail
ORD-104545,16-10-2023,North,Electronics,Laptop,Electronics Laptop,5919,New,2,169.63,0.0655,317.04,121.42,21,Wholesale
ORD-104546,31-08-2024,West,Furniture,Lighting,Furniture Lighting,2796,Regular,5,106.09,0.0679,494.41,160.1,52,Online
ORD-104547,08-04-2024,North,Electronics,Phone,Electronics Phone,3113,Regular,5,201.58,0.0128,994.97,244.46,25,Wholesale
ORD-104548,11-05-2023,Central,Apparel,Shirts,Apparel Shirts,1782,New,7,163.23,0.0914,1038.13,327.17,27,Retail
ORD-104549,23-07-2024,Central,Office Supplies,Ink,Office Supplies Ink,2671,New,4,158.61,0.1085,565.58,174.25,52,Retail
ORD-104550,14-03-2023,North,Electronics,Accessories,Electronics Accessories,2436,New,1,185.9,0.1011,167.1,60.64,67,Online
ORD-104551,24-04-2024,North,Furniture,Lighting,Furniture Lighting,3250,Regular,2,207.27,0.0104,410.22,163.76,26,Wholesale
ORD-104552,07-07-2024,South,Electronics,Tablet,Electronics Tablet,3736,VIP,2,172.11,0.0544,325.51,93.01,49,Online
ORD-104553,25-09-2022,North,Furniture,Desk,Furniture Desk,1003,Regular,1,178.28,0.057,168.11,33.37,50,Wholesale
ORD-104554,14-01-2025,North,Furniture,Lighting,Furniture Lighting,2035,New,7,187.17,0.139,1128.09,273.91,27,Retail
ORD-104555,12-03-2024,North,Apparel,Shirts,Apparel Shirts,3829,VIP,1,159.05,0.0403,152.64,40.12,40,Retail
ORD-104556,06-04-2024,Central,Furniture,Desk,Furniture Desk,3862,Regular,3,29.46,0.0431,84.57,22.9,33,Retail
ORD-104557,11-05-2024,West,Furniture,Storage,Furniture Storage,5577,VIP,3,61.48,0.1479,157.16,28.73,27,Online
ORD-104558,29-12-2023,East,Electronics,Accessories,Electronics Accessories,5854,New,2,91.26,0.0826,167.45,38.44,68,Wholesale
ORD-104559,30-03-2025,Central,Office Supplies,Paper,Office Supplies Paper,2717,Regular,6,172.23,0.1078,922.01,171.3,28,Online
ORD-104560,09-08-2023,Central,Electronics,Laptop,Electronics Laptop,1802,VIP,1,51.79,0.0378,49.83,18.98,34,Wholesale
ORD-104561,10-02-2023,South,Electronics,Tablet,Electronics Tablet,1803,Regular,7,95.42,0.1186,588.73,143.65,32,Online
ORD-104562,15-02-2023,Central,Electronics,Accessories,Electronics Accessories,1571,New,4,91.25,0.1266,318.79,123.8,33,Online
ORD-104563,01-05-2022,East,Electronics,Phone,Electronics Phone,2214,Regular,1,167.87,0.0788,154.64,29.33,49,Online
ORD-104564,02-03-2022,North,Electronics,Laptop,Electronics Laptop,2816,New,3,190.49,0.0894,520.36,123.16,37,Wholesale
ORD-104565,03-02-2023,Central,Apparel,Footwear,Apparel Footwear,1625,At Risk,2,115.13,0.0424,220.51,48.86,62,Retail
ORD-104566,05-02-2023,East,Office Supplies,Binders,Office Supplies Binders,6828,Regular,2,195.06,0.1329,338.27,136.31,56,Online
ORD-104567,14-06-2023,North,Apparel,Footwear,Apparel Footwear,4110,VIP,5,79.52,0.0188,390.14,110.75,52,Retail
ORD-104568,19-06-2022,North,Office Supplies,Binders,Office Supplies Binders,3590,New,3,99.57,0.0561,281.94,104.81,40,Online
ORD-104569,08-04-2025,East,Furniture,Storage,Furniture Storage,6577,At Risk,6,39.58,0.0368,228.75,64.1,24,Online
ORD-104570,05-05-2024,North,Apparel,Footwear,Apparel Footwear,6766,Regular,1,140.48,0.0312,136.1,44.8,42,Wholesale
ORD-104571,07-08-2024,Central,Furniture,Chair,Furniture Chair,1380,VIP,6,164.47,0.0442,943.19,175.11,52,Retail
ORD-104572,16-11-2023,West,Office Supplies,Binders,Office Supplies Binders,3503,Regular,6,156.17,0.0768,865.03,350.95,53,Wholesale
ORD-104573,13-01-2024,Central,Apparel,Footwear,Apparel Footwear,3712,Regular,4,85.47,0.0329,330.62,91.6,32,Retail
ORD-104574,11-01-2022,West,Furniture,Chair,Furniture Chair,2994,VIP,6,67.5,0.0831,371.36,153.69,50,Online
ORD-104575,26-09-2023,North,Furniture,Storage,Furniture Storage,4132,VIP,3,166.68,0.0042,497.96,186.36,43,Retail
ORD-104576,11-07-2023,North,Office Supplies,Binders,Office Supplies Binders,2407,Regular,4,119.61,0.1131,424.32,159.67,32,Retail
ORD-104577,12-03-2025,South,Office Supplies,Ink,Office Supplies Ink,2319,New,4,205.05,0.0635,768.08,282.75,68,Retail
ORD-104578,15-12-2022,Central,Apparel,Jackets,Apparel Jackets,1541,Regular,3,125.11,0.1842,306.18,81.08,55,Online
ORD-104579,28-03-2025,West,Office Supplies,Stationery,Office Supplies Stationery,2405,New,4,65.26,0.0565,246.29,81.29,48,Online
ORD-104580,29-08-2024,Central,Furniture,Desk,Furniture Desk,5429,Regular,6,156.41,0.0212,918.57,288.25,31,Retail
ORD-104581,03-05-2022,West,Furniture,Storage,Furniture Storage,2181,Regular,1,117.46,0.0745,108.71,35.82,45,Online
ORD-104582,29-11-2024,South,Office Supplies,Ink,Office Supplies Ink,4021,At Risk,7,114.25,0.0597,751.98,300.51,39,Online
ORD-104583,19-07-2022,East,Furniture,Storage,Furniture Storage,2036,New,3,111.19,0.0742,308.83,96.6,46,Online
ORD-104584,24-07-2023,East,Apparel,Footwear,Apparel Footwear,1038,VIP,7,109.13,0.0012,762.98,295.54,56,Wholesale
ORD-104585,29-09-2024,North,Apparel,Jackets,Apparel Jackets,5559,VIP,7,64.23,0.1218,394.83,149.08,67,Wholesale
ORD-104586,11-06-2023,East,Electronics,Tablet,Electronics Tablet,5163,VIP,4,57.91,0.1901,187.61,52.65,62,Wholesale
ORD-104587,08-04-2025,South,Apparel,Footwear,Apparel Footwear,3474,VIP,4,33.69,0.1058,120.5,26.51,64,Retail
ORD-104588,25-02-2023,South,Office Supplies,Stationery,Office Supplies Stationery,4591,New,1,27.88,0.0281,27.1,10.3,52,Online
ORD-104589,28-02-2025,North,Furniture,Desk,Furniture Desk,2931,VIP,3,149.45,0.1027,402.29,86.81,54,Online
ORD-104590,07-12-2023,West,Electronics,Laptop,Electronics Laptop,2846,Regular,2,66.43,0.0516,126,40.71,23,Wholesale
ORD-104591,13-08-2023,East,Office Supplies,Binders,Office Supplies Binders,1512,Regular,5,63.5,0.0376,305.55,85.68,43,Retail
ORD-104592,18-10-2022,Central,Electronics,Accessories,Electronics Accessories,1640,Regular,6,57.43,0.0502,327.27,86.78,35,Wholesale
ORD-104593,24-05-2023,Central,Apparel,Shirts,Apparel Shirts,5671,At Risk,3,55.37,0.0399,159.49,38.94,40,Online
ORD-104594,27-05-2023,South,Electronics,Laptop,Electronics Laptop,2282,VIP,4,189.93,0.162,636.68,123.81,67,Online
ORD-104595,11-01-2025,West,Office Supplies,Binders,Office Supplies Binders,4430,New,3,182.2,0.1691,454.16,176.12,38,Retail
ORD-104596,18-05-2023,North,Apparel,Accessories,Apparel Accessories,2677,Regular,3,107.5,0.0353,311.1,56.32,67,Online
ORD-104597,20-06-2023,West,Office Supplies,Binders,Office Supplies Binders,1388,New,2,208.67,0.105,373.54,79.34,21,Retail
ORD-104598,21-03-2025,Central,Furniture,Chair,Furniture Chair,4283,New,5,190.82,0.0651,891.94,210.93,45,Wholesale
ORD-104599,25-02-2022,Central,Furniture,Chair,Furniture Chair,5900,Regular,2,157.83,0.0405,302.87,88.14,24,Retail
ORD-104600,16-03-2024,East,Office Supplies,Paper,Office Supplies Paper,6929,New,6,118.95,0.0289,693.09,150.3,68,Retail
ORD-104601,25-10-2024,Central,Office Supplies,Binders,Office Supplies Binders,2387,Regular,4,149.03,0.0159,586.64,146.35,32,Online
ORD-104602,19-03-2022,Central,Apparel,Jackets,Apparel Jackets,5206,New,2,61.84,0.0412,118.58,42.68,58,Retail
ORD-104603,20-12-2024,North,Electronics,Accessories,Electronics Accessories,5862,VIP,7,151.15,0.0834,969.81,182.44,27,Wholesale
ORD-104604,24-02-2022,East,Office Supplies,Ink,Office Supplies Ink,5179,New,5,96.98,0.0444,463.37,155.66,47,Retail
ORD-104605,29-08-2022,Central,Apparel,Shirts,Apparel Shirts,4598,VIP,4,115.51,0.076,426.93,115.51,47,Retail
ORD-104606,05-03-2024,South,Furniture,Lighting,Furniture Lighting,4097,Regular,3,39.04,0.0923,106.31,27.78,43,Online
ORD-104607,08-04-2023,East,Electronics,Tablet,Electronics Tablet,3237,At Risk,7,74.43,0.095,471.5,157.13,51,Wholesale
ORD-104608,10-10-2023,West,Electronics,Laptop,Electronics Laptop,6986,VIP,6,140.35,0.09,766.27,184.48,61,Wholesale
ORD-104609,14-03-2025,North,Office Supplies,Ink,Office Supplies Ink,2083,Regular,5,174.06,0.0567,820.99,300.81,67,Online
ORD-104610,14-12-2023,West,Office Supplies,Ink,Office Supplies Ink,3676,Regular,5,110.61,0.0326,535.02,211.49,48,Retail
ORD-104611,20-07-2024,Central,Apparel,Footwear,Apparel Footwear,6347,VIP,7,88.06,0.1232,540.46,187.32,23,Online
ORD-104612,15-07-2022,East,Electronics,Accessories,Electronics Accessories,3654,New,1,78.51,0.093,71.21,22.82,66,Wholesale
ORD-104613,01-06-2024,South,Office Supplies,Ink,Office Supplies Ink,5766,New,6,174.47,0.0869,955.82,310.75,37,Online
ORD-104614,26-01-2022,North,Furniture,Lighting,Furniture Lighting,1618,VIP,4,87.03,0.0177,341.96,77.23,39,Online
ORD-104615,04-06-2022,West,Office Supplies,Paper,Office Supplies Paper,3737,VIP,6,103.31,0.1132,549.69,154.85,54,Retail
ORD-104616,21-10-2024,North,Furniture,Desk,Furniture Desk,1026,Regular,6,204.65,0.0191,1204.45,393.78,59,Wholesale
ORD-104617,28-02-2023,East,Electronics,Accessories,Electronics Accessories,3527,New,7,178.42,0.0842,1143.79,381.42,30,Retail
ORD-104618,30-12-2023,East,Apparel,Accessories,Apparel Accessories,4534,VIP,2,164.09,0.0672,306.12,115.21,42,Wholesale
ORD-104619,06-04-2024,East,Electronics,Laptop,Electronics Laptop,1172,At Risk,7,54.73,0.027,372.75,76.39,37,Wholesale
ORD-104620,17-12-2023,North,Apparel,Shirts,Apparel Shirts,6684,New,2,199.16,0.0215,389.77,116.66,70,Wholesale
ORD-104621,18-02-2024,South,Electronics,Laptop,Electronics Laptop,2642,At Risk,5,125.04,0.0255,609.27,133.75,45,Wholesale
ORD-104622,03-05-2022,East,Apparel,Footwear,Apparel Footwear,1524,New,6,167.08,0.0794,922.91,299.05,24,Wholesale
ORD-104623,15-11-2024,East,Furniture,Lighting,Furniture Lighting,3411,Regular,4,72.21,0.0168,283.98,110.2,37,Online
ORD-104624,17-04-2023,East,Office Supplies,Stationery,Office Supplies Stationery,4169,New,6,66.27,0.0098,393.73,163.46,51,Online
ORD-104625,10-10-2022,Central,Electronics,Accessories,Electronics Accessories,6868,VIP,1,101.28,0.1202,89.11,30.14,38,Retail
ORD-104626,24-06-2023,South,Furniture,Chair,Furniture Chair,5921,Regular,1,148.94,0.1112,132.38,28.16,59,Wholesale
ORD-104627,01-03-2025,West,Furniture,Desk,Furniture Desk,3458,Regular,4,182.41,0.1062,652.14,267.11,69,Online
ORD-104628,13-12-2024,South,Electronics,Phone,Electronics Phone,5335,Regular,4,26.83,0.0393,103.1,36.91,41,Wholesale
ORD-104629,06-04-2024,Central,Office Supplies,Ink,Office Supplies Ink,4108,New,1,96.12,0.0574,90.6,26.61,38,Retail
ORD-104630,15-02-2023,South,Electronics,Laptop,Electronics Laptop,1797,New,7,182.68,0.0688,1190.77,290.76,45,Online
ORD-104631,29-03-2024,North,Office Supplies,Binders,Office Supplies Binders,1337,New,4,167.72,0.0602,630.46,217.07,35,Wholesale
ORD-104632,10-07-2023,North,Furniture,Desk,Furniture Desk,2203,Regular,3,79.2,0.0197,232.92,78.02,68,Retail
ORD-104633,11-10-2023,East,Office Supplies,Stationery,Office Supplies Stationery,5817,Regular,1,196.04,0.073,181.73,70.49,38,Online
ORD-104634,06-08-2022,East,Electronics,Phone,Electronics Phone,5485,New,1,99.43,0.0791,91.56,23.62,55,Wholesale
ORD-104635,24-10-2023,West,Furniture,Lighting,Furniture Lighting,3612,Regular,6,30.94,0.103,166.51,58.46,68,Retail
ORD-104636,08-10-2023,West,Apparel,Jackets,Apparel Jackets,3491,At Risk,6,139.52,0.1241,733.23,237.23,48,Online
ORD-104637,18-01-2025,West,Apparel,Footwear,Apparel Footwear,2698,VIP,2,79,0.0624,148.14,52.13,23,Retail
ORD-104638,21-08-2024,Central,Apparel,Accessories,Apparel Accessories,2793,At Risk,4,114.99,0.0696,427.94,145.36,57,Online
ORD-104639,29-03-2023,North,Furniture,Lighting,Furniture Lighting,1842,Regular,6,149.63,0.0872,819.49,278.51,69,Retail
ORD-104640,25-04-2022,North,Office Supplies,Paper,Office Supplies Paper,4992,New,7,26.44,0.0415,177.39,36.12,42,Online
ORD-104641,22-06-2024,North,Apparel,Shirts,Apparel Shirts,2287,New,7,114.76,0.066,750.3,285.44,65,Retail
ORD-104642,19-12-2022,Central,Apparel,Footwear,Apparel Footwear,2854,New,1,52.08,0.0563,49.15,16.64,43,Online
ORD-104643,14-06-2023,West,Electronics,Laptop,Electronics Laptop,5079,VIP,6,140.85,0.0305,819.29,331.6,63,Retail
ORD-104644,28-03-2025,East,Furniture,Storage,Furniture Storage,3009,Regular,7,61.74,0.087,394.57,136.58,68,Online
ORD-104645,03-12-2022,North,Apparel,Footwear,Apparel Footwear,3365,New,5,198.5,0.0501,942.79,267.61,44,Wholesale
ORD-104646,23-06-2023,West,Electronics,Accessories,Electronics Accessories,2535,Regular,1,119.47,0.0752,110.49,32.3,53,Retail
ORD-104647,13-02-2024,West,Apparel,Footwear,Apparel Footwear,2333,Regular,5,170.01,0.036,819.42,153.01,55,Retail
ORD-104648,04-10-2022,West,Electronics,Accessories,Electronics Accessories,1590,Regular,6,185.9,0.1084,994.44,289.44,54,Retail
ORD-104649,19-03-2022,Central,Electronics,Laptop,Electronics Laptop,5697,New,1,190.28,0.0886,173.43,43.09,32,Online
ORD-104650,28-03-2024,North,Office Supplies,Paper,Office Supplies Paper,5010,Regular,6,20.82,0.0409,119.81,31.11,47,Online
ORD-104651,22-12-2022,West,Apparel,Footwear,Apparel Footwear,6301,At Risk,3,125.14,0.1203,330.27,114.28,32,Wholesale
ORD-104652,09-01-2022,South,Furniture,Chair,Furniture Chair,3628,New,1,158,0.1456,135,28.97,68,Retail
ORD-104653,09-09-2023,East,Apparel,Footwear,Apparel Footwear,2115,Regular,5,206.81,0.0368,996.02,294.6,39,Retail
ORD-104654,09-02-2023,East,Furniture,Desk,Furniture Desk,3195,Regular,7,28.01,0.0831,179.77,74.94,34,Retail
ORD-104655,17-10-2023,North,Apparel,Jackets,Apparel Jackets,1420,New,3,88.89,0.0504,253.22,79.81,40,Wholesale
ORD-104656,14-07-2022,North,Office Supplies,Binders,Office Supplies Binders,4428,At Risk,3,24.13,0.0275,70.4,25.96,31,Online
ORD-104657,01-09-2023,Central,Furniture,Desk,Furniture Desk,4477,New,5,216.05,0.1278,942.16,373.36,56,Online
ORD-104658,09-01-2024,West,Electronics,Laptop,Electronics Laptop,4126,New,2,187.7,0.0177,368.74,124.66,61,Online
ORD-104659,25-07-2024,Central,Electronics,Laptop,Electronics Laptop,5943,Regular,2,43.16,0.0319,83.56,23.58,22,Online
ORD-104660,07-11-2022,North,Electronics,Tablet,Electronics Tablet,6692,New,6,54.04,0.0486,308.47,74.28,54,Retail
ORD-104661,11-05-2022,West,Electronics,Tablet,Electronics Tablet,5976,VIP,1,74.03,0.1501,62.92,26.2,31,Online
ORD-104662,12-05-2022,South,Electronics,Accessories,Electronics Accessories,6407,VIP,3,46.83,0.0982,126.7,44.4,61,Wholesale
ORD-104663,13-10-2022,Central,Furniture,Chair,Furniture Chair,3149,Regular,1,113.95,0.0331,110.18,41.31,58,Online
ORD-104664,09-03-2023,Central,Office Supplies,Ink,Office Supplies Ink,3482,New,1,101.85,0.0937,92.31,28.04,53,Retail
ORD-104665,24-03-2022,Central,Electronics,Tablet,Electronics Tablet,3288,New,5,89.3,0.1212,392.36,87.16,54,Wholesale
ORD-104666,25-10-2022,Central,Apparel,Footwear,Apparel Footwear,5553,Regular,3,166.96,0.0654,468.12,122.41,35,Retail
ORD-104667,05-07-2023,Central,Furniture,Lighting,Furniture Lighting,4842,At Risk,3,144.9,0.1667,362.22,117.27,51,Wholesale
ORD-104668,28-05-2023,West,Apparel,Shirts,Apparel Shirts,3010,VIP,6,152.21,0.0794,840.79,202.28,53,Wholesale
ORD-104669,18-10-2023,South,Office Supplies,Stationery,Office Supplies Stationery,3475,At Risk,3,66.97,0.0145,198,79.51,50,Retail
ORD-104670,31-05-2024,West,Electronics,Laptop,Electronics Laptop,6192,VIP,4,101.22,0.0275,393.73,120.14,51,Online
ORD-104671,23-02-2023,South,Electronics,Tablet,Electronics Tablet,6036,Regular,1,218.47,0.1,196.62,64.32,64,Online
ORD-104672,21-09-2024,West,Furniture,Chair,Furniture Chair,3701,VIP,3,131.54,0.026,384.34,88.83,30,Retail
ORD-104673,16-12-2023,South,Furniture,Lighting,Furniture Lighting,2715,At Risk,5,50.14,0.0299,243.21,58.71,34,Wholesale
ORD-104674,29-01-2025,North,Apparel,Accessories,Apparel Accessories,5136,Regular,6,74.13,0.0493,422.85,120.64,55,Wholesale
ORD-104675,13-06-2024,North,Apparel,Accessories,Apparel Accessories,4002,Regular,7,139.41,0.0504,926.7,186.15,57,Retail
ORD-104676,09-01-2022,Central,Apparel,Accessories,Apparel Accessories,3230,New,4,138,0.0975,498.17,124.18,53,Wholesale
ORD-104677,29-06-2023,North,Electronics,Phone,Electronics Phone,6677,Regular,1,109.84,0.0803,101.02,30.07,65,Online
ORD-104678,20-09-2023,West,Furniture,Storage,Furniture Storage,3663,Regular,4,212.79,0.038,818.83,272.05,44,Online
ORD-104679,14-10-2024,West,Apparel,Accessories,Apparel Accessories,6243,VIP,6,32.71,0.0221,191.91,73.54,48,Retail
ORD-104680,22-01-2025,South,Furniture,Desk,Furniture Desk,6109,New,1,108.11,0.0419,103.58,37.32,45,Retail
ORD-104681,08-07-2022,East,Office Supplies,Ink,Office Supplies Ink,1969,New,7,56.11,0.0625,368.21,87.95,49,Wholesale
ORD-104682,13-04-2022,East,Apparel,Accessories,Apparel Accessories,3476,Regular,2,111.9,0.0035,223.01,69.3,45,Wholesale
ORD-104683,10-06-2022,West,Electronics,Laptop,Electronics Laptop,3849,Regular,3,132.77,0.0116,393.69,117.72,53,Retail
ORD-104684,11-01-2024,North,Office Supplies,Paper,Office Supplies Paper,3997,VIP,5,208.21,0.1138,922.53,381.77,23,Wholesale
ORD-104685,24-02-2023,Central,Furniture,Chair,Furniture Chair,3205,VIP,3,152.07,0.0466,434.94,141.06,53,Wholesale
ORD-104686,13-08-2024,North,Apparel,Accessories,Apparel Accessories,2525,Regular,6,92.68,0.0508,527.83,137.47,27,Retail
ORD-104687,19-04-2023,West,Office Supplies,Ink,Office Supplies Ink,6411,VIP,7,52.88,0.0311,358.63,132.04,25,Wholesale
ORD-104688,17-11-2022,Central,Furniture,Storage,Furniture Storage,4439,Regular,7,132.79,0.0743,860.42,305.97,53,Wholesale
ORD-104689,17-02-2022,South,Apparel,Footwear,Apparel Footwear,6999,VIP,6,27.58,0.1357,143.03,53.7,58,Online
ORD-104690,19-07-2022,Central,Electronics,Tablet,Electronics Tablet,1590,At Risk,1,149.23,0.1262,130.4,36.62,66,Retail
ORD-104691,08-08-2022,Central,Furniture,Lighting,Furniture Lighting,2615,Regular,7,80.03,0.1103,498.39,186.41,30,Retail
ORD-104692,26-07-2024,North,Apparel,Footwear,Apparel Footwear,4370,Regular,7,217.4,0.092,1381.77,331.49,48,Wholesale
ORD-104693,10-12-2023,South,Office Supplies,Stationery,Office Supplies Stationery,3375,Regular,6,84.15,0.1133,447.69,148.88,57,Retail
ORD-104694,20-03-2022,East,Apparel,Footwear,Apparel Footwear,4146,At Risk,5,121.84,0.0499,578.81,159.51,22,Online
ORD-104695,29-10-2024,East,Electronics,Phone,Electronics Phone,3910,At Risk,1,66.29,0.0664,61.89,21.58,57,Wholesale
ORD-104696,21-02-2023,North,Electronics,Accessories,Electronics Accessories,2063,VIP,5,35.03,0.1025,157.2,29.87,34,Online
ORD-104697,24-04-2024,North,Furniture,Storage,Furniture Storage,5862,Regular,4,24.71,0.0477,94.13,24.07,49,Retail
ORD-104698,02-01-2022,North,Electronics,Tablet,Electronics Tablet,1583,New,2,194.87,0.0409,373.79,99.01,47,Online
ORD-104699,31-01-2022,West,Electronics,Accessories,Electronics Accessories,1114,New,2,157.56,0.072,292.44,60.68,49,Retail
ORD-104700,18-06-2024,North,Apparel,Footwear,Apparel Footwear,3135,At Risk,6,189.14,0.1166,1002.48,302.71,35,Retail
ORD-104701,04-06-2023,Central,Furniture,Chair,Furniture Chair,6666,At Risk,1,152.6,0.1801,125.12,24.63,66,Retail
ORD-104702,10-11-2022,North,Furniture,Desk,Furniture Desk,1317,New,2,198.44,0.1198,349.33,80.54,26,Retail
ORD-104703,11-06-2022,East,Office Supplies,Binders,Office Supplies Binders,6011,VIP,7,123.9,0.0375,834.77,220.97,69,Online
ORD-104704,15-02-2023,South,Furniture,Desk,Furniture Desk,4763,At Risk,4,151.51,0.1151,536.26,182.45,27,Online
ORD-104705,20-11-2022,West,Apparel,Footwear,Apparel Footwear,6250,Regular,1,143.15,0.1068,127.86,45.14,54,Retail
ORD-104706,19-08-2024,North,Apparel,Shirts,Apparel Shirts,2338,Regular,7,62.52,0.0238,427.24,133.15,68,Online
ORD-104707,24-10-2024,South,Apparel,Footwear,Apparel Footwear,2513,New,3,208.9,0.0516,594.35,194.68,58,Retail
ORD-104708,21-03-2025,South,Apparel,Shirts,Apparel Shirts,3781,Regular,5,160.9,0.0664,751.08,190.61,62,Wholesale
ORD-104709,11-10-2024,East,Apparel,Shirts,Apparel Shirts,5765,Regular,6,66.53,0.0731,369.99,136.67,26,Retail
ORD-104710,26-11-2022,North,Electronics,Laptop,Electronics Laptop,5055,Regular,5,200.66,0.0247,978.56,179.94,55,Online
ORD-104711,13-10-2024,West,Office Supplies,Stationery,Office Supplies Stationery,5642,Regular,3,120.57,0.0457,345.17,134.74,68,Retail
ORD-104712,11-03-2024,South,Furniture,Desk,Furniture Desk,5225,Regular,4,38.22,0.0243,149.16,42.25,59,Retail
ORD-104713,12-08-2022,Central,Office Supplies,Paper,Office Supplies Paper,1206,At Risk,6,74.52,0.0234,436.67,82.66,57,Online
ORD-104714,14-04-2023,Central,Electronics,Tablet,Electronics Tablet,2932,New,6,187.44,0.0352,1085,210.75,68,Online
ORD-104715,15-05-2022,North,Furniture,Desk,Furniture Desk,3904,New,2,70.23,0.0372,135.23,37.59,34,Retail
ORD-104716,05-03-2023,West,Office Supplies,Paper,Office Supplies Paper,5634,VIP,6,77.42,0.0323,449.52,141.76,42,Retail
ORD-104717,11-04-2024,South,Furniture,Chair,Furniture Chair,4316,Regular,7,141.94,0.0354,958.44,385.63,38,Wholesale
ORD-104718,13-12-2024,West,Office Supplies,Binders,Office Supplies Binders,3109,At Risk,3,181.06,0.1421,465.99,152.16,39,Wholesale
ORD-104719,23-06-2024,East,Furniture,Desk,Furniture Desk,5176,VIP,1,137.65,0.0376,132.47,31.14,52,Retail
ORD-104720,10-07-2022,East,Apparel,Footwear,Apparel Footwear,1731,VIP,4,96.02,0.0492,365.18,75.25,39,Online
ORD-104721,08-05-2023,East,Apparel,Accessories,Apparel Accessories,4367,At Risk,4,121.42,0.176,400.2,111.26,56,Online
ORD-104722,31-05-2024,West,Apparel,Shirts,Apparel Shirts,3450,New,3,103.84,0.1025,279.59,56.8,54,Retail
ORD-104723,04-07-2024,West,Office Supplies,Stationery,Office Supplies Stationery,2051,Regular,6,198.79,0.1438,1021.28,314.78,41,Online
ORD-104724,28-09-2022,West,Furniture,Chair,Furniture Chair,6092,VIP,2,23.74,0.0077,47.12,13.75,52,Wholesale
ORD-104725,14-01-2025,South,Furniture,Storage,Furniture Storage,2131,Regular,2,111.82,0.0461,213.32,74.2,42,Retail
ORD-104726,26-04-2023,East,Apparel,Footwear,Apparel Footwear,6157,New,6,61.74,0.0336,358.01,103.2,22,Wholesale
ORD-104727,08-06-2024,Central,Office Supplies,Binders,Office Supplies Binders,5265,At Risk,3,75.77,0.0577,214.19,63.76,24,Online
ORD-104728,17-06-2023,North,Office Supplies,Ink,Office Supplies Ink,3806,Regular,1,136.41,0.0698,126.88,27.63,55,Online
ORD-104729,31-01-2024,South,Apparel,Accessories,Apparel Accessories,5073,At Risk,3,22.52,0.1153,59.77,20.17,58,Retail
ORD-104730,06-02-2025,South,Office Supplies,Stationery,Office Supplies Stationery,1716,New,3,47,0.0959,127.48,30.5,46,Retail
ORD-104731,23-12-2022,North,Apparel,Accessories,Apparel Accessories,2866,New,6,207.38,0.022,1216.9,364.09,51,Wholesale
ORD-104732,17-10-2022,North,Apparel,Jackets,Apparel Jackets,3935,At Risk,6,120.46,0.0202,708.15,150.48,29,Online
ORD-104733,05-11-2024,Central,Apparel,Jackets,Apparel Jackets,5045,At Risk,1,149.15,0.1014,134.02,46.07,59,Online
ORD-104734,28-06-2024,East,Office Supplies,Stationery,Office Supplies Stationery,3940,VIP,1,90.52,0.1772,74.48,15.67,45,Retail
ORD-104735,25-03-2025,North,Furniture,Lighting,Furniture Lighting,5599,VIP,5,153.98,0.0562,726.64,144.38,54,Wholesale
ORD-104736,14-09-2022,East,Electronics,Phone,Electronics Phone,2918,Regular,1,53.31,0.235,40.78,9.73,62,Online
ORD-104737,30-10-2024,West,Office Supplies,Binders,Office Supplies Binders,2818,VIP,5,28.64,0.0414,137.28,56.07,37,Wholesale
ORD-104738,25-02-2025,South,Office Supplies,Paper,Office Supplies Paper,1606,Regular,7,110.45,0.0358,745.45,200.93,43,Online
ORD-104739,11-04-2024,Central,Office Supplies,Ink,Office Supplies Ink,2170,Regular,2,109.24,0.017,214.77,80.32,33,Wholesale
ORD-104740,21-06-2023,South,Electronics,Laptop,Electronics Laptop,1262,New,6,100.49,0.0827,553.08,101.46,36,Retail
ORD-104741,27-12-2023,West,Electronics,Phone,Electronics Phone,3582,Regular,3,30.52,0.013,90.37,34.73,40,Online
ORD-104742,05-01-2025,South,Electronics,Laptop,Electronics Laptop,3131,At Risk,4,180.88,0.0848,662.18,145.71,46,Retail
ORD-104743,04-11-2024,South,Office Supplies,Ink,Office Supplies Ink,2704,Regular,6,157.12,0.2275,728.27,149.92,65,Retail
ORD-104744,16-10-2023,Central,Office Supplies,Paper,Office Supplies Paper,6353,VIP,6,62.55,0.0249,365.96,111.13,33,Wholesale
ORD-104745,28-02-2025,Central,Office Supplies,Binders,Office Supplies Binders,5416,New,3,22.78,0.1256,59.75,17.6,24,Retail
ORD-104746,29-10-2023,Central,Furniture,Chair,Furniture Chair,6355,VIP,3,111.26,0.0083,331.01,93.84,32,Retail
ORD-104747,03-02-2025,Central,Electronics,Tablet,Electronics Tablet,2088,New,5,110.42,0.1612,463.07,109.54,41,Retail
ORD-104748,03-12-2024,North,Apparel,Shirts,Apparel Shirts,3267,Regular,4,99.15,0.0307,384.43,113.61,33,Retail
ORD-104749,19-06-2022,Central,Apparel,Accessories,Apparel Accessories,6372,VIP,6,95.53,0.0811,526.72,206.76,23,Wholesale
ORD-104750,07-06-2024,West,Apparel,Footwear,Apparel Footwear,5385,New,7,139.84,0.0397,940.02,209.93,26,Retail
ORD-104751,02-03-2023,Central,Apparel,Jackets,Apparel Jackets,3812,New,3,110.12,0.1772,271.83,51.18,31,Wholesale
ORD-104752,03-08-2024,West,Furniture,Chair,Furniture Chair,5269,Regular,6,60.64,0.0439,347.86,125.09,21,Wholesale
ORD-104753,29-09-2022,West,Office Supplies,Stationery,Office Supplies Stationery,6433,New,2,61.93,0.1238,108.53,23.33,21,Retail
ORD-104754,12-12-2024,East,Electronics,Tablet,Electronics Tablet,2826,New,1,176.61,0.0951,159.82,66.93,22,Wholesale
ORD-104755,22-01-2023,South,Furniture,Chair,Furniture Chair,6535,Regular,3,63.79,0.035,184.66,61.25,37,Wholesale
ORD-104756,12-03-2025,Central,Apparel,Shirts,Apparel Shirts,1504,Regular,2,127.08,0.0693,236.54,43.53,66,Retail
ORD-104757,10-03-2025,East,Office Supplies,Paper,Office Supplies Paper,1785,VIP,3,119.66,0.1024,322.24,114.53,62,Wholesale
ORD-104758,28-06-2024,Central,Office Supplies,Binders,Office Supplies Binders,1592,New,3,52.25,0.1412,134.61,56.38,68,Wholesale
ORD-104759,31-10-2023,South,Electronics,Tablet,Electronics Tablet,3825,At Risk,4,210.69,0.0808,774.67,270.83,64,Online
ORD-104760,29-01-2025,Central,Furniture,Desk,Furniture Desk,3239,New,2,201.91,0.0992,363.77,134.4,49,Wholesale
ORD-104761,09-02-2023,West,Office Supplies,Stationery,Office Supplies Stationery,5213,VIP,7,197.49,0.0771,1275.9,503.33,23,Online
ORD-104762,31-12-2023,East,Office Supplies,Stationery,Office Supplies Stationery,5754,New,1,114.18,0.1316,99.16,28.29,50,Retail
ORD-104763,05-11-2023,South,Electronics,Phone,Electronics Phone,3959,VIP,3,186.39,0.0963,505.34,108.91,25,Online
ORD-104764,11-04-2023,Central,Electronics,Phone,Electronics Phone,3706,Regular,4,173.23,0.0514,657.28,122.26,46,Wholesale
ORD-104765,25-06-2024,Central,Electronics,Phone,Electronics Phone,6299,Regular,2,91.63,0.0544,173.3,56.13,31,Retail
ORD-104766,10-02-2022,South,Electronics,Tablet,Electronics Tablet,4844,At Risk,2,142.63,0.1562,240.71,84.83,27,Retail
ORD-104767,08-12-2023,South,Furniture,Chair,Furniture Chair,3438,VIP,4,132.8,0.0709,493.55,181,66,Wholesale
ORD-104768,14-07-2024,South,Furniture,Chair,Furniture Chair,1963,New,7,101.83,0.0931,646.42,255.96,39,Wholesale
ORD-104769,16-08-2024,Central,Electronics,Laptop,Electronics Laptop,2548,VIP,4,65.33,0.0286,253.84,59.41,58,Wholesale
ORD-104770,23-10-2024,Central,Office Supplies,Paper,Office Supplies Paper,6715,New,3,61.49,0.0637,172.72,45.35,49,Wholesale
ORD-104771,14-06-2023,South,Furniture,Desk,Furniture Desk,6525,New,5,201.21,0.0157,990.25,195.02,42,Wholesale
ORD-104772,29-11-2022,East,Office Supplies,Paper,Office Supplies Paper,6904,New,4,39.34,0.005,156.57,51.5,51,Retail
ORD-104773,11-01-2024,West,Electronics,Phone,Electronics Phone,5509,At Risk,7,52.49,0.0855,336.03,80.8,37,Online
ORD-104774,22-02-2022,North,Office Supplies,Ink,Office Supplies Ink,1349,New,1,126.09,0.0363,121.52,45.95,37,Retail
ORD-104775,30-04-2024,East,Office Supplies,Binders,Office Supplies Binders,4533,Regular,2,105.72,0.1424,181.33,52.77,67,Online
ORD-104776,11-01-2022,Central,Apparel,Shirts,Apparel Shirts,5078,New,5,184.69,0.0028,920.84,308.11,41,Online
ORD-104777,03-06-2022,South,Office Supplies,Binders,Office Supplies Binders,3947,Regular,1,164.48,0.1537,139.2,31.21,31,Retail
ORD-104778,29-10-2023,East,Apparel,Footwear,Apparel Footwear,4885,Regular,3,181.37,0.0825,499.24,188.75,44,Online
ORD-104779,06-07-2024,North,Electronics,Phone,Electronics Phone,3408,New,3,102.77,0.0851,282.06,91.34,63,Online
ORD-104780,05-10-2023,Central,Furniture,Lighting,Furniture Lighting,4099,Regular,6,128.64,0.1196,679.52,191.33,45,Wholesale
ORD-104781,07-08-2022,West,Apparel,Shirts,Apparel Shirts,4919,New,2,108.82,0.0474,207.33,39.03,26,Retail
ORD-104782,05-12-2024,West,Apparel,Accessories,Apparel Accessories,2649,New,3,39.71,0.064,111.5,41.12,47,Online
ORD-104783,11-05-2022,South,Office Supplies,Ink,Office Supplies Ink,4602,VIP,6,184.78,0.0389,1065.61,211.21,63,Online
ORD-104784,23-05-2022,South,Electronics,Accessories,Electronics Accessories,2562,New,1,75.69,0.0318,73.28,14.31,34,Wholesale
ORD-104785,12-03-2023,South,Apparel,Shirts,Apparel Shirts,6285,New,3,206.71,0.0241,605.17,193.98,67,Online
ORD-104786,04-02-2025,Central,Furniture,Storage,Furniture Storage,1905,New,5,136.2,0.0342,657.7,270.71,54,Retail
ORD-104787,12-04-2024,South,Electronics,Phone,Electronics Phone,3962,Regular,5,117.68,0.0737,545.04,155.78,40,Retail
ORD-104788,09-09-2024,West,Office Supplies,Paper,Office Supplies Paper,4723,VIP,2,130.34,0.0327,252.15,93.85,34,Wholesale
ORD-104789,19-03-2025,Central,Electronics,Laptop,Electronics Laptop,2675,At Risk,7,219.77,0.0529,1456.97,502.7,44,Wholesale
ORD-104790,06-02-2023,West,Furniture,Lighting,Furniture Lighting,3444,New,7,134.69,0.0795,867.9,234.27,23,Retail
ORD-104791,15-07-2023,West,Electronics,Tablet,Electronics Tablet,4775,Regular,6,33.7,0.0679,188.48,73.37,59,Wholesale
ORD-104792,09-08-2024,West,Apparel,Footwear,Apparel Footwear,6137,VIP,4,39.38,0.0476,150.02,41.46,70,Retail
ORD-104793,04-11-2023,Central,Office Supplies,Ink,Office Supplies Ink,6087,New,4,73,0.1326,253.27,85.35,32,Wholesale
ORD-104794,04-04-2025,North,Office Supplies,Ink,Office Supplies Ink,2474,Regular,3,108.67,0.0802,299.88,81.6,23,Wholesale
ORD-104795,05-06-2023,East,Furniture,Desk,Furniture Desk,6654,Regular,5,21.47,0.1284,93.57,35.33,51,Retail
ORD-104796,29-12-2022,North,Apparel,Footwear,Apparel Footwear,6867,Regular,1,39.04,0.0291,37.91,9.34,55,Online
ORD-104797,01-06-2024,East,Electronics,Laptop,Electronics Laptop,3523,New,4,159.39,0.0599,599.34,173.55,26,Retail
ORD-104798,23-05-2024,East,Apparel,Jackets,Apparel Jackets,5541,At Risk,7,215.75,0.0252,1472.21,556.37,69,Retail
ORD-104799,13-12-2022,East,Apparel,Accessories,Apparel Accessories,4909,Regular,5,51.17,0.1035,229.36,76.56,59,Wholesale
ORD-104800,16-05-2024,West,Furniture,Lighting,Furniture Lighting,2830,New,2,22.35,0.0167,43.95,18.46,49,Retail
ORD-104801,26-02-2025,North,Office Supplies,Binders,Office Supplies Binders,3003,Regular,2,51.16,0.1087,91.2,32.76,41,Wholesale
ORD-104802,06-04-2024,East,Electronics,Laptop,Electronics Laptop,2660,Regular,5,124.05,0.0379,596.75,245.39,52,Retail
ORD-104803,05-04-2022,East,Electronics,Laptop,Electronics Laptop,2695,New,5,156.77,0.0575,738.79,171.29,40,Retail
ORD-104804,25-01-2024,Central,Electronics,Phone,Electronics Phone,2398,New,6,110.1,0.0641,618.28,182.62,49,Online
ORD-104805,31-01-2025,West,Electronics,Phone,Electronics Phone,2792,New,5,85.79,0.0853,392.35,89.96,67,Wholesale
ORD-104806,08-04-2022,North,Furniture,Desk,Furniture Desk,4810,VIP,7,142.43,0.0673,929.9,317.1,71,Retail
ORD-104807,02-03-2022,Central,Apparel,Shirts,Apparel Shirts,5393,Regular,6,91.89,0.1018,495.21,174.81,44,Wholesale
ORD-104808,30-12-2022,South,Apparel,Accessories,Apparel Accessories,3187,VIP,7,177.14,0.043,1186.65,412.9,64,Online
ORD-104809,08-07-2022,South,Office Supplies,Binders,Office Supplies Binders,5755,Regular,3,77.82,0.0401,224.09,77.83,40,Wholesale
ORD-104810,30-10-2022,South,Office Supplies,Paper,Office Supplies Paper,6691,Regular,1,96.74,0.0209,94.72,32.76,28,Online
ORD-104811,09-04-2023,South,Office Supplies,Stationery,Office Supplies Stationery,4298,Regular,6,65.14,0.0944,353.93,133.76,68,Retail
ORD-104812,14-08-2022,North,Electronics,Tablet,Electronics Tablet,2113,New,5,26.15,0.0843,119.73,44.95,49,Online
ORD-104813,20-07-2023,West,Electronics,Accessories,Electronics Accessories,1127,New,3,136.48,0.049,389.38,71.83,22,Online
ORD-104814,21-10-2022,East,Electronics,Tablet,Electronics Tablet,1750,VIP,4,60.38,0.1792,198.23,38.99,21,Online
ORD-104815,15-10-2024,South,Furniture,Lighting,Furniture Lighting,5807,At Risk,1,149.87,0.0883,136.64,48.07,62,Wholesale
ORD-104816,25-05-2024,Central,Apparel,Shirts,Apparel Shirts,6409,VIP,4,58.85,0.1004,211.77,40.68,38,Online
ORD-104817,05-04-2022,North,Electronics,Laptop,Electronics Laptop,3408,Regular,2,68.49,0.1209,120.42,42.49,38,Online
ORD-104818,10-01-2024,East,Apparel,Jackets,Apparel Jackets,2502,VIP,6,169.54,0.0417,974.82,332.42,35,Retail
ORD-104819,17-03-2022,East,Furniture,Desk,Furniture Desk,3756,VIP,4,98.61,0.0186,387.12,77.63,30,Retail
ORD-104820,26-03-2025,East,Furniture,Lighting,Furniture Lighting,1912,New,1,28.93,0.0446,27.64,5.32,25,Online
ORD-104821,05-03-2024,South,Furniture,Storage,Furniture Storage,3196,New,3,218.48,0.0492,623.22,247.59,35,Retail
ORD-104822,16-10-2023,West,Furniture,Storage,Furniture Storage,4443,At Risk,7,173.05,0.0932,1098.41,427.21,32,Online
ORD-104823,09-12-2022,North,Office Supplies,Stationery,Office Supplies Stationery,5680,New,2,162.97,0.0426,312.06,85.33,40,Online
ORD-104824,27-09-2022,East,Furniture,Desk,Furniture Desk,1514,At Risk,5,167.83,0.0592,789.43,270.01,55,Online
ORD-104825,20-09-2024,Central,Furniture,Chair,Furniture Chair,5229,Regular,5,95.18,0.0402,456.78,140.48,29,Online
ORD-104826,26-12-2023,South,Furniture,Chair,Furniture Chair,3732,New,6,139.77,0.1043,751.15,190.61,71,Online
ORD-104827,28-09-2024,North,Apparel,Jackets,Apparel Jackets,1276,At Risk,6,206.72,0.0986,1118.05,362.9,37,Online
ORD-104828,19-01-2025,North,Apparel,Shirts,Apparel Shirts,1771,At Risk,7,153.83,0.0697,1001.75,346.17,59,Retail
ORD-104829,06-08-2023,North,Apparel,Jackets,Apparel Jackets,2150,VIP,6,148.53,0.0608,837.02,261.43,55,Wholesale
ORD-104830,17-06-2024,East,Furniture,Chair,Furniture Chair,5885,VIP,2,119.53,0.1417,205.2,64.12,31,Online
ORD-104831,20-02-2023,Central,Office Supplies,Stationery,Office Supplies Stationery,5412,Regular,7,142,0.0738,920.6,237.22,34,Wholesale
ORD-104832,03-09-2024,Central,Apparel,Jackets,Apparel Jackets,3939,At Risk,3,103.35,0.0408,297.4,64.44,39,Online
ORD-104833,31-05-2022,South,Electronics,Accessories,Electronics Accessories,2190,Regular,5,34.29,0.0699,159.47,52.03,33,Retail
ORD-104834,30-03-2025,West,Office Supplies,Paper,Office Supplies Paper,4277,Regular,5,193.35,0.0968,873.18,298.11,22,Wholesale
ORD-104835,14-08-2022,North,Office Supplies,Stationery,Office Supplies Stationery,5859,Regular,4,100.55,0.093,364.81,122.46,26,Wholesale
ORD-104836,09-06-2023,Central,Office Supplies,Ink,Office Supplies Ink,3781,At Risk,6,132.85,0.0625,747.3,172.33,67,Online
ORD-104837,17-10-2024,Central,Electronics,Accessories,Electronics Accessories,4374,At Risk,4,185.81,0.0819,682.38,168.21,50,Retail
ORD-104838,09-01-2022,West,Office Supplies,Paper,Office Supplies Paper,5226,Regular,4,170.06,0.0215,665.59,199.22,33,Retail
ORD-104839,04-05-2023,North,Furniture,Desk,Furniture Desk,6331,VIP,5,147.97,0.0762,683.5,214.24,39,Wholesale
ORD-104840,05-03-2023,Central,Furniture,Chair,Furniture Chair,1673,New,3,82.55,0.0973,223.55,80.32,59,Online
ORD-104841,23-01-2024,Central,Office Supplies,Ink,Office Supplies Ink,1091,VIP,2,20.28,0.0257,39.52,10.03,33,Retail
ORD-104842,14-08-2022,South,Furniture,Chair,Furniture Chair,2143,Regular,4,75.94,0.0288,295.02,70.62,24,Wholesale
ORD-104843,10-09-2024,South,Electronics,Laptop,Electronics Laptop,2817,Regular,6,95.66,0.1031,514.79,178.3,52,Wholesale
ORD-104844,28-05-2023,Central,Apparel,Shirts,Apparel Shirts,3824,VIP,4,138.94,0.0961,502.34,207.34,49,Online
ORD-104845,20-02-2022,Central,Electronics,Phone,Electronics Phone,2815,Regular,6,198.75,0.0203,1168.35,385.4,35,Online
ORD-104846,24-06-2024,East,Furniture,Lighting,Furniture Lighting,6411,VIP,5,131.64,0.1659,549,109.95,29,Online
ORD-104847,01-01-2022,North,Apparel,Footwear,Apparel Footwear,3213,New,4,177.68,0.113,630.42,164.63,39,Online
ORD-104848,12-07-2022,East,Electronics,Phone,Electronics Phone,3645,New,6,56.62,0.0583,319.9,82.56,54,Wholesale
ORD-104849,15-04-2022,Central,Apparel,Footwear,Apparel Footwear,5509,VIP,6,111.97,0.07,624.8,113.49,32,Retail
ORD-104850,28-05-2022,Central,Electronics,Phone,Electronics Phone,4798,New,5,153.79,0.0478,732.2,193.6,52,Retail
ORD-104851,19-08-2022,East,Electronics,Tablet,Electronics Tablet,3448,At Risk,2,116.92,0.197,187.78,47.07,46,Retail
ORD-104852,08-03-2025,Central,Electronics,Laptop,Electronics Laptop,3342,New,7,206.14,0.0498,1371.12,441.19,47,Wholesale
ORD-104853,27-04-2024,North,Electronics,Laptop,Electronics Laptop,6664,Regular,2,150.69,0.0765,278.33,84.22,65,Wholesale
ORD-104854,09-04-2025,West,Office Supplies,Ink,Office Supplies Ink,6491,VIP,7,59.43,0.1268,363.28,101.74,25,Online
ORD-104855,12-06-2024,Central,Apparel,Accessories,Apparel Accessories,1134,New,7,218.76,0.0388,1471.85,298.82,49,Retail
ORD-104856,04-08-2022,Central,Apparel,Jackets,Apparel Jackets,5644,VIP,4,35.11,0.0658,131.2,34.38,29,Retail
ORD-104857,27-01-2025,West,Apparel,Jackets,Apparel Jackets,5628,At Risk,2,28.14,0.0372,54.19,18.87,63,Wholesale
ORD-104858,23-07-2024,South,Office Supplies,Binders,Office Supplies Binders,5260,At Risk,2,46.38,0.0206,90.85,18.09,34,Wholesale
ORD-104859,26-11-2022,Central,Apparel,Accessories,Apparel Accessories,1362,At Risk,6,210.44,0.1749,1041.8,315.65,34,Wholesale
ORD-104860,18-01-2022,East,Electronics,Accessories,Electronics Accessories,3028,Regular,7,116.36,0.1673,678.28,152.59,36,Wholesale
ORD-104861,12-03-2025,South,Electronics,Tablet,Electronics Tablet,2821,New,1,180.54,0.0296,175.2,40.74,35,Online
ORD-104862,28-03-2023,South,Office Supplies,Binders,Office Supplies Binders,6489,At Risk,3,179.01,0.0426,514.15,116.88,29,Retail
ORD-104863,20-07-2024,South,Furniture,Lighting,Furniture Lighting,2585,Regular,3,47.94,0.0365,138.57,53.55,27,Online
ORD-104864,14-02-2025,East,Apparel,Shirts,Apparel Shirts,1847,At Risk,5,29.79,0.0483,141.75,43.98,47,Online
ORD-104865,27-07-2024,South,Electronics,Accessories,Electronics Accessories,2466,Regular,4,211.04,0.0577,795.47,281.47,56,Wholesale
ORD-104866,26-01-2024,South,Electronics,Tablet,Electronics Tablet,6847,New,6,24.96,0.0129,147.83,43.36,38,Wholesale
ORD-104867,18-09-2023,East,Office Supplies,Paper,Office Supplies Paper,3659,At Risk,5,141.58,0.1649,591.18,111.77,25,Retail
ORD-104868,04-03-2022,South,Office Supplies,Stationery,Office Supplies Stationery,2860,Regular,1,28.16,0.0329,27.23,9.36,48,Wholesale
ORD-104869,30-11-2023,West,Furniture,Chair,Furniture Chair,4141,Regular,5,199.48,0.0497,947.78,189.56,40,Retail
ORD-104870,07-05-2024,Central,Electronics,Phone,Electronics Phone,6197,Regular,4,100.95,0.0939,365.9,95.83,50,Online
ORD-104871,30-12-2024,North,Furniture,Lighting,Furniture Lighting,4019,Regular,6,45.8,0.0229,268.51,70.98,53,Online
ORD-104872,10-11-2023,South,Apparel,Shirts,Apparel Shirts,6554,Regular,3,184.96,0.0186,544.57,144.55,71,Online
ORD-104873,08-01-2022,South,Apparel,Jackets,Apparel Jackets,2574,At Risk,7,67.88,0.0373,457.43,157.9,31,Retail
ORD-104874,16-01-2023,North,Electronics,Tablet,Electronics Tablet,6491,New,1,192.09,0.0098,190.22,39.74,52,Wholesale
ORD-104875,25-05-2024,East,Furniture,Storage,Furniture Storage,1821,Regular,4,75.48,0.0813,277.38,92.22,57,Online
ORD-104876,26-07-2024,South,Office Supplies,Binders,Office Supplies Binders,5898,New,5,201,0.0917,912.87,247.44,52,Retail
ORD-104877,18-02-2023,West,Electronics,Tablet,Electronics Tablet,2050,At Risk,6,127.76,0.0593,721.11,175.85,54,Retail
ORD-104878,26-02-2025,Central,Electronics,Phone,Electronics Phone,3566,New,1,154.53,0.0448,147.61,45.89,30,Wholesale
ORD-104879,19-07-2022,West,Electronics,Tablet,Electronics Tablet,2877,New,4,60.72,0.0166,238.85,90.97,48,Retail
ORD-104880,13-01-2022,North,Furniture,Desk,Furniture Desk,4613,VIP,2,45.16,0.0155,88.92,32.62,71,Online
ORD-104881,22-11-2022,South,Apparel,Jackets,Apparel Jackets,6525,Regular,3,53.69,0.0804,148.11,32.34,26,Online
ORD-104882,11-11-2022,South,Electronics,Accessories,Electronics Accessories,5462,Regular,1,29.59,0.1366,25.55,9.66,43,Online
ORD-104883,14-05-2024,West,Electronics,Phone,Electronics Phone,2482,New,7,189.83,0.0925,1205.85,242.38,23,Wholesale
ORD-104884,07-09-2023,West,Furniture,Chair,Furniture Chair,1895,New,7,40.43,0.0255,275.78,93.65,69,Retail
ORD-104885,26-09-2022,East,Electronics,Tablet,Electronics Tablet,2772,New,1,91.25,0.0581,85.95,15.95,68,Retail
ORD-104886,02-07-2024,South,Apparel,Shirts,Apparel Shirts,4291,Regular,4,216.39,0.0224,846.15,191.86,57,Retail
ORD-104887,16-07-2023,East,Furniture,Storage,Furniture Storage,5759,New,7,56.86,0.0264,387.53,107.53,33,Retail
ORD-104888,05-06-2024,East,Electronics,Tablet,Electronics Tablet,1559,Regular,1,121.92,0.054,115.34,21.43,31,Retail
ORD-104889,26-09-2023,West,Office Supplies,Ink,Office Supplies Ink,2009,New,3,173.87,0.0449,498.18,119.03,28,Online
ORD-104890,14-02-2024,Central,Furniture,Chair,Furniture Chair,5487,New,2,28.39,0.0593,53.41,12.97,50,Retail
ORD-104891,01-01-2022,Central,Electronics,Laptop,Electronics Laptop,4260,Regular,7,184.23,0.1234,1130.43,425.04,62,Online
ORD-104892,26-01-2022,East,Furniture,Storage,Furniture Storage,4907,Regular,1,70.41,0.0317,68.18,23.81,39,Online
ORD-104893,09-12-2022,West,Electronics,Phone,Electronics Phone,2354,Regular,6,87.45,0.0528,496.99,112.51,26,Wholesale
ORD-104894,13-10-2022,North,Office Supplies,Binders,Office Supplies Binders,3072,Regular,6,107.03,0.0165,631.56,232.97,71,Retail
ORD-104895,15-07-2024,North,Furniture,Storage,Furniture Storage,4505,New,6,210.39,0.1394,1086.33,338.14,33,Retail
ORD-104896,02-06-2022,West,Electronics,Accessories,Electronics Accessories,2085,Regular,1,103.83,0.0793,95.6,38.47,53,Retail
ORD-104897,11-03-2024,North,Electronics,Phone,Electronics Phone,5615,At Risk,3,159.4,0.0823,438.85,149.72,62,Retail
ORD-104898,28-10-2022,West,Furniture,Storage,Furniture Storage,4239,Regular,4,185.25,0.0741,686.12,173.24,68,Wholesale
ORD-104899,04-04-2022,East,Office Supplies,Stationery,Office Supplies Stationery,6086,Regular,7,32.04,0.1151,198.47,42.5,63,Online
ORD-104900,07-01-2022,North,Electronics,Tablet,Electronics Tablet,1806,Regular,4,38.67,0.0355,149.2,58.52,36,Online
ORD-104901,09-05-2023,South,Apparel,Shirts,Apparel Shirts,2407,At Risk,3,209.55,0.0492,597.74,127.97,61,Retail
ORD-104902,27-04-2023,Central,Office Supplies,Paper,Office Supplies Paper,2967,Regular,6,52.21,0.0167,308.03,109.87,59,Wholesale
ORD-104903,07-08-2022,South,Furniture,Chair,Furniture Chair,3099,New,6,204.19,0.091,1113.62,317.49,51,Online
ORD-104904,15-11-2023,South,Office Supplies,Stationery,Office Supplies Stationery,6512,New,7,177.1,0.0782,1142.74,239.48,47,Online
ORD-104905,04-07-2022,East,Electronics,Tablet,Electronics Tablet,6196,Regular,3,217.57,0.0106,645.77,247.57,22,Wholesale
ORD-104906,12-07-2023,East,Apparel,Accessories,Apparel Accessories,3214,VIP,5,160.2,0.058,754.53,298.28,46,Online
ORD-104907,29-01-2025,Central,Apparel,Footwear,Apparel Footwear,3335,New,3,181.65,0.0559,514.51,103.47,29,Online
ORD-104908,15-03-2025,West,Electronics,Accessories,Electronics Accessories,1777,New,3,181.43,0.0649,508.96,210.52,67,Wholesale
ORD-104909,08-07-2023,Central,Furniture,Lighting,Furniture Lighting,5948,VIP,7,44.4,0.1221,272.87,82.33,24,Wholesale
ORD-104910,02-09-2024,Central,Office Supplies,Paper,Office Supplies Paper,5214,At Risk,5,29.38,0.0257,143.13,43.38,71,Online
ORD-104911,17-08-2022,West,Office Supplies,Ink,Office Supplies Ink,5182,At Risk,3,20.75,0.0833,57.07,21.47,56,Wholesale
ORD-104912,18-03-2023,North,Apparel,Jackets,Apparel Jackets,3055,New,1,37.32,0.0441,35.67,11.71,32,Wholesale
ORD-104913,16-05-2023,South,Apparel,Footwear,Apparel Footwear,6730,At Risk,5,191.22,0.1744,789.37,200.35,45,Wholesale
ORD-104914,11-08-2023,South,Office Supplies,Stationery,Office Supplies Stationery,3329,VIP,3,41.24,0.0496,117.59,32.23,39,Wholesale
ORD-104915,10-08-2024,Central,Electronics,Laptop,Electronics Laptop,2586,Regular,1,195.06,0.1052,174.54,59.5,56,Wholesale
ORD-104916,16-06-2024,East,Electronics,Accessories,Electronics Accessories,5310,Regular,1,193.49,0.0127,191.02,69.44,45,Wholesale
ORD-104917,22-08-2023,East,Electronics,Phone,Electronics Phone,5497,New,4,106.4,0.0437,406.99,125.58,22,Wholesale
ORD-104918,26-05-2024,South,Office Supplies,Binders,Office Supplies Binders,4851,New,6,97.15,0.0649,545.04,118.71,46,Wholesale
ORD-104919,18-05-2023,Central,Apparel,Jackets,Apparel Jackets,1882,VIP,7,65.61,0.0358,442.85,97.66,69,Online
ORD-104920,28-09-2023,North,Office Supplies,Ink,Office Supplies Ink,5097,Regular,6,103.75,0.0149,613.21,182.79,65,Retail
ORD-104921,21-02-2025,South,Office Supplies,Stationery,Office Supplies Stationery,2051,New,6,181.06,0.0222,1062.27,392.55,45,Wholesale
ORD-104922,28-02-2023,East,Electronics,Accessories,Electronics Accessories,5978,New,3,73.66,0.0915,200.76,41.68,64,Wholesale
ORD-104923,19-02-2025,North,Electronics,Tablet,Electronics Tablet,2209,At Risk,4,88.01,0.0053,350.18,104.12,41,Online
ORD-104924,05-04-2025,Central,Furniture,Chair,Furniture Chair,3482,At Risk,1,64.66,0.0319,62.6,21.2,57,Retail
ORD-104925,07-04-2024,West,Office Supplies,Binders,Office Supplies Binders,5173,Regular,3,198.04,0.0794,546.92,142.47,35,Retail
ORD-104926,17-01-2025,South,Electronics,Tablet,Electronics Tablet,1748,Regular,3,101.27,0.0313,294.31,80.39,25,Wholesale
ORD-104927,04-03-2024,North,Furniture,Desk,Furniture Desk,3626,Regular,6,57.7,0.1272,302.15,103.79,41,Online
ORD-104928,18-05-2024,East,Electronics,Phone,Electronics Phone,2492,New,5,101.26,0.1604,425.08,175.7,50,Wholesale
ORD-104929,10-08-2024,South,Electronics,Tablet,Electronics Tablet,1171,Regular,2,153.51,0.1231,269.24,84.55,68,Wholesale
ORD-104930,21-09-2022,West,Electronics,Laptop,Electronics Laptop,6290,At Risk,5,203.13,0.0261,989.1,286.38,35,Wholesale
ORD-104931,23-02-2025,East,Furniture,Lighting,Furniture Lighting,6504,At Risk,7,91.44,0.0761,591.38,195.46,24,Wholesale
ORD-104932,10-06-2023,North,Apparel,Accessories,Apparel Accessories,4087,Regular,1,202.33,0.0461,193.01,52.26,43,Wholesale
ORD-104933,23-11-2024,West,Apparel,Accessories,Apparel Accessories,6585,Regular,4,95.38,0.0578,359.48,110.94,23,Wholesale
ORD-104934,14-04-2022,Central,Electronics,Laptop,Electronics Laptop,5987,At Risk,3,20.13,0.0986,54.44,13.06,40,Retail
ORD-104935,05-01-2023,West,Furniture,Lighting,Furniture Lighting,1582,New,2,138.6,0.1318,240.67,72.7,48,Wholesale
ORD-104936,22-03-2023,South,Furniture,Desk,Furniture Desk,3741,Regular,6,20.15,0.0261,117.75,33.64,29,Retail
ORD-104937,16-11-2024,North,Electronics,Accessories,Electronics Accessories,6254,New,5,218.16,0.0159,1073.43,443.72,27,Retail
ORD-104938,12-07-2024,Central,Apparel,Shirts,Apparel Shirts,6485,Regular,6,113.65,0.0387,655.52,192.82,48,Online
ORD-104939,27-02-2023,South,Electronics,Laptop,Electronics Laptop,1943,Regular,6,52.6,0.0922,286.5,97.04,36,Retail
ORD-104940,21-09-2024,East,Office Supplies,Ink,Office Supplies Ink,2728,Regular,4,176.03,0.0644,658.75,240.67,59,Wholesale
ORD-104941,18-05-2022,South,Apparel,Footwear,Apparel Footwear,3942,New,7,130.42,0.1502,775.79,222.99,47,Online
ORD-104942,07-12-2023,North,Furniture,Desk,Furniture Desk,2263,Regular,1,99.32,0.0548,93.88,24.06,62,Wholesale
ORD-104943,18-12-2024,East,Apparel,Footwear,Apparel Footwear,4142,Regular,5,158.28,0.1085,705.54,264.5,71,Retail
ORD-104944,19-03-2023,South,Office Supplies,Binders,Office Supplies Binders,4833,Regular,3,135.7,0.0684,379.27,104.18,23,Online
ORD-104945,10-07-2024,West,Electronics,Phone,Electronics Phone,3284,New,5,111.16,0.0625,521.09,172.47,67,Retail
ORD-104946,27-06-2023,North,Office Supplies,Stationery,Office Supplies Stationery,3078,At Risk,2,50.6,0.007,100.5,22.88,60,Wholesale
ORD-104947,29-10-2023,West,Furniture,Chair,Furniture Chair,1389,VIP,3,102.79,0.031,298.81,95.59,49,Retail
ORD-104948,23-12-2024,Central,Apparel,Accessories,Apparel Accessories,5865,New,1,53.73,0.0734,49.78,11.84,65,Wholesale
ORD-104949,28-08-2022,Central,Furniture,Storage,Furniture Storage,4639,New,6,156.58,0.1022,843.43,158.56,59,Online
ORD-104950,23-07-2024,North,Furniture,Lighting,Furniture Lighting,1274,Regular,4,199.01,0.0724,738.39,274.94,47,Retail
ORD-104951,12-09-2023,Central,Apparel,Jackets,Apparel Jackets,6041,VIP,3,87.48,0.0269,255.39,74.9,55,Wholesale
ORD-104952,23-03-2022,Central,Furniture,Chair,Furniture Chair,6700,New,5,161.43,0.1198,710.46,258.67,67,Retail
ORD-104953,02-10-2023,South,Furniture,Lighting,Furniture Lighting,1347,VIP,5,114.72,0.0355,553.23,223.03,49,Online
ORD-104954,25-04-2024,South,Electronics,Tablet,Electronics Tablet,4326,Regular,5,106.15,0.0336,512.93,118.06,50,Wholesale
ORD-104955,02-11-2023,South,Office Supplies,Ink,Office Supplies Ink,2331,VIP,6,131.6,0.0618,740.84,176.7,39,Retail
ORD-104956,16-10-2023,East,Electronics,Accessories,Electronics Accessories,1048,VIP,7,197.45,0.029,1342.03,342.56,26,Retail
ORD-104957,05-02-2024,West,Office Supplies,Paper,Office Supplies Paper,6142,VIP,7,141.33,0.0646,925.44,334.06,53,Retail
ORD-104958,15-03-2025,North,Office Supplies,Binders,Office Supplies Binders,2285,Regular,2,213.8,0.0793,393.71,87.64,52,Online
ORD-104959,09-11-2023,East,Electronics,Accessories,Electronics Accessories,2547,New,5,23.03,0.1802,94.4,38.68,34,Wholesale
ORD-104960,25-03-2025,Central,Furniture,Lighting,Furniture Lighting,1250,Regular,3,135.08,0.1016,364.08,134.28,71,Online
ORD-104961,30-07-2023,West,Office Supplies,Stationery,Office Supplies Stationery,3501,New,3,191.44,0.0408,550.89,199.45,37,Wholesale
ORD-104962,06-04-2022,North,Apparel,Accessories,Apparel Accessories,5751,At Risk,5,20.67,0.0764,95.46,33.91,42,Online
ORD-104963,29-03-2022,North,Apparel,Jackets,Apparel Jackets,1791,New,2,96.91,0.1147,171.58,53.91,23,Retail
ORD-104964,20-03-2025,North,Furniture,Desk,Furniture Desk,1933,New,5,118.47,0.1019,532.02,178.17,43,Online
ORD-104965,07-03-2023,South,Apparel,Accessories,Apparel Accessories,1118,New,2,81.76,0.0507,155.23,46.31,34,Online
ORD-104966,07-03-2025,East,Furniture,Storage,Furniture Storage,5757,Regular,1,44.83,0.0431,42.9,17.28,59,Online
ORD-104967,05-11-2024,West,Electronics,Accessories,Electronics Accessories,3154,New,7,36.64,0.0535,242.76,68.01,46,Retail
ORD-104968,21-05-2024,West,Office Supplies,Stationery,Office Supplies Stationery,3627,New,1,188.75,0.0641,176.66,37.44,23,Online
ORD-104969,29-03-2024,Central,Electronics,Laptop,Electronics Laptop,6714,New,5,151.8,0.0964,685.81,249.84,49,Online
ORD-104970,05-02-2022,Central,Apparel,Jackets,Apparel Jackets,3333,Regular,1,142.31,0.0295,138.11,37.52,44,Wholesale
ORD-104971,14-07-2022,South,Apparel,Jackets,Apparel Jackets,6537,New,6,136.97,0.0149,809.59,183.24,22,Retail
ORD-104972,19-12-2023,North,Electronics,Tablet,Electronics Tablet,5169,Regular,5,24.57,0.0581,115.71,41.12,70,Retail
ORD-104973,24-06-2024,Central,Furniture,Desk,Furniture Desk,3721,Regular,5,192.16,0.0346,927.56,236.38,62,Wholesale
ORD-104974,12-10-2024,North,Furniture,Lighting,Furniture Lighting,2395,VIP,3,149.38,0.0143,441.74,98.44,50,Retail
ORD-104975,08-01-2023,East,Apparel,Jackets,Apparel Jackets,4579,New,1,46.27,0.0552,43.71,11.36,25,Wholesale
ORD-104976,30-03-2025,Central,Office Supplies,Paper,Office Supplies Paper,1128,VIP,5,49.78,0.0509,236.22,82.09,31,Online
ORD-104977,08-01-2023,Central,Office Supplies,Ink,Office Supplies Ink,3969,New,7,216.15,0.0471,1441.84,270.38,46,Wholesale
ORD-104978,04-10-2023,Central,Electronics,Tablet,Electronics Tablet,5741,New,4,23.49,0.1065,83.96,18.97,61,Online
ORD-104979,18-09-2022,South,Office Supplies,Stationery,Office Supplies Stationery,2390,New,3,66.9,0.0321,194.25,47.45,28,Wholesale
ORD-104980,22-10-2024,East,Furniture,Lighting,Furniture Lighting,3973,At Risk,3,205.7,0.0715,572.95,184.5,61,Wholesale
ORD-104981,04-10-2023,Central,Apparel,Accessories,Apparel Accessories,4619,VIP,7,103.98,0.0266,708.5,148.98,26,Wholesale
ORD-104982,09-04-2022,West,Office Supplies,Paper,Office Supplies Paper,4299,VIP,5,166.97,0.1458,713.11,217.16,50,Retail
ORD-104983,25-08-2022,Central,Apparel,Shirts,Apparel Shirts,2994,Regular,6,53.02,0.0942,288.15,81.17,21,Wholesale
ORD-104984,25-03-2022,West,Office Supplies,Binders,Office Supplies Binders,4517,New,2,65.1,0.0203,127.56,40.63,66,Online
ORD-104985,11-12-2024,Central,Office Supplies,Ink,Office Supplies Ink,5391,New,2,192.55,0.099,346.99,97.84,33,Retail
ORD-104986,02-01-2024,North,Office Supplies,Binders,Office Supplies Binders,3252,Regular,1,115.98,0.1573,97.74,32.92,49,Wholesale
ORD-104987,22-04-2022,North,Electronics,Accessories,Electronics Accessories,3835,Regular,6,162.2,0.0739,901.33,377.41,33,Online
ORD-104988,11-12-2024,Central,Electronics,Laptop,Electronics Laptop,5318,New,6,97.47,0.0125,577.51,106.13,70,Online
ORD-104989,10-03-2024,East,Furniture,Storage,Furniture Storage,3097,New,2,93.05,0.0417,178.33,41.58,61,Retail
ORD-104990,19-11-2022,East,Office Supplies,Paper,Office Supplies Paper,6843,VIP,2,146.27,0.0485,278.36,101.81,25,Retail
ORD-104991,29-12-2023,West,Office Supplies,Paper,Office Supplies Paper,5247,New,2,185.14,0.1069,330.71,134.11,66,Wholesale
ORD-104992,07-01-2023,East,Electronics,Laptop,Electronics Laptop,5009,At Risk,1,84.94,0.1018,76.29,17.25,25,Online
ORD-104993,14-02-2024,North,Electronics,Tablet,Electronics Tablet,4951,VIP,5,82.83,0.1302,360.23,81.48,52,Wholesale
ORD-104994,20-08-2024,East,Electronics,Accessories,Electronics Accessories,1588,Regular,5,32.28,0.1146,142.91,55,56,Wholesale
ORD-104995,19-02-2025,North,Electronics,Laptop,Electronics Laptop,3451,Regular,5,173.29,0.0195,849.59,259.85,70,Wholesale
ORD-104996,06-06-2022,West,Apparel,Accessories,Apparel Accessories,2760,Regular,7,207.04,0.0362,1396.77,261.86,69,Wholesale
ORD-104997,19-09-2023,South,Electronics,Accessories,Electronics Accessories,4791,New,5,76.72,0.1585,322.78,118.31,57,Retail
ORD-104998,16-07-2023,North,Furniture,Lighting,Furniture Lighting,6148,Regular,1,34.75,0.0446,33.2,6.32,44,Wholesale
ORD-104999,07-05-2024,Central,Apparel,Shirts,Apparel Shirts,2400,Regular,3,211.67,0.1229,557,111.05,56,Online
